build,operation,profile,nominal_size,input_bytes,utf16_units,utf32_units,implementation,sample_count,median_ns,min_ns,max_ns,simdutf_speedup_vs_implementation,normal_baseline,normal_speedup,strongest_standard_baseline,strongest_standard_speedup,per_run_medians_ns,per_run_speedups
default,String->UTF16,ASCII,0,0,0,0,simdutf,22,27.120189580446628,26.462669386347105,48.76914006425593,1.0,swift-array,0.2525862689742742,swift-temporary,0.07779488390896619,"{""default-run1"": 27.56867181625538, ""default-run2"": 27.03057390756586}","{""default-run1"": 1.0, ""default-run2"": 1.0}"
default,String->UTF16,ASCII,0,0,0,0,swift-array,22,6.8501875000000005,6.72625,11.376959,0.2525862689742742,swift-array,0.2525862689742742,swift-temporary,0.07779488390896619,"{""default-run1"": 6.867458, ""default-run2"": 6.836459}","{""default-run1"": 0.249103694431544, ""default-run2"": 0.25291579170231654}"
default,String->UTF16,ASCII,0,0,0,0,swift-span,22,4.5202705000000005,4.327875,4.664917,0.1666754757223035,swift-array,0.2525862689742742,swift-temporary,0.07779488390896619,"{""default-run1"": 4.497375, ""default-run2"": 4.529834}","{""default-run1"": 0.16313353903934544, ""default-run2"": 0.16758186546428078}"
default,String->UTF16,ASCII,0,0,0,0,swift-temporary,22,2.109812,2.022875,4.952416,0.07779488390896619,swift-array,0.2525862689742742,swift-temporary,0.07779488390896619,"{""default-run1"": 2.115667, ""default-run2"": 2.088833}","{""default-run1"": 0.07674170936129518, ""default-run2"": 0.0772766796274102}"
default,String->UTF16,ASCII,0,0,0,0,swift-transcode,22,5.147021,5.003333,5.367625,0.1897855833467679,swift-array,0.2525862689742742,swift-temporary,0.07779488390896619,"{""default-run1"": 5.160625, ""default-run2"": 5.1465}","{""default-run1"": 0.18719164399342328, ""default-run2"": 0.19039551352476072}"
default,String->UTF16,ASCII,7,7,7,7,simdutf,22,44.241406857913574,41.58756030502671,45.18770555584375,1.0,swift-array,1.4546997123874166,swift-transcode,0.3471097912713217,"{""default-run1"": 43.99888986875551, ""default-run2"": 44.3097058670955}","{""default-run1"": 1.0, ""default-run2"": 1.0}"
default,String->UTF16,ASCII,7,7,7,7,swift-array,22,64.35796183182156,61.17285522369408,67.90033484037218,1.4546997123874166,swift-array,1.4546997123874166,swift-transcode,0.3471097912713217,"{""default-run1"": 66.85266252102396, ""default-run2"": 63.477294738815296}","{""default-run1"": 1.5194170289395725, ""default-run2"": 1.4325821735132234}"
default,String->UTF16,ASCII,7,7,7,7,swift-span,22,24.508011508011506,23.204831873555385,24.827931077931076,0.5539609440251716,swift-array,1.4546997123874166,swift-transcode,0.3471097912713217,"{""default-run1"": 24.323153325372463, ""default-run2"": 24.730585480585482}","{""default-run1"": 0.55281288682342, ""default-run2"": 0.5581302109015008}"
default,String->UTF16,ASCII,7,7,7,7,swift-temporary,22,21.53633919359713,21.005283616619945,22.209936398439943,0.4867914635437247,swift-array,1.4546997123874166,swift-transcode,0.3471097912713217,"{""default-run1"": 21.368151044736344, ""default-run2"": 21.607334535260584}","{""default-run1"": 0.4856520495966034, ""default-run2"": 0.48764337547332365}"
default,String->UTF16,ASCII,7,7,7,7,swift-transcode,22,15.3566255,14.886542,16.03447434266409,0.3471097912713217,swift-array,1.4546997123874166,swift-transcode,0.3471097912713217,"{""default-run1"": 15.089833, ""default-run2"": 15.480367362469684}","{""default-run1"": 0.34295940295338206, ""default-run2"": 0.34936741419367995}"
default,String->UTF16,ASCII,16,16,16,16,simdutf,22,43.33769608769609,41.34138159138159,45.86360486360486,1.0,swift-array,1.9542653860421784,swift-transcode,0.6605052750578422,"{""default-run1"": 42.18138768138768, ""default-run2"": 43.51903651903652}","{""default-run1"": 1.0, ""default-run2"": 1.0}"
default,String->UTF16,ASCII,16,16,16,16,swift-array,22,84.693359375,79.5625,87.497390625,1.9542653860421784,swift-array,1.9542653860421784,swift-transcode,0.6605052750578422,"{""default-run1"": 84.783203125, ""default-run2"": 84.603515625}","{""default-run1"": 2.009967139189452, ""default-run2"": 1.9440576444745488}"
default,String->UTF16,ASCII,16,16,16,16,swift-span,22,40.58866471366471,38.67547617547618,42.334294084294086,0.9365672007928486,swift-array,1.9542653860421784,swift-transcode,0.6605052750578422,"{""default-run1"": 39.73248073248073, ""default-run2"": 41.38403788403789}","{""default-run1"": 0.9419434237819654, ""default-run2"": 0.9509410408462348}"
default,String->UTF16,ASCII,16,16,16,16,swift-temporary,22,44.385267706626536,42.12576645743632,46.560001230005994,1.0241722960263193,swift-array,1.9542653860421784,swift-transcode,0.6605052750578422,"{""default-run1"": 42.62463038854594, ""default-run2"": 45.227704860061195}","{""default-run1"": 1.0105080162489257, ""default-run2"": 1.0392625498562509}"
default,String->UTF16,ASCII,16,16,16,16,swift-transcode,22,28.624776874776877,27.70711795711796,29.986717486717488,0.6605052750578422,swift-array,1.9542653860421784,swift-transcode,0.6605052750578422,"{""default-run1"": 28.25925050925051, ""default-run2"": 29.06972006972007}","{""default-run1"": 0.6699459658061405, ""default-run2"": 0.6679771059959958}"
default,String->UTF16,ASCII,128,128,128,128,simdutf,22,68.24247614593105,65.35421486745862,69.81895523162318,1.0,swift-array,4.713273005686692,swift-transcode,2.529456921529701,"{""default-run1"": 68.28257508948488, ""default-run2"": 68.2023772023772}","{""default-run1"": 1.0, ""default-run2"": 1.0}"
default,String->UTF16,ASCII,128,128,128,128,swift-array,22,321.6454206598348,312.4853513336146,624.5292738949046,4.713273005686692,swift-array,4.713273005686692,swift-transcode,2.529456921529701,"{""default-run1"": 322.4718511226738, ""default-run2"": 320.3234264731195}","{""default-run1"": 4.722608230578179, ""default-run2"": 4.696660726687318}"
default,String->UTF16,ASCII,128,128,128,128,swift-span,22,298.03368982005327,289.3367521991459,308.85224659634264,4.367275436822254,swift-array,4.713273005686692,swift-transcode,2.529456921529701,"{""default-run1"": 298.18804978647296, ""default-run2"": 297.87932985363364}","{""default-run1"": 4.366971359760452, ""default-run2"": 4.367579871442531}"
default,String->UTF16,ASCII,128,128,128,128,swift-temporary,22,280.39678604723133,273.15187794284043,294.02244771325326,4.108830773485202,swift-array,4.713273005686692,swift-transcode,2.529456921529701,"{""default-run1"": 278.16155053473005, ""default-run2"": 281.5222693972694}","{""default-run1"": 4.073682783201967, ""default-run2"": 4.127748634947242}"
default,String->UTF16,ASCII,128,128,128,128,swift-transcode,22,172.61640362965082,165.4749746496451,180.67109539533553,2.529456921529701,swift-array,4.713273005686692,swift-transcode,2.529456921529701,"{""default-run1"": 172.4907568705962, ""default-run2"": 174.21252971758497}","{""default-run1"": 2.5261313980110685, ""default-run2"": 2.5543468844296053}"
default,String->UTF16,ASCII,1024,1024,1024,1024,simdutf,22,115.77199221715499,111.30403125,121.8593845319596,1.0,swift-array,19.195866407020045,swift-transcode,11.013050092030932,"{""default-run1"": 113.182296875, ""default-run2"": 119.00687995661899}","{""default-run1"": 1.0, ""default-run2"": 1.0}"
default,String->UTF16,ASCII,1024,1024,1024,1024,swift-array,22,2222.3436962750716,2132.394527098831,2320.9289398280803,19.195866407020045,swift-array,19.195866407020045,swift-transcode,11.013050092030932,"{""default-run1"": 2179.75132837407, ""default-run2"": 2246.728653295129}","{""default-run1"": 19.258765624640183, ""default-run2"": 18.878981232968364}"
default,String->UTF16,ASCII,1024,1024,1024,1024,swift-span,22,2326.0971128608926,2210.771460115926,2399.9585885097695,20.09205394425452,swift-array,19.195866407020045,swift-transcode,11.013050092030932,"{""default-run1"": 2249.171956941761, ""default-run2"": 2380.1764362787985}","{""default-run1"": 19.872117981717366, ""default-run2"": 20.000326343707464}"
default,String->UTF16,ASCII,1024,1024,1024,1024,swift-temporary,22,2206.0835004296764,2150.0948252506096,2278.083930105987,19.055416238253013,swift-array,19.195866407020045,swift-transcode,11.013050092030932,"{""default-run1"": 2164.43131942563, ""default-run2"": 2246.6582641077057}","{""default-run1"": 19.123408688339804, ""default-run2"": 18.87838976138749}"
default,String->UTF16,ASCII,1024,1024,1024,1024,swift-transcode,22,1275.002749541743,1234.6156750226517,1323.710048325279,11.013050092030932,swift-array,19.195866407020045,swift-transcode,11.013050092030932,"{""default-run1"": 1273.2307459981878, ""default-run2"": 1298.7558740209965}","{""default-run1"": 11.24938069956612, ""default-run2"": 10.91328395883016}"
default,String->UTF16,ASCII,16384,16384,16384,16384,simdutf,22,784.5885473638153,679.1593743163421,957.4764821702034,1.0,swift-array,45.11683872727176,swift-transcode,25.38462644537885,"{""default-run1"": 771.3756289652155, ""default-run2"": 820.734375}","{""default-run1"": 1.0, ""default-run2"": 1.0}"
default,String->UTF16,ASCII,16384,16384,16384,16384,swift-array,22,35398.15495867768,34102.04,36037.40888888889,45.11683872727176,swift-array,45.11683872727176,swift-transcode,25.38462644537885,"{""default-run1"": 35397.38016528926, ""default-run2"": 35539.444444444445}","{""default-run1"": 45.888642103943724, ""default-run2"": 43.302005529431426}"
default,String->UTF16,ASCII,16384,16384,16384,16384,swift-span,22,37141.28537894031,35270.380952380954,38822.76995305164,47.338551529631005,swift-array,45.11683872727176,swift-transcode,25.38462644537885,"{""default-run1"": 36239.54112554112, ""default-run2"": 37481.0234741784}","{""default-run1"": 46.98040716447799, ""default-run2"": 45.66766619733504}"
default,String->UTF16,ASCII,16384,16384,16384,16384,swift-temporary,22,34705.85319148936,32856.34328358209,36449.62686567164,44.23446315664379,swift-array,45.11683872727176,swift-transcode,25.38462644537885,"{""default-run1"": 34423.09452736318, ""default-run2"": 35103.902127659574}","{""default-run1"": 44.62559255798767, ""default-run2"": 42.77133162316928}"
default,String->UTF16,ASCII,16384,16384,16384,16384,swift-transcode,22,19916.48718815288,19150.485436893203,20677.637974683545,25.38462644537885,swift-array,45.11683872727176,swift-transcode,25.38462644537885,"{""default-run1"": 19649.8786407767, ""default-run2"": 20298.94683544304}","{""default-run1"": 25.473813150068803, ""default-run2"": 24.73266315358491}"
default,String->UTF16,ASCII,262144,262144,262144,262144,simdutf,22,13493.629752066116,13016.838351822504,14210.950413223141,1.0,swift-array,41.20198167058479,swift-transcode,23.561356112105628,"{""default-run1"": 13274.234548335975, ""default-run2"": 13813.223140495867}","{""default-run1"": 1.0, ""default-run2"": 1.0}"
default,String->UTF16,ASCII,262144,262144,262144,262144,swift-array,22,555964.2857142857,546583.3571428572,577038.7142857143,41.20198167058479,swift-array,41.20198167058479,swift-transcode,23.561356112105628,"{""default-run1"": 551791.6428571428, ""default-run2"": 563291.7142857143}","{""default-run1"": 41.568622344880445, ""default-run2"": 40.779165626762854}"
default,String->UTF16,ASCII,262144,262144,262144,262144,swift-span,22,582690.3044871795,565647.3846153846,612437.5,43.182621369758515,swift-array,41.20198167058479,swift-transcode,23.561356112105628,"{""default-run1"": 578810.8461538461, ""default-run2"": 592381.9166666666}","{""default-run1"": 43.60408459306638, ""default-run2"": 42.88513337122572}"
default,String->UTF16,ASCII,262144,262144,262144,262144,swift-temporary,22,556132.4285714285,533422.6428571428,574092.2857142857,41.21444257697042,swift-array,41.20198167058479,swift-transcode,23.561356112105628,"{""default-run1"": 550315.4285714285, ""default-run2"": 566110.1428571428}","{""default-run1"": 41.45741334971474, ""default-run2"": 40.98320407186448}"
default,String->UTF16,ASCII,262144,262144,262144,262144,swift-transcode,22,317928.2158333333,300807.2916666667,327218.32,23.561356112105628,swift-array,41.20198167058479,swift-transcode,23.561356112105628,"{""default-run1"": 311869.7916666667, ""default-run2"": 320185.0}","{""default-run1"": 23.494371033677563, ""default-run2"": 23.17960093334929}"
default,String->UTF16,ASCII,1048576,1048576,1048576,1048576,simdutf,22,53657.50952620967,51188.15625,73656.9935483871,1.0,swift-array,41.556003742169544,swift-transcode,23.780712981284545,"{""default-run1"": 53382.8125, ""default-run2"": 53971.23870967742}","{""default-run1"": 1.0, ""default-run2"": 1.0}"
default,String->UTF16,ASCII,1048576,1048576,1048576,1048576,swift-array,22,2229791.666666667,2166847.3333333335,2456069.6666666665,41.556003742169544,swift-array,41.556003742169544,swift-transcode,23.780712981284545,"{""default-run1"": 2222250.0, ""default-run2"": 2237333.3333333335}","{""default-run1"": 41.62856724718279, ""default-run2"": 41.45417794407902}"
default,String->UTF16,ASCII,1048576,1048576,1048576,1048576,swift-span,22,2365229.3333333335,2290319.3333333335,2449305.6666666665,44.08011766140596,swift-array,41.556003742169544,swift-transcode,23.780712981284545,"{""default-run1"": 2357916.6666666665, ""default-run2"": 2369819.3333333335}","{""default-run1"": 44.16995951022001, ""default-run2"": 43.908929829850436}"
default,String->UTF16,ASCII,1048576,1048576,1048576,1048576,swift-temporary,22,2246062.6666666665,2109027.6666666665,4671958.333333333,41.85924181907007,swift-array,41.556003742169544,swift-transcode,23.780712981284545,"{""default-run1"": 2215847.3333333335, ""default-run2"": 2250319.6666666665}","{""default-run1"": 41.50862851846432, ""default-run2"": 41.69479375434769}"
default,String->UTF16,ASCII,1048576,1048576,1048576,1048576,swift-transcode,22,1276013.8333333335,1236965.1666666667,1430743.0,23.780712981284545,swift-array,41.556003742169544,swift-transcode,23.780712981284545,"{""default-run1"": 1274479.1666666667, ""default-run2"": 1290416.6666666667}","{""default-run1"": 23.8743353334309, ""default-run2"": 23.909339446665065}"
default,String->UTF16,CJK,0,0,0,0,simdutf,22,27.69781087022386,26.446686196686198,54.55508930454332,1.0,swift-array,0.2520047173657225,swift-temporary,0.07727370621556641,"{""default-run1"": 27.8682789261294, ""default-run2"": 27.2002772002772}","{""default-run1"": 1.0, ""default-run2"": 1.0}"
default,String->UTF16,CJK,0,0,0,0,swift-array,22,6.979979,6.798,13.652541,0.2520047173657225,swift-array,0.2520047173657225,swift-temporary,0.07727370621556641,"{""default-run1"": 6.9855, ""default-run2"": 6.971541}","{""default-run1"": 0.2506613350080392, ""default-run2"": 0.2563040423694268}"
default,String->UTF16,CJK,0,0,0,0,swift-span,22,4.591042,4.43475,4.71025,0.16575468803332521,swift-array,0.2520047173657225,swift-temporary,0.07727370621556641,"{""default-run1"": 4.585542, ""default-run2"": 4.599}","{""default-run1"": 0.1645434227264239, ""default-run2"": 0.1690791592356688}"
default,String->UTF16,CJK,0,0,0,0,swift-temporary,22,2.1403125000000003,2.049041,2.214584,0.07727370621556641,swift-array,0.2520047173657225,swift-temporary,0.07727370621556641,"{""default-run1"": 2.131791, ""default-run2"": 2.148333}","{""default-run1"": 0.07649525130887165, ""default-run2"": 0.07898202596178344}"
default,String->UTF16,CJK,0,0,0,0,swift-transcode,22,5.1565625,5.006625,5.394917,0.18617220415579808,swift-array,0.2520047173657225,swift-temporary,0.07727370621556641,"{""default-run1"": 5.1875, ""default-run2"": 5.137459}","{""default-run1"": 0.186143536662258, ""default-run2"": 0.18887524425477706}"
default,String->UTF16,CJK,7,21,7,7,simdutf,22,45.38876554077232,44.248917,47.41132077647289,1.0,swift-array,1.625907248357224,swift-span,0.6980325442998409,"{""default-run1"": 45.012792, ""default-run2"": 46.16889496168947}","{""default-run1"": 1.0, ""default-run2"": 1.0}"
default,String->UTF16,CJK,7,21,7,7,swift-array,22,73.79792288672832,71.37737199771749,146.6977122996317,1.625907248357224,swift-array,1.625907248357224,swift-span,0.6980325442998409,"{""default-run1"": 76.37418053454363, ""default-run2"": 73.42341650671786}","{""default-run1"": 1.6967216904595395, ""default-run2"": 1.5903221545077904}"
default,String->UTF16,CJK,7,21,7,7,swift-span,22,31.68283549305424,30.22001197001197,37.544921875,0.6980325442998409,swift-array,1.625907248357224,swift-span,0.6980325442998409,"{""default-run1"": 31.065429502929504, ""default-run2"": 32.875}","{""default-run1"": 0.6901466921431914, ""default-run2"": 0.7120594943257659}"
default,String->UTF16,CJK,7,21,7,7,swift-temporary,22,34.042496646651045,32.662592504377116,35.197815714351606,0.7500203242159336,swift-array,1.625907248357224,swift-span,0.6980325442998409,"{""default-run1"": 34.020993427018176, ""default-run2"": 34.14719071755475}","{""default-run1"": 0.7558072253553652, ""default-run2"": 0.7396146419768067}"
default,String->UTF16,CJK,7,21,7,7,swift-transcode,22,43.615992127961626,41.33674489163135,44.88812574570732,0.9609424624862681,swift-array,1.625907248357224,swift-span,0.6980325442998409,"{""default-run1"": 43.52427468083907, ""default-run2"": 43.643544119935676}","{""default-run1"": 0.9669312376988095, ""default-run2"": 0.9453018998213125}"
default,String->UTF16,CJK,16,48,16,16,simdutf,22,55.862769103076204,53.62867666130622,58.4846293510401,1.0,swift-array,1.8262644179302248,swift-temporary,1.1497168730091547,"{""default-run1"": 56.35342636302329, ""default-run2"": 55.572267469004515}","{""default-run1"": 1.0, ""default-run2"": 1.0}"
default,String->UTF16,CJK,16,48,16,16,swift-array,22,102.0201875,99.501953125,107.931640625,1.8262644179302248,swift-array,1.8262644179302248,swift-temporary,1.1497168730091547,"{""default-run1"": 102.828765625, ""default-run2"": 101.88021875}","{""default-run1"": 1.8247118633494812, ""default-run2"": 1.8332924566524802}"
default,String->UTF16,CJK,16,48,16,16,swift-span,22,86.82371007371007,83.99906624474762,88.87099162099162,1.5542321203860434,swift-array,1.8262644179302248,swift-temporary,1.1497168730091547,"{""default-run1"": 86.09612491570265, ""default-run2"": 86.93921018921019}","{""default-run1"": 1.5277886452028628, ""default-run2"": 1.5644351787103272}"
default,String->UTF16,CJK,16,48,16,16,swift-temporary,22,64.22636821082119,61.92310006743788,65.96635368573948,1.1497168730091547,swift-array,1.8262644179302248,swift-temporary,1.1497168730091547,"{""default-run1"": 63.896529542978676, ""default-run2"": 64.29596928982726}","{""default-run1"": 1.1338534968816882, ""default-run2"": 1.1569794111008407}"
default,String->UTF16,CJK,16,48,16,16,swift-transcode,22,86.98436451699408,83.10146160146161,89.39453234424444,1.557107997215342,swift-array,1.8262644179302248,swift-temporary,1.1497168730091547,"{""default-run1"": 86.10577710577711, ""default-run2"": 87.07829019038232}","{""default-run1"": 1.5279599247629074, ""default-run2"": 1.566937865886979}"
default,String->UTF16,CJK,128,362,128,128,simdutf,22,141.54916082164328,134.5625208750835,261.6936835989376,1.0,swift-array,3.1211823590766126,swift-temporary,2.8333510687745456,"{""default-run1"": 141.2938794255177, ""default-run2"": 141.83974518592296}","{""default-run1"": 1.0, ""default-run2"": 1.0}"
default,String->UTF16,CJK,128,362,128,128,swift-array,22,441.8007436986114,423.45321381722783,975.5706188813191,3.1211823590766126,swift-array,3.1211823590766126,swift-temporary,2.8333510687745456,"{""default-run1"": 442.309794490599, ""default-run2"": 441.2916929066239}","{""default-run1"": 3.1304243063391874, ""default-run2"": 3.1111991376477763}"
default,String->UTF16,CJK,128,362,128,128,swift-span,22,604.7071145012504,573.7212731785662,1164.4826252007592,4.272064284882633,swift-array,3.1211823590766126,swift-temporary,2.8333510687745456,"{""default-run1"": 599.1416265148197, ""default-run2"": 608.5330855560414}","{""default-run1"": 4.240393348606823, ""default-run2"": 4.290286088418862}"
default,String->UTF16,CJK,128,362,128,128,swift-temporary,22,401.058466098143,388.35175549617963,414.4732573946468,2.8333510687745456,swift-array,3.1211823590766126,swift-temporary,2.8333510687745456,"{""default-run1"": 399.85777902779733, ""default-run2"": 401.8778669724771}","{""default-run1"": 2.829972399749843, ""default-run2"": 2.833323385104064}"
default,String->UTF16,CJK,128,362,128,128,swift-transcode,22,627.6773828125,601.083984375,660.15625,4.434341957020817,swift-array,3.1211823590766126,swift-temporary,2.8333510687745456,"{""default-run1"": 620.64125, ""default-run2"": 628.3984375}","{""default-run1"": 4.392555803007501, ""default-run2"": 4.430340992761217}"
default,String->UTF16,CJK,1024,2888,1024,1024,simdutf,22,860.4130387223802,826.8749726536863,906.9222270837892,1.0,swift-array,3.624534792831512,swift-array,3.624534792831512,"{""default-run1"": 854.3718004812952, ""default-run2"": 868.2636184642311}","{""default-run1"": 1.0, ""default-run2"": 1.0}"
default,String->UTF16,CJK,1024,2888,1024,1024,swift-array,22,3118.596995055154,3011.236972232788,6783.6314187904145,3.624534792831512,swift-array,3.624534792831512,swift-array,3.624534792831512,"{""default-run1"": 3101.607074933435, ""default-run2"": 3123.2727272727275}","{""default-run1"": 3.63027791084186, ""default-run2"": 3.597147986917977}"
default,String->UTF16,CJK,1024,2888,1024,1024,swift-span,22,4719.149856733524,4552.865329512894,7339.87564469914,5.484749352172706,swift-array,3.624534792831512,swift-array,3.624534792831512,"{""default-run1"": 4657.593123209169, ""default-run2"": 4763.013180515759}","{""default-run1"": 5.451482739230621, ""default-run2"": 5.485676330583205}"
default,String->UTF16,CJK,1024,2888,1024,1024,swift-temporary,22,3121.202175543886,3003.1425073457394,6752.856513222331,3.627562618272884,swift-array,3.624534792831512,swift-array,3.624534792831512,"{""default-run1"": 3095.617042115573, ""default-run2"": 3134.2051762940737}","{""default-run1"": 3.6232668732415, ""default-run2"": 3.6097391502338874}"
default,String->UTF16,CJK,1024,2888,1024,1024,swift-transcode,22,4927.214200119833,4725.7767220902615,11284.243467933491,5.726568494866385,swift-array,3.624534792831512,swift-array,3.624534792831512,"{""default-run1"": 4886.158551068884, ""default-run2"": 4932.6938286399045}","{""default-run1"": 5.7190072850208225, ""default-run2"": 5.681101596039189}"
default,String->UTF16,CJK,16384,46176,16384,16384,simdutf,22,12680.856184798808,12462.432190760059,13243.034375,1.0,swift-array,3.8983616751090526,swift-temporary,3.8962636019037347,"{""default-run1"": 12746.55, ""default-run2"": 12673.560357675111}","{""default-run1"": 1.0, ""default-run2"": 1.0}"
default,String->UTF16,CJK,16384,46176,16384,16384,swift-array,22,49434.56375838927,48578.85906040268,50520.69798657718,3.8983616751090526,swift-array,3.8983616751090526,swift-temporary,3.8962636019037347,"{""default-run1"": 49819.79375, ""default-run2"": 49231.54362416107}","{""default-run1"": 3.908492395981658, ""default-run2"": 3.884586669786635}"
default,String->UTF16,CJK,16384,46176,16384,16384,swift-span,22,75151.78571428571,72607.93333333333,78241.66666666667,5.926396815727159,swift-array,3.8983616751090526,swift-temporary,3.8962636019037347,"{""default-run1"": 76071.82857142857, ""default-run2"": 74602.38095238095}","{""default-run1"": 5.968032806636194, ""default-run2"": 5.886458015501677}"
default,String->UTF16,CJK,16384,46176,16384,16384,swift-temporary,22,49407.95839380745,48044.811320754714,93313.41509433962,3.8962636019037347,swift-array,3.8983616751090526,swift-temporary,3.8962636019037347,"{""default-run1"": 49405.660377358494, ""default-run2"": 49410.256410256414}","{""default-run1"": 3.8760025557785047, ""default-run2"": 3.89868789951622}"
default,String->UTF16,CJK,16384,46176,16384,16384,swift-transcode,22,79281.96006289308,76711.8679245283,135721.75555555554,6.252098352627989,swift-array,3.8983616751090526,swift-temporary,3.8962636019037347,"{""default-run1"": 79625.46666666666, ""default-run2"": 79128.53773584905}","{""default-run1"": 6.2468249578644155, ""default-run2"": 6.243591816559172}"
default,String->UTF16,CJK,262144,738772,262144,262144,simdutf,22,204680.2125,195353.65853658537,214756.25,1.0,swift-array,3.890082437744196,swift-temporary,3.8645040003561655,"{""default-run1"": 202512.19512195123, ""default-run2"": 205468.75}","{""default-run1"": 1.0, ""default-run2"": 1.0}"
default,String->UTF16,CJK,262144,738772,262144,262144,swift-array,22,796222.9,765804.1,823425.0,3.890082437744196,swift-array,3.890082437744196,swift-temporary,3.8645040003561655,"{""default-run1"": 790345.8, ""default-run2"": 801504.2}","{""default-run1"": 3.902707190172227, ""default-run2"": 3.9008569429657793}"
default,String->UTF16,CJK,262144,738772,262144,262144,swift-span,22,1216548.5833333335,1140354.1666666667,1258791.6666666667,5.943655072828955,swift-array,3.890082437744196,swift-temporary,3.8645040003561655,"{""default-run1"": 1198041.6666666667, ""default-run2"": 1228215.3333333333}","{""default-run1"": 5.915898871893694, ""default-run2"": 5.9776259569074774}"
default,String->UTF16,CJK,262144,738772,262144,262144,swift-temporary,22,790987.5,760312.5,826483.3,3.8645040003561655,swift-array,3.890082437744196,swift-temporary,3.8645040003561655,"{""default-run1"": 777291.6, ""default-run2"": 797520.8}","{""default-run1"": 3.8382458870287843, ""default-run2"": 3.8814700532319395}"
default,String->UTF16,CJK,262144,738772,262144,262144,swift-transcode,22,1255284.6666666667,1196090.3333333333,1334395.8333333333,6.132906798045594,swift-array,3.890082437744196,swift-temporary,3.8645040003561655,"{""default-run1"": 1246847.3333333333, ""default-run2"": 1293541.6666666667}","{""default-run1"": 6.156899995985386, ""default-run2"": 6.295564005069709}"
default,String->UTF16,CJK,1048576,2955080,1048576,1048576,simdutf,22,821262.5,794979.2,848512.5,1.0,swift-array,3.884022769820855,swift-temporary,3.8525413616231106,"{""default-run1"": 816445.8, ""default-run2"": 829487.5}","{""default-run1"": 1.0, ""default-run2"": 1.0}"
default,String->UTF16,CJK,1048576,2955080,1048576,1048576,swift-array,22,3189802.25,3076208.5,4901312.5,3.884022769820855,swift-array,3.884022769820855,swift-temporary,3.8525413616231106,"{""default-run1"": 3192375.0, ""default-run2"": 3187229.5}","{""default-run1"": 3.9100880915793796, ""default-run2"": 3.842408113443542}"
default,String->UTF16,CJK,1048576,2955080,1048576,1048576,swift-span,22,4891521.0,4749167.0,5135250.0,5.956099298336403,swift-array,3.884022769820855,swift-temporary,3.8525413616231106,"{""default-run1"": 4884209.0, ""default-run2"": 4921792.0}","{""default-run1"": 5.982281983690773, ""default-run2"": 5.93353365783089}"
default,String->UTF16,CJK,1048576,2955080,1048576,1048576,swift-temporary,22,3163947.75,3091521.0,3257875.0,3.8525413616231106,swift-array,3.884022769820855,swift-temporary,3.8525413616231106,"{""default-run1"": 3137667.0, ""default-run2"": 3170437.5}","{""default-run1"": 3.8430805817116087, ""default-run2"": 3.8221642881899967}"
default,String->UTF16,CJK,1048576,2955080,1048576,1048576,swift-transcode,22,5069187.0,4839291.0,5232167.0,6.172432078659381,swift-array,3.884022769820855,swift-temporary,3.8525413616231106,"{""default-run1"": 5062291.0, ""default-run2"": 5076083.0}","{""default-run1"": 6.20040056547538, ""default-run2"": 6.119541283021142}"
default,String->UTF16,Emoji,0,0,0,0,simdutf,22,27.483118047550505,26.380210228524863,30.61604337821147,1.0,swift-array,0.25512329015466,swift-temporary,0.0783443129078254,"{""default-run1"": 27.481367731367733, ""default-run2"": 27.484868363733273}","{""default-run1"": 1.0, ""default-run2"": 1.0}"
default,String->UTF16,Emoji,0,0,0,0,swift-array,22,7.0115835,6.830458,16.16325,0.25512329015466,swift-array,0.25512329015466,swift-temporary,0.0783443129078254,"{""default-run1"": 6.99425, ""default-run2"": 7.145416}","{""default-run1"": 0.2545088027775501, ""default-run2"": 0.25997635882544345}"
default,String->UTF16,Emoji,0,0,0,0,swift-span,22,4.5649999999999995,4.413,4.797125,0.16610196820105227,swift-array,0.25512329015466,swift-temporary,0.0783443129078254,"{""default-run1"": 4.603958, ""default-run2"": 4.560917}","{""default-run1"": 0.16753016243601876, ""default-run2"": 0.16594283587758432}"
default,String->UTF16,Emoji,0,0,0,0,swift-temporary,22,2.153146,2.072583,2.254584,0.0783443129078254,swift-array,0.25512329015466,swift-temporary,0.0783443129078254,"{""default-run1"": 2.149167, ""default-run2"": 2.170083}","{""default-run1"": 0.07820451372756464, ""default-run2"": 0.07895555369890217}"
default,String->UTF16,Emoji,0,0,0,0,swift-transcode,22,5.1769585,5.01775,5.398666,0.18836867385436304,swift-array,0.25512329015466,swift-temporary,0.0783443129078254,"{""default-run1"": 5.14925, ""default-run2"": 5.224209}","{""default-run1"": 0.18737240629121063, ""default-run2"": 0.19007582393566883}"
default,String->UTF16,Emoji,7,12,6,3,simdutf,22,44.72326172326172,42.72870072870073,47.09845334845335,1.0,swift-array,1.8002741241837563,swift-span,0.48680430611673964,"{""default-run1"": 44.44085869085869, ""default-run2"": 45.173229173229174}","{""default-run1"": 1.0, ""default-run2"": 1.0}"
default,String->UTF16,Emoji,7,12,6,3,swift-array,22,80.51413082948591,74.86090616632313,84.08466047621518,1.8002741241837563,swift-array,1.8002741241837563,swift-span,0.48680430611673964,"{""default-run1"": 82.30144732064117, ""default-run2"": 78.78869603744872}","{""default-run1"": 1.851931977578333, ""default-run2"": 1.744145757995555}"
default,String->UTF16,Emoji,7,12,6,3,swift-span,22,21.771476390469765,20.911662454248948,22.595802095802096,0.48680430611673964,swift-array,1.8002741241837563,swift-span,0.48680430611673964,"{""default-run1"": 21.673085796985937, ""default-run2"": 21.808086058086058}","{""default-run1"": 0.48768377649381484, ""default-run2"": 0.4827657100725953}"
default,String->UTF16,Emoji,7,12,6,3,swift-temporary,22,30.759234759234758,29.737342237342236,32.62550137550137,0.6877681451224763,swift-array,1.8002741241837563,swift-span,0.48680430611673964,"{""default-run1"": 30.501874251874252, ""default-run2"": 31.554500304500305}","{""default-run1"": 0.6863475448134931, ""default-run2"": 0.69852213096159}"
default,String->UTF16,Emoji,7,12,6,3,swift-transcode,22,24.528593720760366,23.23131287765028,25.356233059876732,0.5484527016955566,swift-array,1.8002741241837563,swift-span,0.48680430611673964,"{""default-run1"": 24.09466433648864, ""default-run2"": 24.624048485726533}","{""default-run1"": 0.5421736898491752, ""default-run2"": 0.5451026844084766}"
default,String->UTF16,Emoji,16,34,16,9,simdutf,22,51.32755059680916,49.29536753644239,74.16765494231784,1.0,swift-array,2.1322911567253917,swift-span,0.8483507110208955,"{""default-run1"": 50.2662966229185, ""default-run2"": 52.52040528697577}","{""default-run1"": 1.0, ""default-run2"": 1.0}"
default,String->UTF16,Emoji,16,34,16,9,swift-array,22,109.44528223395127,105.399078125,173.1678583500169,2.1322911567253917,swift-array,2.1322911567253917,swift-span,0.8483507110208955,"{""default-run1"": 110.13671875, ""default-run2"": 109.24702945841241}","{""default-run1"": 2.1910649112706677, ""default-run2"": 2.0800873272298213}"
default,String->UTF16,Emoji,16,34,16,9,swift-span,22,43.54376404376404,41.07997857997858,83.54645066394698,0.8483507110208955,swift-array,2.1322911567253917,swift-span,0.8483507110208955,"{""default-run1"": 42.66329616329617, ""default-run2"": 44.6981155283132}","{""default-run1"": 0.848745561729809, ""default-run2"": 0.851061892688738}"
default,String->UTF16,Emoji,16,34,16,9,swift-temporary,22,66.99707137634876,65.01141256419568,71.8424375,1.3052847953456348,swift-array,2.1322911567253917,swift-span,0.8483507110208955,"{""default-run1"": 66.20151475852052, ""default-run2"": 67.925125}","{""default-run1"": 1.3170159571361078, ""default-run2"": 1.293309231504433}"
default,String->UTF16,Emoji,16,34,16,9,swift-transcode,22,61.150370908336356,57.674524044197746,64.15287648493023,1.1913752009849043,swift-array,2.1322911567253917,swift-span,0.8483507110208955,"{""default-run1"": 60.109633241686986, ""default-run2"": 62.32643046117134}","{""default-run1"": 1.195823788106174, ""default-run2"": 1.1867088633572922}"
default,String->UTF16,Emoji,128,272,128,77,simdutf,22,193.3415702449173,182.9856875,544.6353615359346,1.0,swift-array,2.527801145477283,swift-span,1.7595592188521851,"{""default-run1"": 190.08203125, ""default-run2"": 194.52403547833705}","{""default-run1"": 1.0, ""default-run2"": 1.0}"
default,String->UTF16,Emoji,128,272,128,77,swift-array,22,488.72904273347854,475.65168603652603,802.3887199495094,2.527801145477283,swift-array,2.527801145477283,swift-span,1.7595592188521851,"{""default-run1"": 488.15864201064863, ""default-run2"": 489.29944345630844}","{""default-run1"": 2.568147229911552, ""default-run2"": 2.5153675341616006}"
default,String->UTF16,Emoji,128,272,128,77,swift-span,22,340.19594231180156,329.9963786213786,353.24187877935594,1.7595592188521851,swift-array,2.527801145477283,swift-span,1.7595592188521851,"{""default-run1"": 337.1142607392607, ""default-run2"": 343.40772512070504}","{""default-run1"": 1.7735198772990843, ""default-run2"": 1.7653742596705908}"
default,String->UTF16,Emoji,128,272,128,77,swift-temporary,22,446.8714113088291,426.60988323603004,455.35392454342474,2.311305379090231,swift-array,2.527801145477283,swift-span,1.7595592188521851,"{""default-run1"": 443.82250834028355, ""default-run2"": 449.41655693593634}","{""default-run1"": 2.334899860979277, ""default-run2"": 2.3103394695201307}"
default,String->UTF16,Emoji,128,272,128,77,swift-transcode,22,428.5056678307666,408.4463846109807,453.0424228545257,2.2163142012757673,swift-array,2.527801145477283,swift-span,1.7595592188521851,"{""default-run1"": 429.8820633194023, ""default-run2"": 425.9921875}","{""default-run1"": 2.2615607613852364, ""default-run2"": 2.1899205743520582}"
default,String->UTF16,Emoji,1024,2180,1024,622,simdutf,22,1460.4831799313015,1409.639167309175,2143.8059253703354,1.0,swift-array,2.4038585364496927,swift-span,1.8656195755416378,"{""default-run1"": 1459.136468774094, ""default-run2"": 1468.1151321957623}","{""default-run1"": 1.0, ""default-run2"": 1.0}"
default,String->UTF16,Emoji,1024,2180,1024,622,swift-array,22,3510.7949594190513,3441.3199124726475,5992.809055958992,2.4038585364496927,swift-array,2.4038585364496927,swift-span,1.8656195755416378,"{""default-run1"": 3501.6774617067836, ""default-run2"": 3512.01409653994}","{""default-run1"": 2.3998286223691934, ""default-run2"": 2.3921925600530076}"
default,String->UTF16,Emoji,1024,2180,1024,622,swift-span,22,2724.706010229136,2649.495038979447,5356.296547054841,1.8656195755416378,swift-array,2.4038585364496927,swift-span,1.8656195755416378,"{""default-run1"": 2722.12402551382, ""default-run2"": 2727.61509817197}","{""default-run1"": 1.8655719213164728, ""default-run2"": 1.8579027205396743}"
default,String->UTF16,Emoji,1024,2180,1024,622,swift-temporary,22,3551.0359207065385,3468.668959193031,6257.115866839602,2.431411720108665,swift-array,2.4038585364496927,swift-span,1.8656195755416378,"{""default-run1"": 3521.1104997707475, ""default-run2"": 3566.472114137484}","{""default-run1"": 2.413146799578684, ""default-run2"": 2.429286393093264}"
default,String->UTF16,Emoji,1024,2180,1024,622,swift-transcode,22,3540.6625068092217,3403.8840262582057,5530.467510548523,2.4243089927100483,swift-array,2.4038585364496927,swift-span,1.8656195755416378,"{""default-run1"": 3493.8730853391685, ""default-run2"": 3646.3253164556963}","{""default-run1"": 2.394479995606289, ""default-run2"": 2.4836780416547644}"
default,String->UTF16,Emoji,16384,34904,16384,9972,simdutf,22,22408.727027027024,21748.31081081081,23601.254794520548,1.0,swift-array,2.476763772994977,swift-span,1.9080101739263544,"{""default-run1"": 22214.97837837838, ""default-run2"": 22743.49315068493}","{""default-run1"": 1.0, ""default-run2"": 1.0}"
default,String->UTF16,Emoji,16384,34904,16384,9972,swift-array,22,55501.12329947397,52595.36241610738,57102.75675675676,2.476763772994977,swift-array,2.476763772994977,swift-span,1.9080101739263544,"{""default-run1"": 54635.34899328859, ""default-run2"": 55832.20945945946}","{""default-run1"": 2.459392400150371, ""default-run2"": 2.454865182298439}"
default,String->UTF16,Emoji,16384,34904,16384,9972,swift-span,22,42756.07915230603,40470.549738219896,60515.07537688442,1.9080101739263544,swift-array,2.476763772994977,swift-span,1.9080101739263544,"{""default-run1"": 41849.25654450262, ""default-run2"": 43271.56783919598}","{""default-run1"": 1.8838306223711696, ""default-run2"": 1.9025911082569493}"
default,String->UTF16,Emoji,16384,34904,16384,9972,swift-temporary,22,55786.91275167785,53845.63758389262,57099.275167785236,2.4895172619307475,swift-array,2.476763772994977,swift-span,1.9080101739263544,"{""default-run1"": 55369.68456375839, ""default-run2"": 56249.161073825504}","{""default-run1"": 2.4924482761436835, ""default-run2"": 2.473197969245614}"
default,String->UTF16,Emoji,16384,34904,16384,9972,swift-transcode,22,54644.58666666667,53138.60666666667,108886.11333333333,2.4385404222542486,swift-array,2.476763772994977,swift-span,1.9080101739263544,"{""default-run1"": 53756.94, ""default-run2"": 54888.05333333334}","{""default-run1"": 2.4198511060591943, ""default-run2"": 2.4133519406925563}"
default,String->UTF16,Emoji,262144,558480,262144,159565,simdutf,22,357915.6225296443,345157.1818181818,739826.0869565217,1.0,swift-array,2.4716733339202848,swift-span,1.8979153261137214,"{""default-run1"": 352702.6818181818, ""default-run2"": 366197.47826086957}","{""default-run1"": 1.0, ""default-run2"": 1.0}"
default,String->UTF16,Emoji,262144,558480,262144,159565,swift-array,22,884650.5,840680.5555555555,939675.8888888889,2.4716733339202848,swift-array,2.4716733339202848,swift-span,1.8979153261137214,"{""default-run1"": 871652.7777777778, ""default-run2"": 889949.1111111111}","{""default-run1"": 2.4713528496137567, ""default-run2"": 2.4302436907474676}"
default,String->UTF16,Emoji,262144,558480,262144,159565,swift-span,22,679293.5454545454,645863.6363636364,729344.7272727273,1.8979153261137214,swift-array,2.4716733339202848,swift-span,1.8979153261137214,"{""default-run1"": 673166.6363636364, ""default-run2"": 692867.4545454546}","{""default-run1"": 1.9085951739676696, ""default-run2"": 1.89205960083612}"
default,String->UTF16,Emoji,262144,558480,262144,159565,swift-temporary,22,885247.6666666666,848467.5555555555,1106189.7777777778,2.47334179047562,swift-array,2.4716733339202848,swift-span,1.8979153261137214,"{""default-run1"": 865745.3333333334, ""default-run2"": 903046.2222222222}","{""default-run1"": 2.4546037724193575, ""default-run2"": 2.4660088499542194}"
default,String->UTF16,Emoji,262144,558480,262144,159565,swift-transcode,22,902067.0555555555,840557.375,1813300.888888889,2.5203343994319276,swift-array,2.4716733339202848,swift-span,1.8979153261137214,"{""default-run1"": 899161.5, ""default-run2"": 904185.1111111111}","{""default-run1"": 2.549346932563211, ""default-run2"": 2.469118890182507}"
default,String->UTF16,Emoji,1048576,2233922,1048576,638263,simdutf,22,1419166.7,1373791.6,1680641.6,1.0,swift-array,2.4724163835016704,swift-span,1.9189225620922477,"{""default-run1"": 1403350.0, ""default-run2"": 1455950.0}","{""default-run1"": 1.0, ""default-run2"": 1.0}"
default,String->UTF16,Emoji,1048576,2233922,1048576,638263,swift-array,22,3508771.0,3392270.5,3772458.0,2.4724163835016704,swift-array,2.4724163835016704,swift-span,1.9189225620922477,"{""default-run1"": 3490333.5, ""default-run2"": 3567791.0}","{""default-run1"": 2.4871439769123884, ""default-run2"": 2.4504900580377074}"
default,String->UTF16,Emoji,1048576,2233922,1048576,638263,swift-span,22,2723271.0,2638375.0,2871896.0,1.9189225620922477,swift-array,2.4724163835016704,swift-span,1.9189225620922477,"{""default-run1"": 2696250.0, ""default-run2"": 2733625.0}","{""default-run1"": 1.921295471550219, ""default-run2"": 1.8775541742504893}"
default,String->UTF16,Emoji,1048576,2233922,1048576,638263,swift-temporary,22,3511218.5,3410437.5,4021917.0,2.4741409871017974,swift-array,2.4724163835016704,swift-span,1.9189225620922477,"{""default-run1"": 3479416.5, ""default-run2"": 3525791.5}","{""default-run1"": 2.4793647343855776, ""default-run2"": 2.4216432569799786}"
default,String->UTF16,Emoji,1048576,2233922,1048576,638263,swift-transcode,22,3524437.5,3407041.5,3999937.5,2.4834556081396215,swift-array,2.4724163835016704,swift-span,1.9189225620922477,"{""default-run1"": 3514750.0, ""default-run2"": 3548312.5}","{""default-run1"": 2.504542701393095, ""default-run2"": 2.4371115079501355}"
default,String->UTF16,Latin,0,0,0,0,simdutf,22,27.20279195279195,26.143057393057394,28.931300562707545,1.0,swift-array,0.2553284240843203,swift-temporary,0.07813229258557258,"{""default-run1"": 27.621665486202808, ""default-run2"": 27.041685041685042}","{""default-run1"": 1.0, ""default-run2"": 1.0}"
default,String->UTF16,Latin,0,0,0,0,swift-array,22,6.945646,6.693375,14.286625,0.2553284240843203,swift-array,0.2553284240843203,swift-temporary,0.07813229258557258,"{""default-run1"": 6.849791, ""default-run2"": 6.968375}","{""default-run1"": 0.24798616880729052, ""default-run2"": 0.25769011765569255}"
default,String->UTF16,Latin,0,0,0,0,swift-span,22,4.5283750000000005,4.331458,9.476542,0.16646728791142454,swift-array,0.2553284240843203,swift-temporary,0.07813229258557258,"{""default-run1"": 4.434083, ""default-run2"": 4.554625}","{""default-run1"": 0.16052916875033665, ""default-run2"": 0.1684297776924403}"
default,String->UTF16,Latin,0,0,0,0,swift-temporary,22,2.1254165,2.006958,2.201042,0.07813229258557258,swift-array,0.2553284240843203,swift-temporary,0.07813229258557258,"{""default-run1"": 2.119541, ""default-run2"": 2.139541}","{""default-run1"": 0.07673472843477609, ""default-run2"": 0.07912010648381841}"
default,String->UTF16,Latin,0,0,0,0,swift-transcode,22,5.1517085,4.9605,12.176542,0.1893816086576825,swift-array,0.2553284240843203,swift-temporary,0.07813229258557258,"{""default-run1"": 5.144417, ""default-run2"": 5.160042}","{""default-run1"": 0.18624572086609578, ""default-run2"": 0.19081806448251065}"
default,String->UTF16,Latin,7,7,7,7,simdutf,22,44.29228273737834,42.94963125445236,46.59007434007434,1.0,swift-array,1.4539960482252343,swift-transcode,0.34946429973020554,"{""default-run1"": 43.940257583755724, ""default-run2"": 45.393514143514146}","{""default-run1"": 1.0, ""default-run2"": 1.0}"
default,String->UTF16,Latin,7,7,7,7,swift-array,22,64.40080406702288,60.92795559475022,67.5658349328215,1.4539960482252343,swift-array,1.4539960482252343,swift-transcode,0.34946429973020554,"{""default-run1"": 65.6918400166001, ""default-run2"": 62.71896041915236}","{""default-run1"": 1.4950262840718012, ""default-run2"": 1.3816722851829193}"
default,String->UTF16,Latin,7,7,7,7,swift-span,22,24.790058378329704,23.704458,25.85290312898627,0.5596924982466376,swift-array,1.4539960482252343,swift-transcode,0.34946429973020554,"{""default-run1"": 24.132833, ""default-run2"": 25.25174457867487}","{""default-run1"": 0.5492191973158043, ""default-run2"": 0.5562852987948909}"
default,String->UTF16,Latin,7,7,7,7,swift-temporary,22,21.683749847074395,20.846423765195244,23.081648081648083,0.48956044951766364,swift-array,1.4539960482252343,swift-transcode,0.34946429973020554,"{""default-run1"": 21.42325358958104, ""default-run2"": 21.974994224994226}","{""default-run1"": 0.487554119334544, ""default-run2"": 0.4840998684419771}"
default,String->UTF16,Latin,7,7,7,7,swift-transcode,22,15.478571570270194,14.902562902430077,16.31355268720179,0.34946429973020554,swift-array,1.4539960482252343,swift-transcode,0.34946429973020554,"{""default-run1"": 15.255973991473859, ""default-run2"": 15.91151219197792}","{""default-run1"": 0.3471981010214615, ""default-run2"": 0.3505239127702865}"
default,String->UTF16,Latin,16,17,16,16,simdutf,22,49.864257923950824,48.17788037557711,133.7513617264097,1.0,swift-array,1.6811067509085722,swift-transcode,0.6805975158002546,"{""default-run1"": 49.077480935830266, ""default-run2"": 51.16546143072055}","{""default-run1"": 1.0, ""default-run2"": 1.0}"
default,String->UTF16,Latin,16,17,16,16,swift-array,22,83.827140625,81.58984375,90.263671875,1.6811067509085722,swift-array,1.6811067509085722,swift-transcode,0.6805975158002546,"{""default-run1"": 84.36459375, ""default-run2"": 83.453765625}","{""default-run1"": 1.7190082323155156, ""default-run2"": 1.6310566403861855}"
default,String->UTF16,Latin,16,17,16,16,swift-span,22,41.78866465018096,40.06155522124812,104.38235788235788,0.8380484617642131,swift-array,1.6811067509085722,swift-transcode,0.6805975158002546,"{""default-run1"": 41.378326503086576, ""default-run2"": 42.62566412566412}","{""default-run1"": 0.8431224609345683, ""default-run2"": 0.8330944925295055}"
default,String->UTF16,Latin,16,17,16,16,swift-temporary,22,45.50068475385174,44.0831872179281,47.71100274939047,0.9124909634320826,swift-array,1.6811067509085722,swift-transcode,0.6805975158002546,"{""default-run1"": 44.95296986045547, ""default-run2"": 46.10977849250402}","{""default-run1"": 0.9159591935705161, ""default-run2"": 0.9011895369093453}"
default,String->UTF16,Latin,16,17,16,16,swift-transcode,22,33.93749007026409,32.285945643985016,35.55325605325606,0.6805975158002546,swift-array,1.6811067509085722,swift-transcode,0.6805975158002546,"{""default-run1"": 33.06580532080094, ""default-run2"": 34.23681723681724}","{""default-run1"": 0.6737469953691206, ""default-run2"": 0.6691392255530586}"
default,String->UTF16,Latin,128,144,128,128,simdutf,22,120.36783593749999,113.5234375,127.16015625,1.0,swift-array,2.8341543136754312,swift-transcode,2.268835572010012,"{""default-run1"": 118.224609375, ""default-run2"": 122.668625}","{""default-run1"": 1.0, ""default-run2"": 1.0}"
default,String->UTF16,Latin,128,144,128,128,swift-array,22,341.1410214500422,326.7734375,355.61880654385226,2.8341543136754312,swift-array,2.8341543136754312,swift-transcode,2.268835572010012,"{""default-run1"": 334.8099375, ""default-run2"": 345.84915389302955}","{""default-run1"": 2.831981761411508, ""default-run2"": 2.819377439773451}"
default,String->UTF16,Latin,128,144,128,128,swift-span,22,349.5611259550931,330.95635869310456,367.9764683823185,2.9041074239849243,swift-array,2.8341543136754312,swift-transcode,2.268835572010012,"{""default-run1"": 345.9467960436882, ""default-run2"": 357.3688651385178}","{""default-run1"": 2.926182610139736, ""default-run2"": 2.9132866300451137}"
default,String->UTF16,Latin,128,144,128,128,swift-temporary,22,303.7678408200575,294.1627994187409,317.2452547452547,2.523662890955242,swift-array,2.8341543136754312,swift-transcode,2.268835572010012,"{""default-run1"": 300.7898560915014, ""default-run2"": 311.6015651015651}","{""default-run1"": 2.5442237253448434, ""default-run2"": 2.5401895969859045}"
default,String->UTF16,Latin,128,144,128,128,swift-transcode,22,273.0948279008651,257.2240391283717,281.6153958462605,2.268835572010012,swift-array,2.8341543136754312,swift-transcode,2.268835572010012,"{""default-run1"": 268.83874146804396, ""default-run2"": 276.6391575719969}","{""default-run1"": 2.2739659948066033, ""default-run2"": 2.2551745205589198}"
default,String->UTF16,Latin,1024,1153,1024,1024,simdutf,22,766.6169015884614,738.3586161635102,813.6062493819836,1.0,swift-array,2.967194071070616,swift-transcode,2.7517992061991765,"{""default-run1"": 754.5588786799175, ""default-run2"": 771.6305745080589}","{""default-run1"": 1.0, ""default-run2"": 1.0}"
default,String->UTF16,Latin,1024,1153,1024,1024,swift-array,22,2274.7011251758086,2174.132770745429,2374.1676511954993,2.967194071070616,swift-array,2.967194071070616,swift-transcode,2.7517992061991765,"{""default-run1"": 2229.1490857946555, ""default-run2"": 2292.311392405063}","{""default-run1"": 2.954241410152774, ""default-run2"": 2.9707368631245474}"
default,String->UTF16,Latin,1024,1153,1024,1024,swift-span,22,2701.175425281698,2591.374138496882,2877.0693333333334,3.5235010077194397,swift-array,2.967194071070616,swift-transcode,2.7517992061991765,"{""default-run1"": 2626.8326222513947, ""default-run2"": 2753.8056666666666}","{""default-run1"": 3.4812825035562165, ""default-run2"": 3.568813571730634}"
default,String->UTF16,Latin,1024,1153,1024,1024,swift-temporary,22,2273.017991187502,2190.0721856201662,2424.617785142226,2.9649985363976668,swift-array,2.967194071070616,swift-transcode,2.7517992061991765,"{""default-run1"": 2253.4969922658265, ""default-run2"": 2310.376967688484}","{""default-run1"": 2.986509145857862, ""default-run2"": 2.994149070831504}"
default,String->UTF16,Latin,1024,1153,1024,1024,swift-transcode,22,2109.57578125,2032.4,2243.728125,2.7517992061991765,swift-array,2.967194071070616,swift-transcode,2.7517992061991765,"{""default-run1"": 2072.319791666667, ""default-run2"": 2132.72578125}","{""default-run1"": 2.746399055421812, ""default-run2"": 2.7639207824413727}"
default,String->UTF16,Latin,16384,18464,16384,16384,simdutf,22,11069.759528130671,10580.254617414248,11283.422867513611,1.0,swift-array,3.2187584903870428,swift-transcode,3.043859081149669,"{""default-run1"": 10930.353562005277, ""default-run2"": 11126.134301270418}","{""default-run1"": 1.0, ""default-run2"": 1.0}"
default,String->UTF16,Latin,16384,18464,16384,16384,swift-array,22,35630.88246771346,34949.4192139738,36861.88085106383,3.2187584903870428,swift-array,3.2187584903870428,swift-transcode,3.043859081149669,"{""default-run1"": 35267.82969432315, ""default-run2"": 36175.88510638298}","{""default-run1"": 3.2265955071130317, ""default-run2"": 3.2514334383193897}"
default,String->UTF16,Latin,16384,18464,16384,16384,swift-span,22,43146.15463917526,40984.963917525776,44530.154696132595,3.897659613068512,swift-array,3.2187584903870428,swift-transcode,3.043859081149669,"{""default-run1"": 42313.78865979381, ""default-run2"": 43397.099447513814}","{""default-run1"": 3.8712186590998936, ""default-run2"": 3.9004651815643276}"
default,String->UTF16,Latin,16384,18464,16384,16384,swift-temporary,22,36053.094660194176,35197.333333333336,81770.83495145632,3.2568995350418772,swift-array,3.2187584903870428,swift-transcode,3.043859081149669,"{""default-run1"": 36102.09090909091, ""default-run2"": 36040.655339805824}","{""default-run1"": 3.3029206881819877, ""default-run2"": 3.239279192926027}"
default,String->UTF16,Latin,16384,18464,16384,16384,swift-transcode,22,33694.78806584362,32164.673306772907,35195.64609053498,3.043859081149669,swift-array,3.2187584903870428,swift-transcode,3.043859081149669,"{""default-run1"": 32998.50597609562, ""default-run2"": 34064.300411522636}","{""default-run1"": 3.0189788270711464, ""default-run2"": 3.0616474230077433}"
default,String->UTF16,Latin,262144,295432,262144,262144,simdutf,22,180178.66847826086,175294.36956521738,242725.38636363635,1.0,swift-array,3.250317102676152,swift-transcode,3.0210175997449054,"{""default-run1"": 180432.75, ""default-run2"": 178345.10869565216}","{""default-run1"": 1.0, ""default-run2"": 1.0}"
default,String->UTF16,Latin,262144,295432,262144,262144,swift-array,22,585637.8076923077,574637.8461538461,810567.3076923077,3.250317102676152,swift-array,3.250317102676152,swift-transcode,3.0210175997449054,"{""default-run1"": 585416.6153846154, ""default-run2"": 585859.0}","{""default-run1"": 3.2445141770804655, ""default-run2"": 3.2849737471621645}"
default,String->UTF16,Latin,262144,295432,262144,262144,swift-span,22,713154.2,683120.8,819883.3,3.958039017732248,swift-array,3.250317102676152,swift-transcode,3.0210175997449054,"{""default-run1"": 713354.1, ""default-run2"": 712329.1}","{""default-run1"": 3.9535732842291655, ""default-run2"": 3.9941050540141094}"
default,String->UTF16,Latin,262144,295432,262144,262144,swift-temporary,22,583415.0384615385,560875.0,600743.6153846154,3.237980629943047,swift-array,3.250317102676152,swift-transcode,3.0210175997449054,"{""default-run1"": 584660.3076923077, ""default-run2"": 582894.2307692308}","{""default-run1"": 3.2403225450607374, ""default-run2"": 3.268349970640047}"
default,String->UTF16,Latin,262144,295432,262144,262144,swift-transcode,22,544322.9285714286,531541.6428571428,558642.8571428572,3.0210175997449054,swift-array,3.250317102676152,swift-transcode,3.0210175997449054,"{""default-run1"": 545845.2857142857, ""default-run2"": 542800.5714285715}","{""default-run1"": 3.025200722786111, ""default-run2"": 3.0435405568361644}"
default,String->UTF16,Latin,1048576,1181728,1048576,1048576,simdutf,22,725589.0,689446.9090909091,767026.5454545454,1.0,swift-array,3.2372550668031996,swift-transcode,3.000914659217087,"{""default-run1"": 725947.0, ""default-run2"": 725231.0}","{""default-run1"": 1.0, ""default-run2"": 1.0}"
default,String->UTF16,Latin,1048576,1181728,1048576,1048576,swift-array,22,2348916.666666667,2295333.3333333335,3617861.0,3.2372550668031996,swift-array,3.2372550668031996,swift-transcode,3.000914659217087,"{""default-run1"": 2346486.3333333335, ""default-run2"": 2350319.3333333335}","{""default-run1"": 3.232310806895453, ""default-run2"": 3.2407871882659918}"
default,String->UTF16,Latin,1048576,1181728,1048576,1048576,swift-span,22,2847166.5,2746146.0,3455458.5,3.9239383452615737,swift-array,3.2372550668031996,swift-transcode,3.000914659217087,"{""default-run1"": 2826354.5, ""default-run2"": 2853979.0}","{""default-run1"": 3.8933344996260058, ""default-run2"": 3.9352689005296244}"
default,String->UTF16,Latin,1048576,1181728,1048576,1048576,swift-temporary,22,2337993.0,2295458.3333333335,2524750.0,3.222200171171283,swift-array,3.2372550668031996,swift-transcode,3.000914659217087,"{""default-run1"": 2341611.0, ""default-run2"": 2334375.0}","{""default-run1"": 3.225594981451814, ""default-run2"": 3.2188020092908327}"
default,String->UTF16,Latin,1048576,1181728,1048576,1048576,swift-transcode,22,2177430.666666667,2110541.6666666665,2445166.6666666665,3.000914659217087,swift-array,3.2372550668031996,swift-transcode,3.000914659217087,"{""default-run1"": 2160958.3333333335, ""default-run2"": 2193277.6666666665}","{""default-run1"": 2.97674394044377, ""default-run2"": 3.0242469870519413}"
default,String->UTF16,Mixed,0,0,0,0,simdutf,22,27.151935151935152,26.173244923244923,28.163437913437914,1.0,swift-array,0.2557659872543211,swift-temporary,0.0773763081063585,"{""default-run1"": 27.17162267162267, ""default-run2"": 27.132247632247633}","{""default-run1"": 1.0, ""default-run2"": 1.0}"
default,String->UTF16,Mixed,0,0,0,0,swift-array,22,6.9445415,6.677042,7.268208,0.2557659872543211,swift-array,0.2557659872543211,swift-temporary,0.0773763081063585,"{""default-run1"": 6.894625, ""default-run2"": 7.052833}","{""default-run1"": 0.25374358695185933, ""default-run2"": 0.2599428213834175}"
default,String->UTF16,Mixed,0,0,0,0,swift-span,22,4.534354499999999,4.384917,4.775125,0.16699931237412483,swift-array,0.2557659872543211,swift-temporary,0.0773763081063585,"{""default-run1"": 4.504333, ""default-run2"": 4.595416}","{""default-run1"": 0.16577342672670803, ""default-run2"": 0.1693710031799277}"
default,String->UTF16,Mixed,0,0,0,0,swift-temporary,22,2.1009165000000003,2.033666,2.167708,0.0773763081063585,swift-array,0.2557659872543211,swift-temporary,0.0773763081063585,"{""default-run1"": 2.122875, ""default-run2"": 2.086083}","{""default-run1"": 0.07812838510440066, ""default-run2"": 0.07688574231943161}"
default,String->UTF16,Mixed,0,0,0,0,swift-transcode,22,5.068375,4.960333,5.337084,0.1866671738731952,swift-array,0.2557659872543211,swift-temporary,0.0773763081063585,"{""default-run1"": 5.043292, ""default-run2"": 5.078667}","{""default-run1"": 0.1856087897638547, ""default-run2"": 0.18718194927440607}"
default,String->UTF16,Mixed,7,7,7,7,simdutf,22,43.84154173367225,42.511801628884164,45.910058619079734,1.0,swift-array,1.426622421713301,swift-transcode,0.35014932716193947,"{""default-run1"": 43.6301499195933, ""default-run2"": 44.20640141100794}","{""default-run1"": 1.0, ""default-run2"": 1.0}"
default,String->UTF16,Mixed,7,7,7,7,swift-array,22,62.54532643973626,60.03321498110182,68.00980443014991,1.426622421713301,swift-array,1.426622421713301,swift-transcode,0.35014932716193947,"{""default-run1"": 65.341246044509, ""default-run2"": 61.03952964532509}","{""default-run1"": 1.497616812340261, ""default-run2"": 1.3807848568765313}"
default,String->UTF16,Mixed,7,7,7,7,swift-span,22,24.192242079523247,23.454286998202516,24.67095865787897,0.5518109337140973,swift-array,1.426622421713301,swift-transcode,0.35014932716193947,"{""default-run1"": 24.121728579988016, ""default-run2"": 24.216462700730826}","{""default-run1"": 0.5528683404582, ""default-run2"": 0.5478044339230161}"
default,String->UTF16,Mixed,7,7,7,7,swift-temporary,22,21.35516023016023,20.785389578774197,21.724765658232585,0.48709875122294155,swift-array,1.426622421713301,swift-transcode,0.35014932716193947,"{""default-run1"": 21.27504471584299, ""default-run2"": 21.413238413238414}","{""default-run1"": 0.4876225443884816, ""default-run2"": 0.48439225383105383}"
default,String->UTF16,Mixed,7,7,7,7,swift-transcode,22,15.351086339787429,14.90057987101219,15.695701098088028,0.35014932716193947,swift-array,1.426622421713301,swift-transcode,0.35014932716193947,"{""default-run1"": 15.334367404742311, ""default-run2"": 15.35666184322332}","{""default-run1"": 0.3514626338209303, ""default-run2"": 0.34738547705897005}"
default,String->UTF16,Mixed,16,23,16,16,simdutf,22,52.59302484302484,51.082992082992085,54.70505470505471,1.0,swift-array,1.734948742013981,swift-span,0.9133433724142556,"{""default-run1"": 52.613368613368614, ""default-run2"": 52.59192759192759}","{""default-run1"": 1.0, ""default-run2"": 1.0}"
default,String->UTF16,Mixed,16,23,16,16,swift-array,22,91.246202290116,87.397140625,138.7413812877033,1.734948742013981,swift-array,1.734948742013981,swift-span,0.9133433724142556,"{""default-run1"": 94.14017019519692, ""default-run2"": 88.924484375}","{""default-run1"": 1.7892823188530205, ""default-run2"": 1.6908390402607936}"
default,String->UTF16,Mixed,16,23,16,16,swift-span,22,48.035490675595035,45.997920997921,49.68079968079968,0.9133433724142556,swift-array,1.734948742013981,swift-span,0.9133433724142556,"{""default-run1"": 48.09180159180159, ""default-run2"": 47.6648819606496}","{""default-run1"": 0.9140604918344245, ""default-run2"": 0.9063155534151928}"
default,String->UTF16,Mixed,16,23,16,16,swift-temporary,22,50.53193961716035,48.8704155210873,61.85350417596099,0.9608106734302458,swift-array,1.734948742013981,swift-span,0.9133433724142556,"{""default-run1"": 50.64584738289153, ""default-run2"": 50.37739274783421}","{""default-run1"": 0.9626041577961775, ""default-run2"": 0.9578921149025673}"
default,String->UTF16,Mixed,16,23,16,16,swift-transcode,22,49.60885296815822,47.83783395944055,85.58099183099183,0.9432591701319039,swift-array,1.734948742013981,swift-span,0.9133433724142556,"{""default-run1"": 49.78164703164703, ""default-run2"": 49.27775585405979}","{""default-run1"": 0.9461786679630685, ""default-run2"": 0.9369832616978181}"
default,String->UTF16,Mixed,128,218,128,116,simdutf,22,169.35583261793954,162.350523813256,408.494968929565,1.0,swift-array,2.3991611054939526,swift-temporary,2.163867942033446,"{""default-run1"": 166.80492201583195, ""default-run2"": 172.5904162658277}","{""default-run1"": 1.0, ""default-run2"": 1.0}"
default,String->UTF16,Mixed,128,218,128,116,swift-array,22,406.3119266055046,391.20083203328136,887.4604879065888,2.3991611054939526,swift-array,2.3991611054939526,swift-temporary,2.163867942033446,"{""default-run1"": 401.8352054082163, ""default-run2"": 407.07532318598834}","{""default-run1"": 2.4090128789489613, ""default-run2"": 2.3586206696378875}"
default,String->UTF16,Mixed,128,218,128,116,swift-span,22,378.5695033066405,359.6306192284254,825.715028601144,2.2353496626282676,swift-array,2.3991611054939526,swift-temporary,2.163867942033446,"{""default-run1"": 374.6504007875123, ""default-run2"": 385.21840873634943}","{""default-run1"": 2.2460392430863227, ""default-run2"": 2.231980298042895}"
default,String->UTF16,Mixed,128,218,128,116,swift-temporary,22,366.4636569983416,354.86884170065156,384.76073811509593,2.163867942033446,swift-array,2.3991611054939526,swift-temporary,2.163867942033446,"{""default-run1"": 361.28687948249194, ""default-run2"": 368.3320996663887}","{""default-run1"": 2.1659245729463614, ""default-run2"": 2.1341399345087337}"
default,String->UTF16,Mixed,128,218,128,116,swift-transcode,22,405.67578125,384.474,423.2734375,2.3954048406776134,swift-array,2.3991611054939526,swift-temporary,2.163867942033446,"{""default-run1"": 397.296875, ""default-run2"": 406.078125}","{""default-run1"": 2.381805465921991, ""default-run2"": 2.3528428390516725}"
default,String->UTF16,Mixed,1024,1790,1023,923,simdutf,22,1173.6354485776806,1153.1546316557258,2177.8325309992706,1.0,swift-array,2.4798013811417734,swift-temporary,2.478927815352857,"{""default-run1"": 1173.304157549234, ""default-run2"": 1173.966739606127}","{""default-run1"": 1.0, ""default-run2"": 1.0}"
default,String->UTF16,Mixed,1024,1790,1023,923,swift-array,22,2910.382806339877,2799.6499614494987,4212.413261372398,2.4798013811417734,swift-array,2.4798013811417734,swift-temporary,2.478927815352857,"{""default-run1"": 2926.5932922127986, ""default-run2"": 2899.863926293409}","{""default-run1"": 2.494317669789722, ""default-run2"": 2.4701414686299636}"
default,String->UTF16,Mixed,1024,1790,1023,923,swift-span,22,2996.863742078662,2872.0154125113327,3212.9800543970987,2.553487750996732,swift-array,2.4798013811417734,swift-temporary,2.478927815352857,"{""default-run1"": 2996.128286491387, ""default-run2"": 2997.5991976659375}","{""default-run1"": 2.553581922653047, ""default-run2"": 2.553393632490517}"
default,String->UTF16,Mixed,1024,1790,1023,923,swift-temporary,22,2909.35755856334,2822.549964054637,3002.9232111692845,2.478927815352857,swift-array,2.4798013811417734,swift-temporary,2.478927815352857,"{""default-run1"": 2876.6028037383176, ""default-run2"": 2925.2324607329842}","{""default-run1"": 2.4517110803961417, ""default-run2"": 2.4917507132394716}"
default,String->UTF16,Mixed,1024,1790,1023,923,swift-transcode,22,3354.1306228373705,3231.966015625,3973.4375,2.857898188830454,swift-array,2.4798013811417734,swift-temporary,2.478927815352857,"{""default-run1"": 3376.4484375, ""default-run2"": 3334.739186851211}","{""default-run1"": 2.8777264750792617, ""default-run2"": 2.8405738206604014}"
default,String->UTF16,Mixed,16384,28670,16383,14747,simdutf,22,18022.412631578947,17569.017621145373,18768.354625550663,1.0,swift-array,2.536240129149291,swift-temporary,2.52469253101389,"{""default-run1"": 18010.351578947368, ""default-run2"": 18047.63215859031}","{""default-run1"": 1.0, ""default-run2"": 1.0}"
default,String->UTF16,Mixed,16384,28670,16383,14747,swift-array,22,45709.1661402976,44294.59459459459,70500.23595505618,2.536240129149291,swift-array,2.536240129149291,swift-temporary,2.52469253101389,"{""default-run1"": 45548.2, ""default-run2"": 45810.629213483146}","{""default-run1"": 2.529001158047471, ""default-run2"": 2.538317980493536}"
default,String->UTF16,Mixed,16384,28670,16383,14747,swift-span,22,46895.865584665764,45880.122905027936,48268.91954022989,2.6020858884617164,swift-array,2.536240129149291,swift-temporary,2.52469253101389,"{""default-run1"": 46749.06703910614, ""default-run2"": 47469.1091954023}","{""default-run1"": 2.595677648722415, ""default-run2"": 2.6302125829181398}"
default,String->UTF16,Mixed,16384,28670,16383,14747,swift-temporary,22,45501.050561797754,44026.68539325843,46855.80337078652,2.52469253101389,swift-array,2.536240129149291,swift-temporary,2.52469253101389,"{""default-run1"": 45646.872928176796, ""default-run2"": 45418.30337078652}","{""default-run1"": 2.534479836669833, ""default-run2"": 2.516579625054488}"
default,String->UTF16,Mixed,16384,28670,16383,14747,swift-transcode,22,52365.73471751179,49918.789808917194,53655.78343949045,2.905589600459837,swift-array,2.536240129149291,swift-temporary,2.52469253101389,"{""default-run1"": 52554.140127388535, ""default-run2"": 52332.792207792205}","{""default-run1"": 2.9179963476570907, ""default-run2"": 2.899704058013109}"
default,String->UTF16,Mixed,262144,458750,262143,235931,simdutf,22,284401.0535714286,275177.0714285714,294931.53571428574,1.0,swift-array,2.5680764089722414,swift-array,2.5680764089722414,"{""default-run1"": 279764.89285714284, ""default-run2"": 286513.39285714284}","{""default-run1"": 1.0, ""default-run2"": 1.0}"
default,String->UTF16,Mixed,262144,458750,262143,235931,swift-array,22,730363.6363636364,716382.5454545454,768691.7,2.5680764089722414,swift-array,2.5680764089722414,swift-array,2.5680764089722414,"{""default-run1"": 722947.0, ""default-run2"": 742429.1}","{""default-run1"": 2.5841233780864723, ""default-run2"": 2.591254435251406}"
default,String->UTF16,Mixed,262144,458750,262143,235931,swift-span,22,752990.7222222222,722060.2222222222,778217.5555555555,2.6476368943306507,swift-array,2.5680764089722414,swift-array,2.5680764089722414,"{""default-run1"": 743652.7777777778, ""default-run2"": 757180.5555555555}","{""default-run1"": 2.6581347294262234, ""default-run2"": 2.6427405295259265}"
default,String->UTF16,Mixed,262144,458750,262143,235931,swift-temporary,22,730997.9,706761.3636363636,754477.2727272727,2.5703065822729334,swift-array,2.5680764089722414,swift-array,2.5680764089722414,"{""default-run1"": 729175.0, ""default-run2"": 733814.4545454546}","{""default-run1"": 2.6063849275482207, ""default-run2"": 2.5611872702625758}"
default,String->UTF16,Mixed,262144,458750,262143,235931,swift-transcode,22,837803.2222222222,823481.4444444445,870226.8888888889,2.9458513310739347,swift-array,2.5680764089722414,swift-array,2.5680764089722414,"{""default-run1"": 837787.0, ""default-run2"": 848314.8888888889}","{""default-run1"": 2.9946109086239123, ""default-run2"": 2.96082106469579}"
default,String->UTF16,Mixed,1048576,1835003,1048576,943720,simdutf,22,1134934.5,1105988.142857143,1197976.142857143,1.0,swift-array,2.570788886935766,swift-temporary,2.569127557581517,"{""default-run1"": 1124000.0, ""default-run2"": 1137315.4285714286}","{""default-run1"": 1.0, ""default-run2"": 1.0}"
default,String->UTF16,Mixed,1048576,1835003,1048576,943720,swift-array,22,2917677.0,2841708.5,3052083.5,2.570788886935766,swift-array,2.570788886935766,swift-temporary,2.569127557581517,"{""default-run1"": 2917916.5, ""default-run2"": 2917437.5}","{""default-run1"": 2.596011120996441, ""default-run2"": 2.5651964500864692}"
default,String->UTF16,Mixed,1048576,1835003,1048576,943720,swift-span,22,3042739.5,2962187.5,3206416.5,2.68098247079457,swift-array,2.570788886935766,swift-temporary,2.569127557581517,"{""default-run1"": 3042708.0, ""default-run2"": 3042771.0}","{""default-run1"": 2.7070355871886123, ""default-run2"": 2.6753976280986502}"
default,String->UTF16,Mixed,1048576,1835003,1048576,943720,swift-temporary,22,2915791.5,2832937.5,3031312.5,2.569127557581517,swift-array,2.570788886935766,swift-temporary,2.569127557581517,"{""default-run1"": 2914562.5, ""default-run2"": 2920625.0}","{""default-run1"": 2.5930271352313166, ""default-run2"": 2.5679991026487436}"
default,String->UTF16,Mixed,1048576,1835003,1048576,943720,swift-transcode,22,3363250.0,3239250.0,3488854.0,2.9633868738680516,swift-array,2.570788886935766,swift-temporary,2.569127557581517,"{""default-run1"": 3368500.0, ""default-run2"": 3358354.5}","{""default-run1"": 2.9968861209964412, ""default-run2"": 2.9528786962983506}"
default,String->UTF32,ASCII,0,0,0,0,simdutf,22,26.5348172215112,25.434426229508198,27.48519665470038,1.0,swift-array,0.3482642675096278,swift-temporary,0.0788727874976034,"{""default-run1"": 26.07445573770492, ""default-run2"": 26.573066656146857}","{""default-run1"": 1.0, ""default-run2"": 1.0}"
default,String->UTF32,ASCII,0,0,0,0,swift-array,22,9.241128683151455,8.932238872248933,9.805223008151817,0.3482642675096278,swift-array,0.3482642675096278,swift-temporary,0.0788727874976034,"{""default-run1"": 9.093572571107496, ""default-run2"": 9.34964845348074}","{""default-run1"": 0.34875407036618417, ""default-run2"": 0.3518467994102588}"
default,String->UTF32,ASCII,0,0,0,0,swift-span,22,4.483582999999999,4.317792,10.985125,0.16896980908409107,swift-array,0.3482642675096278,swift-temporary,0.0788727874976034,"{""default-run1"": 4.4425, ""default-run2"": 4.502666}","{""default-run1"": 0.17037747766201428, ""default-run2"": 0.1694447260552988}"
default,String->UTF32,ASCII,0,0,0,0,swift-temporary,22,2.0928750000000003,2.025125,2.2645,0.0788727874976034,swift-array,0.3482642675096278,swift-temporary,0.0788727874976034,"{""default-run1"": 2.083209, ""default-run2"": 2.100875}","{""default-run1"": 0.07989463024486373, ""default-run2"": 0.0790603142341506}"
default,String->UTF32,ASCII,0,0,0,0,swift-transcode,22,5.1074375,4.91125,5.403208,0.19248059850434962,swift-array,0.3482642675096278,swift-temporary,0.0788727874976034,"{""default-run1"": 5.102375, ""default-run2"": 5.1125}","{""default-run1"": 0.1956848131875566, ""default-run2"": 0.19239405320263933}"
default,String->UTF32,ASCII,7,7,7,7,simdutf,22,44.460367277065934,42.18671992529958,46.662260725216576,1.0,swift-array,1.6626461897469558,swift-transcode,0.3881753581853522,"{""default-run1"": 43.27522954816621, ""default-run2"": 45.020407739793534}","{""default-run1"": 1.0, ""default-run2"": 1.0}"
default,String->UTF32,ASCII,7,7,7,7,swift-array,22,73.9218602479639,71.15863464231987,191.947265625,1.6626461897469558,swift-array,1.6626461897469558,swift-transcode,0.3881753581853522,"{""default-run1"": 73.0953156611506, ""default-run2"": 75.720703125}","{""default-run1"": 1.6890797905484018, ""default-run2"": 1.681919532196295}"
default,String->UTF32,ASCII,7,7,7,7,swift-span,22,24.281541276346424,23.50733950733951,25.46411201254606,0.5461390169143208,swift-array,1.6626461897469558,swift-transcode,0.3881753581853522,"{""default-run1"": 23.942428442428444, ""default-run2"": 24.715432987735817}","{""default-run1"": 0.5532594209761507, ""default-run2"": 0.5489828775115657}"
default,String->UTF32,ASCII,7,7,7,7,swift-temporary,22,22.437546216853676,21.382666424625917,66.32747432747433,0.5046639870747913,swift-array,1.6626461897469558,swift-transcode,0.3881753581853522,"{""default-run1"": 22.12859855524724, ""default-run2"": 22.802526302526303}","{""default-run1"": 0.5113456077828001, ""default-run2"": 0.5064931093987217}"
default,String->UTF32,ASCII,7,7,7,7,swift-transcode,22,17.25841899282738,16.62871139672098,17.996331169264586,0.3881753581853522,swift-array,1.6626461897469558,swift-transcode,0.3881753581853522,"{""default-run1"": 16.972520612709218, ""default-run2"": 17.6683457110946}","{""default-run1"": 0.3921994357954464, ""default-run2"": 0.39245192565143183}"
default,String->UTF32,ASCII,16,16,16,16,simdutf,22,42.41756988589822,40.39811070955738,43.1252114972729,1.0,swift-array,3.776953804664889,swift-transcode,0.7819752236590145,"{""default-run1"": 42.08667937780186, ""default-run2"": 42.47894381905898}","{""default-run1"": 1.0, ""default-run2"": 1.0}"
default,String->UTF32,ASCII,16,16,16,16,swift-array,22,160.2092019651821,133.20244023904382,181.24094537323523,3.776953804664889,swift-array,3.776953804664889,swift-transcode,0.7819752236590145,"{""default-run1"": 138.5983980743692, ""default-run2"": 178.270403785653}","{""default-run1"": 3.2931654414976568, ""default-run2"": 4.1966769358721345}"
default,String->UTF32,ASCII,16,16,16,16,swift-span,22,40.11585483669148,38.81649686406421,41.69635223296077,0.9457367535340128,swift-array,3.776953804664889,swift-transcode,0.7819752236590145,"{""default-run1"": 39.60088310278308, ""default-run2"": 40.30262028908983}","{""default-run1"": 0.9409362698181913, ""default-run2"": 0.9487670046779104}"
default,String->UTF32,ASCII,16,16,16,16,swift-temporary,22,44.848783524407324,43.06599574622607,46.308211858691706,1.05731619338517,swift-array,3.776953804664889,swift-transcode,0.7819752236590145,"{""default-run1"": 44.84662551226851, ""default-run2"": 44.95642475488925}","{""default-run1"": 1.065577664364805, ""default-run2"": 1.0583225643835028}"
default,String->UTF32,ASCII,16,16,16,16,swift-transcode,22,33.169488698597135,31.964580955205207,61.780888583766306,0.7819752236590145,swift-array,3.776953804664889,swift-transcode,0.7819752236590145,"{""default-run1"": 33.21136058041898, ""default-run2"": 33.12761681677529}","{""default-run1"": 0.7891181027205473, ""default-run2"": 0.779859710210402}"
default,String->UTF32,ASCII,128,128,128,128,simdutf,22,67.52995798101364,65.08186958551642,69.546234375,1.0,swift-array,8.538528700656316,swift-transcode,3.0028147386381097,"{""default-run1"": 67.41497120921305, ""default-run2"": 67.686859375}","{""default-run1"": 1.0, ""default-run2"": 1.0}"
default,String->UTF32,ASCII,128,128,128,128,swift-array,22,576.606484375,556.40953125,690.504609375,8.538528700656316,swift-array,8.538528700656316,swift-transcode,3.0028147386381097,"{""default-run1"": 569.986953125, ""default-run2"": 580.546875}","{""default-run1"": 8.454901676900882, ""default-run2"": 8.576950982223055}"
default,String->UTF32,ASCII,128,128,128,128,swift-span,22,281.2563182111636,270.1823125,296.453125,4.164911790560274,swift-array,8.538528700656316,swift-transcode,3.0028147386381097,"{""default-run1"": 278.35284375, ""default-run2"": 282.5324305580903}","{""default-run1"": 4.128947009206166, ""default-run2"": 4.174110501904053}"
default,String->UTF32,ASCII,128,128,128,128,swift-temporary,22,283.44281738836185,276.4642844107019,758.5140742285238,4.197290000803097,swift-array,8.538528700656316,swift-transcode,3.0028147386381097,"{""default-run1"": 282.92676188490407, ""default-run2"": 283.85100558455304}","{""default-run1"": 4.196794225527145, ""default-run2"": 4.193591019077372}"
default,String->UTF32,ASCII,128,128,128,128,swift-transcode,22,202.779953125,196.20308884324382,242.63755492576897,3.0028147386381097,swift-array,8.538528700656316,swift-transcode,3.0028147386381097,"{""default-run1"": 205.5220353084943, ""default-run2"": 202.75653125}","{""default-run1"": 3.0486111856472515, ""default-run2"": 2.995508036895086}"
default,String->UTF32,ASCII,1024,1024,1024,1024,simdutf,22,122.18034374999999,117.98046875,126.73371875,1.0,swift-array,32.450626045163645,swift-transcode,12.990359565981757,"{""default-run1"": 119.872390625, ""default-run2"": 125.173828125}","{""default-run1"": 1.0, ""default-run2"": 1.0}"
default,String->UTF32,ASCII,1024,1024,1024,1024,swift-array,22,3964.828645100797,3820.4017815283637,4115.408345053915,32.450626045163645,swift-array,32.450626045163645,swift-transcode,12.990359565981757,"{""default-run1"": 3962.2794186591655, ""default-run2"": 4007.7417049515057}","{""default-run1"": 33.05414531236363, ""default-run2"": 32.017409429623974}"
default,String->UTF32,ASCII,1024,1024,1024,1024,swift-span,22,2162.457894359116,2072.743812196989,3433.9755039550905,17.698901705366303,swift-array,32.450626045163645,swift-transcode,12.990359565981757,"{""default-run1"": 2137.077825976014, ""default-run2"": 2177.9831631244824}","{""default-run1"": 17.827940319147316, ""default-run2"": 17.399668890445085}"
default,String->UTF32,ASCII,1024,1024,1024,1024,swift-temporary,22,2212.6511785424004,2107.823177083333,2301.0476835545924,18.109714792338686,swift-array,32.450626045163645,swift-transcode,12.990359565981757,"{""default-run1"": 2186.1328125, ""default-run2"": 2232.536169059875}","{""default-run1"": 18.23716704990841, ""default-run2"": 17.835486878538536}"
default,String->UTF32,ASCII,1024,1024,1024,1024,swift-transcode,22,1587.1665972077517,1510.2077872012337,2282.759830377795,12.990359565981757,swift-array,32.450626045163645,swift-transcode,12.990359565981757,"{""default-run1"": 1582.120470316114, ""default-run2"": 1613.5392790164617}","{""default-run1"": 13.19837255323875, ""default-run2"": 12.890388535574411}"
default,String->UTF32,ASCII,16384,16384,16384,16384,simdutf,22,986.1147329515877,945.6065851119208,1048.90625,1.0,swift-array,62.74103632649901,swift-transcode,24.885021613997043,"{""default-run1"": 967.0907079646017, ""default-run2"": 1005.5365}","{""default-run1"": 1.0, ""default-run2"": 1.0}"
default,String->UTF32,ASCII,16384,16384,16384,16384,swift-array,22,61869.86028221143,58808.52671755725,66404.67424242424,62.74103632649901,swift-array,62.74103632649901,swift-transcode,24.885021613997043,"{""default-run1"": 60363.54961832061, ""default-run2"": 62557.13636363636}","{""default-run1"": 62.41767098079707, ""default-run2"": 62.21269577348645}"
default,String->UTF32,ASCII,16384,16384,16384,16384,swift-span,22,33649.00434782609,32294.565217391304,35651.26050420168,34.12280865849112,swift-array,62.74103632649901,swift-transcode,24.885021613997043,"{""default-run1"": 32948.55217391304, ""default-run2"": 34231.09243697479}","{""default-run1"": 34.06976398652261, ""default-run2"": 34.04261549627964}"
default,String->UTF32,ASCII,16384,16384,16384,16384,swift-temporary,22,34617.53447350895,33018.957081545064,36597.52155172414,35.10497644619256,swift-array,62.74103632649901,swift-transcode,24.885021613997043,"{""default-run1"": 33736.22746781116, ""default-run2"": 34952.22844827586}","{""default-run1"": 34.88424321521451, ""default-run2"": 34.7597809212056}"
default,String->UTF32,ASCII,16384,16384,16384,16384,swift-transcode,22,24539.48644338118,23567.33746130031,26071.336363636365,24.885021613997043,swift-array,62.74103632649901,swift-transcode,24.885021613997043,"{""default-run1"": 24067.21052631579, ""default-run2"": 25056.312121212122}","{""default-run1"": 24.886197673193568, ""default-run2"": 24.918351667206633}"
default,String->UTF32,ASCII,262144,262144,262144,262144,simdutf,22,19339.394732952867,18833.529274004683,21776.699029126212,1.0,swift-array,51.927378560478694,swift-transcode,20.411285430757076,"{""default-run1"": 19302.88992974239, ""default-run2"": 19504.45145631068}","{""default-run1"": 1.0, ""default-run2"": 1.0}"
default,String->UTF32,ASCII,262144,262144,262144,262144,swift-array,22,1004244.0714285714,968166.7142857143,1805421.875,51.927378560478694,swift-array,51.927378560478694,swift-transcode,20.411285430757076,"{""default-run1"": 1001529.8571428572, ""default-run2"": 1011114.5}","{""default-run1"": 51.8849695972039, ""default-run2"": 51.84019157190156}"
default,String->UTF32,ASCII,262144,262144,262144,262144,swift-span,22,545605.6785714286,531994.0714285715,596294.6428571428,28.212138285887395,swift-array,51.927378560478694,swift-transcode,20.411285430757076,"{""default-run1"": 537488.0714285715, ""default-run2"": 558321.4285714285}","{""default-run1"": 27.844953444012344, ""default-run2"": 28.625333546142013}"
default,String->UTF32,ASCII,262144,262144,262144,262144,swift-temporary,22,556337.8214285714,538029.7857142857,635898.7857142857,28.767075139151782,swift-array,51.927378560478694,swift-transcode,20.411285430757076,"{""default-run1"": 551253.0, ""default-run2"": 558693.4285714285}","{""default-run1"": 28.55805540032714, ""default-run2"": 28.644406115336448}"
default,String->UTF32,ASCII,262144,262144,262144,262144,swift-transcode,22,394741.90595238097,385712.28571428574,440654.15,20.411285430757076,swift-array,51.927378560478694,swift-transcode,20.411285430757076,"{""default-run1"": 392446.4285714286, ""default-run2"": 400343.75}","{""default-run1"": 20.330967539049013, ""default-run2"": 20.525763100631497}"
default,String->UTF32,ASCII,1048576,1048576,1048576,1048576,simdutf,22,81210.46590909091,77981.53409090909,89035.28571428571,1.0,swift-array,52.3708668875387,swift-transcode,19.677728505940163,"{""default-run1"": 81187.5, ""default-run2"": 81233.43181818182}","{""default-run1"": 1.0, ""default-run2"": 1.0}"
default,String->UTF32,ASCII,1048576,1048576,1048576,1048576,swift-array,22,4253062.5,4051292.0,4564209.0,52.3708668875387,swift-array,52.3708668875387,swift-transcode,19.677728505940163,"{""default-run1"": 4266917.0, ""default-run2"": 4233000.0}","{""default-run1"": 52.55632948421863, ""default-run2"": 52.10908741950456}"
default,String->UTF32,ASCII,1048576,1048576,1048576,1048576,swift-span,22,2198201.5,2115333.3333333335,2281875.0,27.067958241499603,swift-array,52.3708668875387,swift-transcode,19.677728505940163,"{""default-run1"": 2203847.3333333335, ""default-run2"": 2192555.6666666665}","{""default-run1"": 27.145155760841675, ""default-run2"": 26.990804371949782}"
default,String->UTF32,ASCII,1048576,1048576,1048576,1048576,swift-temporary,22,2256264.0,2167069.3333333335,2397028.0,27.78292150824156,swift-array,52.3708668875387,swift-transcode,19.677728505940163,"{""default-run1"": 2258375.0, ""default-run2"": 2254153.0}","{""default-run1"": 27.816782140107776, ""default-run2"": 27.749080022191936}"
default,String->UTF32,ASCII,1048576,1048576,1048576,1048576,swift-transcode,22,1598037.5,1576550.0,1936091.6,19.677728505940163,swift-array,52.3708668875387,swift-transcode,19.677728505940163,"{""default-run1"": 1608941.6, ""default-run2"": 1593450.0}","{""default-run1"": 19.81760246343341, ""default-run2"": 19.615692262841847}"
default,String->UTF32,CJK,0,0,0,0,simdutf,22,26.528419167007918,25.670228800785814,28.023871773871775,1.0,swift-array,0.3530382960212796,swift-temporary,0.079541264284011,"{""default-run1"": 26.55441258658357, ""default-run2"": 26.446901446901446}","{""default-run1"": 1.0, ""default-run2"": 1.0}"
default,String->UTF32,CJK,0,0,0,0,swift-array,22,9.365547898858729,8.980651377824458,9.647398146020791,0.3530382960212796,swift-array,0.3530382960212796,swift-temporary,0.079541264284011,"{""default-run1"": 9.343599223523123, ""default-run2"": 9.424542}","{""default-run1"": 0.3518661613416337, ""default-run2"": 0.3563571338941936}"
default,String->UTF32,CJK,0,0,0,0,swift-span,22,4.5469170000000005,4.356875,4.6945,0.17139796274233995,swift-array,0.3530382960212796,swift-temporary,0.079541264284011,"{""default-run1"": 4.528875, ""default-run2"": 4.559084}","{""default-run1"": 0.17055075066085937, ""default-run2"": 0.17238631940129034}"
default,String->UTF32,CJK,0,0,0,0,swift-temporary,22,2.1101039999999998,2.047542,2.1955,0.079541264284011,swift-array,0.3530382960212796,swift-temporary,0.079541264284011,"{""default-run1"": 2.100625, ""default-run2"": 2.112375}","{""default-run1"": 0.07910643826711218, ""default-run2"": 0.07987230580645162}"
default,String->UTF32,CJK,0,0,0,0,swift-transcode,22,5.1603955,4.912625,5.41,0.19452329471700028,swift-array,0.3530382960212796,swift-temporary,0.079541264284011,"{""default-run1"": 5.155708, ""default-run2"": 5.177958}","{""default-run1"": 0.1941563566201756, ""default-run2"": 0.1957869435251613}"
default,String->UTF32,CJK,7,21,7,7,simdutf,22,44.67815355599859,41.953716864657366,45.783835659075585,1.0,swift-array,1.8129795225098815,swift-span,0.7160135032982997,"{""default-run1"": 43.84499662810603, ""default-run2"": 45.0218531065339}","{""default-run1"": 1.0, ""default-run2"": 1.0}"
default,String->UTF32,CJK,7,21,7,7,swift-array,22,81.00057750057749,78.31914781914782,83.708984375,1.8129795225098815,swift-array,1.8129795225098815,swift-span,0.7160135032982997,"{""default-run1"": 80.92532392532392, ""default-run2"": 81.5045625}","{""default-run1"": 1.8457139958689888, ""default-run2"": 1.8103333576060971}"
default,String->UTF32,CJK,7,21,7,7,swift-span,22,31.990161248529937,29.79882792651393,33.42135905412539,0.7160135032982997,swift-array,1.8129795225098815,swift-span,0.7160135032982997,"{""default-run1"": 31.07901898126715, ""default-run2"": 32.50141194438323}","{""default-run1"": 0.7088384393065391, ""default-run2"": 0.7219030249038414}"
default,String->UTF32,CJK,7,21,7,7,swift-temporary,22,34.13544289757672,33.04204887627295,34.988563337327086,0.7640298486102862,swift-array,1.8129795225098815,swift-span,0.7160135032982997,"{""default-run1"": 33.94664607219294, ""default-run2"": 34.272048796427406}","{""default-run1"": 0.7742421868595165, ""default-run2"": 0.761231411673137}"
default,String->UTF32,CJK,7,21,7,7,swift-transcode,22,37.880425880425875,35.795633045633046,38.966630966630966,0.8478511949458117,swift-array,1.8129795225098815,swift-span,0.7160135032982997,"{""default-run1"": 37.5983535983536, ""default-run2"": 38.096227346227344}","{""default-run1"": 0.8575289426354263, ""default-run2"": 0.8461719080305592}"
default,String->UTF32,CJK,16,48,16,16,simdutf,22,55.41599315246148,53.8033200186751,56.828521035430825,1.0,swift-array,2.9109317130019674,swift-temporary,1.1506556604398945,"{""default-run1"": 55.55670488146496, ""default-run2"": 55.275281423458004}","{""default-run1"": 1.0, ""default-run2"": 1.0}"
default,String->UTF32,CJK,16,48,16,16,swift-array,22,161.312171875,155.6295625,211.34634375,2.9109317130019674,swift-array,2.9109317130019674,swift-temporary,1.1506556604398945,"{""default-run1"": 160.576171875, ""default-run2"": 162.12372661990648}","{""default-run1"": 2.890311299376073, ""default-run2"": 2.933023992730023}"
default,String->UTF32,CJK,16,48,16,16,swift-span,22,87.2054794565739,83.73709602116512,90.37713337137521,1.5736518375959194,swift-array,2.9109317130019674,swift-temporary,1.1506556604398945,"{""default-run1"": 87.03636457955076, ""default-run2"": 87.290375}","{""default-run1"": 1.5666221523621746, ""default-run2"": 1.5791936784776868}"
default,String->UTF32,CJK,16,48,16,16,swift-temporary,22,63.76472619977824,61.173828125,66.880203125,1.1506556604398945,swift-array,2.9109317130019674,swift-temporary,1.1506556604398945,"{""default-run1"": 63.76953125, ""default-run2"": 63.75992114955647}","{""default-run1"": 1.1478278163915197, ""default-run2"": 1.153497901912042}"
default,String->UTF32,CJK,16,48,16,16,swift-transcode,22,76.736,72.052734375,125.367828125,1.3847266039044457,swift-array,2.9109317130019674,swift-temporary,1.1506556604398945,"{""default-run1"": 76.70571875, ""default-run2"": 76.84432684432684}","{""default-run1"": 1.3806743742930452, ""default-run2"": 1.3902114085251}"
default,String->UTF32,CJK,128,362,128,128,simdutf,22,155.69202989311958,149.437564499484,160.28466460268316,1.0,swift-array,8.085778966019241,swift-temporary,2.802342058097852,"{""default-run1"": 156.4181217750258, ""default-run2"": 155.0383684034736}","{""default-run1"": 1.0, ""default-run2"": 1.0}"
default,String->UTF32,CJK,128,362,128,128,swift-array,22,1258.8913404866253,1179.4870787365876,1289.0334572490706,8.085778966019241,swift-array,8.085778966019241,swift-temporary,2.802342058097852,"{""default-run1"": 1247.971676402903, ""default-run2"": 1259.0235756385068}","{""default-run1"": 7.978434098562089, ""default-run2"": 8.120722557928431}"
default,String->UTF32,CJK,128,362,128,128,swift-span,22,627.6639971356768,611.3955211455211,649.4130869130869,4.031445910022237,swift-array,8.085778966019241,swift-temporary,2.802342058097852,"{""default-run1"": 624.6669996669997, ""default-run2"": 628.984375}","{""default-run1"": 3.9935717970418434, ""default-run2"": 4.056959457694523}"
default,String->UTF32,CJK,128,362,128,128,swift-temporary,22,436.302323480117,417.64620596205964,453.06287262872627,2.802342058097852,swift-array,8.085778966019241,swift-temporary,2.802342058097852,"{""default-run1"": 438.9058265582656, ""default-run2"": 434.6850077457112}","{""default-run1"": 2.805978115435616, ""default-run2"": 2.8037253759951986}"
default,String->UTF32,CJK,128,362,128,128,swift-transcode,22,619.150390625,604.67453125,631.363984375,3.9767635571971036,swift-array,8.085778966019241,swift-temporary,2.802342058097852,"{""default-run1"": 619.76890625, ""default-run2"": 618.531875}","{""default-run1"": 3.962257692503211, ""default-run2"": 3.98954066254313}"
default,String->UTF32,CJK,1024,2888,1024,1024,simdutf,22,857.6875410194706,820.1800458715596,882.2741194486983,1.0,swift-array,10.950359382349237,swift-temporary,3.7010323204145887,"{""default-run1"": 834.5061509591326, ""default-run2"": 863.2957777291621}","{""default-run1"": 1.0, ""default-run2"": 1.0}"
default,String->UTF32,CJK,1024,2888,1024,1024,swift-array,22,9391.986811926607,9030.352638352639,9730.886467889908,10.950359382349237,swift-array,10.950359382349237,swift-temporary,3.7010323204145887,"{""default-run1"": 9273.220077220078, ""default-run2"": 9398.31766055046}","{""default-run1"": 11.112224956714796, ""default-run2"": 10.886555805093897}"
default,String->UTF32,CJK,1024,2888,1024,1024,swift-span,22,4787.094304899567,4522.251547552054,4953.471584038694,5.581396576204776,swift-array,10.950359382349237,swift-temporary,3.7010323204145887,"{""default-run1"": 4687.324141812042, ""default-run2"": 4803.481257557437}","{""default-run1"": 5.616883873683503, ""default-run2"": 5.564119947618244}"
default,String->UTF32,CJK,1024,2888,1024,1024,swift-temporary,22,3174.329310129974,3044.888272290048,3263.1594148537133,3.7010323204145887,swift-array,10.950359382349237,swift-temporary,3.7010323204145887,"{""default-run1"": 3127.0810210876803, ""default-run2"": 3217.4759939984997}","{""default-run1"": 3.74722345364812, ""default-run2"": 3.7269682963837036}"
default,String->UTF32,CJK,1024,2888,1024,1024,swift-transcode,22,4651.3831263577085,4471.332413031474,4849.402865329513,5.423167416923125,swift-array,10.950359382349237,swift-temporary,3.7010323204145887,"{""default-run1"": 4612.345665378244, ""default-run2"": 4708.691690544412}","{""default-run1"": 5.527036151952965, ""default-run2"": 5.454320305990943}"
default,String->UTF32,CJK,16384,46176,16384,16384,simdutf,22,12574.895506123623,12134.41640866873,13048.51598173516,1.0,swift-array,11.949491478188643,swift-temporary,3.9681686047614466,"{""default-run1"": 12462.20278637771, ""default-run2"": 12628.04414003044}","{""default-run1"": 1.0, ""default-run2"": 1.0}"
default,String->UTF32,CJK,16384,46176,16384,16384,swift-array,22,150263.6066895369,142167.45283018867,155086.36363636365,11.949491478188643,swift-array,11.949491478188643,swift-temporary,3.9681686047614466,"{""default-run1"": 146614.79245283018, ""default-run2"": 151306.81818181818}","{""default-run1"": 11.764757400119755, ""default-run2"": 11.981809415931725}"
default,String->UTF32,CJK,16384,46176,16384,16384,swift-span,22,75263.05057724024,73174.06542056074,126768.62352941177,5.985182981487936,swift-array,11.949491478188643,swift-temporary,3.9681686047614466,"{""default-run1"": 75190.42056074766, ""default-run2"": 75673.03529411765}","{""default-run1"": 6.033477536004907, ""default-run2"": 5.992458883972134}"
default,String->UTF32,CJK,16384,46176,16384,16384,swift-temporary,22,49899.30555555556,47897.37654320987,52869.686274509804,3.9681686047614466,swift-array,11.949491478188643,swift-temporary,3.9681686047614466,"{""default-run1"": 49531.12345679013, ""default-run2"": 50898.28431372549}","{""default-run1"": 3.9745079024818972, ""default-run2"": 4.030575420019303}"
default,String->UTF32,CJK,16384,46176,16384,16384,swift-transcode,22,73875.14685150376,71558.11403508772,133387.4298245614,5.874811986749999,swift-array,11.949491478188643,swift-temporary,3.9681686047614466,"{""default-run1"": 72961.99122807017, ""default-run2"": 74757.07142857143}","{""default-run1"": 5.854662492559027, ""default-run2"": 5.919924780084846}"
default,String->UTF32,CJK,262144,738772,262144,262144,simdutf,22,200676.33531746033,194606.5,208681.54761904763,1.0,swift-array,12.176219795927608,swift-temporary,4.008330622180807,"{""default-run1"": 200731.14285714287, ""default-run2"": 200621.52777777778}","{""default-run1"": 1.0, ""default-run2"": 1.0}"
default,String->UTF32,CJK,262144,738772,262144,262144,swift-array,22,2443479.166666667,2363680.3333333335,2546653.0,12.176219795927608,swift-array,12.176219795927608,swift-temporary,4.008330622180807,"{""default-run1"": 2435833.3333333335, ""default-run2"": 2451125.0}","{""default-run1"": 12.134805285629628, ""default-run2"": 12.217656934180239}"
default,String->UTF32,CJK,262144,738772,262144,262144,swift-span,22,1212381.9166666667,1148625.0,1263895.8333333333,6.0414792543861076,swift-array,12.176219795927608,swift-temporary,4.008330622180807,"{""default-run1"": 1199541.6666666667, ""default-run2"": 1222625.0}","{""default-run1"": 5.975862288196911, ""default-run2"": 6.094186469132383}"
default,String->UTF32,CJK,262144,738772,262144,262144,swift-temporary,22,804377.1,773825.0,836347.2222222222,4.008330622180807,swift-array,12.176219795927608,swift-temporary,4.008330622180807,"{""default-run1"": 796929.2, ""default-run2"": 809583.3333333334}","{""default-run1"": 3.9701323305231297, ""default-run2"": 4.035376174734766}"
default,String->UTF32,CJK,262144,738772,262144,262144,swift-transcode,22,1201368.0833333335,1170738.142857143,1251020.8333333333,5.986595686197014,swift-array,12.176219795927608,swift-temporary,4.008330622180807,"{""default-run1"": 1198958.2857142857, ""default-run2"": 1202889.0}","{""default-run1"": 5.972956007965167, ""default-run2"": 5.9958121808961735}"
default,String->UTF32,CJK,1048576,2955080,1048576,1048576,simdutf,22,805064.8333333333,780545.8,818148.1111111111,1.0,swift-array,12.083861568912981,swift-temporary,4.02532270175342,"{""default-run1"": 786708.4, ""default-run2"": 808513.8888888889}","{""default-run1"": 1.0, ""default-run2"": 1.0}"
default,String->UTF32,CJK,1048576,2955080,1048576,1048576,swift-array,22,9728292.0,9466042.0,10047417.0,12.083861568912981,swift-array,12.083861568912981,swift-temporary,4.02532270175342,"{""default-run1"": 9635833.0, ""default-run2"": 9810792.0}","{""default-run1"": 12.248290472047838, ""default-run2"": 12.134351845807638}"
default,String->UTF32,CJK,1048576,2955080,1048576,1048576,swift-span,22,4842271.0,4651625.0,5090916.0,6.014759059777588,swift-array,12.083861568912981,swift-temporary,4.02532270175342,"{""default-run1"": 4782167.0, ""default-run2"": 4890291.0}","{""default-run1"": 6.078703367092559, ""default-run2"": 6.048493498015907}"
default,String->UTF32,CJK,1048576,2955080,1048576,1048576,swift-temporary,22,3240645.75,3166583.5,3332437.5,4.02532270175342,swift-array,12.083861568912981,swift-temporary,4.02532270175342,"{""default-run1"": 3218271.0, ""default-run2"": 3252583.5}","{""default-run1"": 4.090805436931905, ""default-run2"": 4.022916049679625}"
default,String->UTF32,CJK,1048576,2955080,1048576,1048576,swift-transcode,22,4819249.5,4644709.0,4929250.0,5.986163226191515,swift-array,12.083861568912981,swift-temporary,4.02532270175342,"{""default-run1"": 4751958.0, ""default-run2"": 4866208.0}","{""default-run1"": 6.040304133018028, ""default-run2"": 6.018706749351519}"
default,String->UTF32,Emoji,0,0,0,0,simdutf,22,26.713699886370186,26.12678006329114,27.397492543086457,1.0,swift-array,0.3524001511420227,swift-temporary,0.07972420552222441,"{""default-run1"": 26.67393066507574, ""default-run2"": 26.908423151020166}","{""default-run1"": 1.0, ""default-run2"": 1.0}"
default,String->UTF32,Emoji,0,0,0,0,swift-array,22,9.413911877519489,9.025770502016025,9.788359788359788,0.3524001511420227,swift-array,0.3524001511420227,swift-temporary,0.07972420552222441,"{""default-run1"": 9.257993435663154, ""default-run2"": 9.470939425859335}","{""default-run1"": 0.34708020920908644, ""default-run2"": 0.35196932100795614}"
default,String->UTF32,Emoji,0,0,0,0,swift-span,22,4.548142548142549,4.37375,6.465596715596716,0.17025505892065118,swift-array,0.3524001511420227,swift-temporary,0.07972420552222441,"{""default-run1"": 4.510834, ""default-run2"": 4.641660891660892}","{""default-run1"": 0.1691102093890515, ""default-run2"": 0.1724984353639063}"
default,String->UTF32,Emoji,0,0,0,0,swift-temporary,22,2.1297284999999997,2.055458,2.176459,0.07972420552222441,swift-array,0.3524001511420227,swift-temporary,0.07972420552222441,"{""default-run1"": 2.142209, ""default-run2"": 2.128916}","{""default-run1"": 0.08031096079906966, ""default-run2"": 0.07911708493848653}"
default,String->UTF32,Emoji,0,0,0,0,swift-transcode,22,5.1283955,4.95,5.394125,0.19197623398534175,swift-array,0.3524001511420227,swift-temporary,0.07972420552222441,"{""default-run1"": 5.106292, ""default-run2"": 5.154334}","{""default-run1"": 0.19143380344336292, ""default-run2"": 0.19155094934667646}"
default,String->UTF32,Emoji,7,12,6,3,simdutf,22,45.50890180007262,44.08146495824039,47.4027805156404,1.0,swift-array,1.3888554456863076,swift-span,0.4306940648301749,"{""default-run1"": 45.43973647351766, ""default-run2"": 45.57806712662759}","{""default-run1"": 1.0, ""default-run2"": 1.0}"
default,String->UTF32,Emoji,7,12,6,3,swift-array,22,63.20528609223427,60.1774964984178,65.56993308087358,1.3888554456863076,swift-array,1.3888554456863076,swift-span,0.4306940648301749,"{""default-run1"": 64.37161384032785, ""default-run2"": 62.13147273953416}","{""default-run1"": 1.416637041410742, ""default-run2"": 1.3631879686103616}"
default,String->UTF32,Emoji,7,12,6,3,swift-span,22,19.600413902230542,19.266558564651152,20.22259024725134,0.4306940648301749,swift-array,1.3888554456863076,swift-span,0.4306940648301749,"{""default-run1"": 19.790738065230087, ""default-run2"": 19.59113989742755}","{""default-run1"": 0.4355381347064844, ""default-run2"": 0.4298370056588474}"
default,String->UTF32,Emoji,7,12,6,3,swift-temporary,22,20.459093175580755,20.016757343850884,21.565358443412133,0.44956244528731093,swift-array,1.3888554456863076,swift-span,0.4306940648301749,"{""default-run1"": 20.37993720737513, ""default-run2"": 20.676400074076668}","{""default-run1"": 0.44850474032243964, ""default-run2"": 0.45364802365647305}"
default,String->UTF32,Emoji,7,12,6,3,swift-transcode,22,20.8571527950498,19.991866585349605,21.58937787321713,0.4583092970838623,swift-array,1.3888554456863076,swift-span,0.4306940648301749,"{""default-run1"": 20.872094751461912, ""default-run2"": 20.84221083863769}","{""default-run1"": 0.45933573500423347, ""default-run2"": 0.45728597443004043}"
default,String->UTF32,Emoji,16,34,16,9,simdutf,22,50.46875993545859,47.65910665910666,53.215806715806714,1.0,swift-array,1.9085199029197184,swift-span,0.808595595472764,"{""default-run1"": 50.333994833994836, ""default-run2"": 50.75695388286559}","{""default-run1"": 1.0, ""default-run2"": 1.0}"
default,String->UTF32,Emoji,16,34,16,9,swift-array,22,96.32063281250001,92.4935,101.0143125,1.9085199029197184,swift-array,1.9085199029197184,swift-span,0.808595595472764,"{""default-run1"": 96.607421875, ""default-run2"": 95.83528125}","{""default-run1"": 1.919327527918622, ""default-run2"": 1.8881212113548809}"
default,String->UTF32,Emoji,16,34,16,9,swift-span,22,40.80881699278412,39.22176774889114,42.896265146265144,0.808595595472764,swift-array,1.9085199029197184,swift-span,0.808595595472764,"{""default-run1"": 40.09656323589215, ""default-run2"": 41.431728931728934}","{""default-run1"": 0.7966099922752709, ""default-run2"": 0.8162768992667103}"
default,String->UTF32,Emoji,16,34,16,9,swift-temporary,22,43.250861000861,42.086667086667084,45.56479556479557,0.8569828356427199,swift-array,1.9085199029197184,swift-span,0.808595595472764,"{""default-run1"": 42.85054285054285, ""default-run2"": 43.79160629160629}","{""default-run1"": 0.8513240999818721, ""default-run2"": 0.8627705750953144}"
default,String->UTF32,Emoji,16,34,16,9,swift-transcode,22,51.190358650531394,48.91298641298641,54.350178969756705,1.0142979283817477,swift-array,1.9085199029197184,swift-span,0.808595595472764,"{""default-run1"": 51.26280476280476, ""default-run2"": 51.117912538258025}","{""default-run1"": 1.0184529348777742, ""default-run2"": 1.0071115113847344}"
default,String->UTF32,Emoji,128,272,128,77,simdutf,22,148.70798991185876,143.90442266191727,155.5710199942799,1.0,swift-array,4.945219066810542,swift-temporary,1.8825314833197082,"{""default-run1"": 146.57055198772784, ""default-run2"": 152.50620108681522}","{""default-run1"": 1.0, ""default-run2"": 1.0}"
default,String->UTF32,Emoji,128,272,128,77,swift-array,22,735.3935870991936,709.3060191261953,763.1218826176636,4.945219066810542,swift-array,4.945219066810542,swift-temporary,1.8825314833197082,"{""default-run1"": 726.4946559159947, ""default-run2"": 743.7886742921432}","{""default-run1"": 4.956620863219667, ""default-run2"": 4.877104465206213}"
default,String->UTF32,Emoji,128,272,128,77,swift-span,22,364.9643552166488,350.1186313686314,378.85305462885736,2.4542350107278574,swift-array,4.945219066810542,swift-temporary,1.8825314833197082,"{""default-run1"": 358.45579420579423, ""default-run2"": 367.2895642201835}","{""default-run1"": 2.445619460011362, ""default-run2"": 2.4083582280769114}"
default,String->UTF32,Emoji,128,272,128,77,swift-temporary,22,279.9474728302637,272.931453294412,287.409825893346,1.8825314833197082,swift-array,4.945219066810542,swift-temporary,1.8825314833197082,"{""default-run1"": 277.12979566305256, ""default-run2"": 282.2708690732562}","{""default-run1"": 1.890760401081496, ""default-run2"": 1.850881256379677}"
default,String->UTF32,Emoji,128,272,128,77,swift-transcode,22,378.4199864498645,363.1379403794038,391.131046705588,2.544718590266462,swift-array,4.945219066810542,swift-temporary,1.8825314833197082,"{""default-run1"": 371.5249322493225, ""default-run2"": 383.1339658048374}","{""default-run1"": 2.534785652444222, ""default-run2"": 2.512251718779197}"
default,String->UTF32,Emoji,1024,2180,1024,622,simdutf,22,916.8242304936207,891.1574965612105,1266.0524988537368,1.0,swift-array,6.191466307862629,swift-temporary,2.214206157271344,"{""default-run1"": 908.0838323353294, ""default-run2"": 923.3627922971115}","{""default-run1"": 1.0, ""default-run2"": 1.0}"
default,String->UTF32,Emoji,1024,2180,1024,622,swift-array,22,5676.486333333333,5413.428473177441,10267.666666666666,6.191466307862629,swift-array,6.191466307862629,swift-temporary,2.214206157271344,"{""default-run1"": 5700.278, ""default-run2"": 5610.328060522696}","{""default-run1"": 6.277259650511045, ""default-run2"": 6.075973720541097}"
default,String->UTF32,Emoji,1024,2180,1024,622,swift-span,22,2698.8136320305052,2626.125516364792,5345.540832538926,2.9436543475486645,swift-array,6.191466307862629,swift-temporary,2.214206157271344,"{""default-run1"": 2697.4499523355576, ""default-run2"": 2707.9443147715906}","{""default-run1"": 2.9704856052755564, ""default-run2"": 2.9326981088710062}"
default,String->UTF32,Emoji,1024,2180,1024,622,swift-temporary,22,2030.0378562945368,1939.5041567695962,4945.392814726841,2.214206157271344,swift-array,6.191466307862629,swift-temporary,2.214206157271344,"{""default-run1"": 2027.5757125890736, ""default-run2"": 2032.5}","{""default-run1"": 2.2328067524060358, ""default-run2"": 2.2011933088007734}"
default,String->UTF32,Emoji,1024,2180,1024,622,swift-transcode,22,2907.2023726448015,2786.0983949755755,3687.0202372644803,3.1709484500421152,swift-array,6.191466307862629,swift-temporary,2.214206157271344,"{""default-run1"": 2892.4507658643324, ""default-run2"": 2915.605373342638}","{""default-run1"": 3.1852243844335213, ""default-run2"": 3.157594607087525}"
default,String->UTF32,Emoji,16384,34904,16384,9972,simdutf,22,13520.933977455716,13074.341384863124,14286.623548922056,1.0,swift-array,6.517008428899638,swift-temporary,2.343638037556909,"{""default-run1"": 13307.367149758455, ""default-run2"": 13709.922056384743}","{""default-run1"": 1.0, ""default-run2"": 1.0}"
default,String->UTF32,Emoji,16384,34904,16384,9972,swift-array,22,88116.04069767441,85984.01162790698,90880.03296703297,6.517008428899638,swift-array,6.517008428899638,swift-temporary,2.343638037556909,"{""default-run1"": 87147.27906976744, ""default-run2"": 90006.86813186813}","{""default-run1"": 6.548799479944406, ""default-run2"": 6.565089703770542}"
default,String->UTF32,Emoji,16384,34904,16384,9972,swift-span,22,42129.46716494845,41298.125,43854.59793814433,3.1158696015521934,swift-array,6.517008428899638,swift-temporary,2.343638037556909,"{""default-run1"": 42091.455, ""default-run2"": 42182.778350515466}","{""default-run1"": 3.1630189898806553, ""default-run2"": 3.0768065768011312}"
default,String->UTF32,Emoji,16384,34904,16384,9972,swift-temporary,22,31688.175172860847,30696.475655430713,33006.411538461536,2.343638037556909,swift-array,6.517008428899638,swift-temporary,2.343638037556909,"{""default-run1"": 31228.153558052436, ""default-run2"": 31993.75}","{""default-run1"": 2.346681594234008, ""default-run2"": 2.3336201233252405}"
default,String->UTF32,Emoji,16384,34904,16384,9972,swift-transcode,22,45408.12329070884,44342.8734939759,46927.656441717794,3.35835700155186,swift-array,6.517008428899638,swift-temporary,2.343638037556909,"{""default-run1"": 44937.24698795181, ""default-run2"": 45681.23926380368}","{""default-run1"": 3.3768698557901797, ""default-run2"": 3.3319838782401994}"
default,String->UTF32,Emoji,262144,558480,262144,159565,simdutf,22,219649.77027027027,214390.7837837838,247614.86486486485,1.0,swift-array,6.587551620106775,swift-temporary,2.336586457340332,"{""default-run1"": 220815.63636363635, ""default-run2"": 219628.37837837837}","{""default-run1"": 1.0, ""default-run2"": 1.0}"
default,String->UTF32,Emoji,262144,558480,262144,159565,swift-array,22,1446954.2,1393641.8,2074975.0,6.587551620106775,swift-array,6.587551620106775,swift-temporary,2.336586457340332,"{""default-run1"": 1455275.0, ""default-run2"": 1435116.6}","{""default-run1"": 6.590452668865677, ""default-run2"": 6.534294933087218}"
default,String->UTF32,Emoji,262144,558480,262144,159565,swift-span,22,675623.25,660704.8333333334,877972.25,3.0759114802108494,swift-array,6.587551620106775,swift-temporary,2.336586457340332,"{""default-run1"": 678517.3333333334, ""default-run2"": 675114.5833333334}","{""default-run1"": 3.0727775646103237, ""default-run2"": 3.073895041788443}"
default,String->UTF32,Emoji,262144,558480,262144,159565,swift-temporary,22,513230.6785714285,497044.64285714284,770065.5,2.336586457340332,swift-array,6.587551620106775,swift-temporary,2.336586457340332,"{""default-run1"": 523169.25, ""default-run2"": 509443.5}","{""default-run1"": 2.3692581676528177, ""default-run2"": 2.3195704660821415}"
default,String->UTF32,Emoji,262144,558480,262144,159565,swift-transcode,22,734778.3636363636,715431.8181818182,1710979.2,3.3452270982676113,swift-array,6.587551620106775,swift-temporary,2.336586457340332,"{""default-run1"": 735053.0, ""default-run2"": 734095.8}","{""default-run1"": 3.328808648267662, ""default-run2"": 3.3424451130595294}"
default,String->UTF32,Emoji,1048576,2233922,1048576,638263,simdutf,22,873196.7777777778,850662.0,1268500.0,1.0,swift-array,6.547970223333903,swift-temporary,2.2861875762762396,"{""default-run1"": 865212.8888888889, ""default-run2"": 878101.8888888889}","{""default-run1"": 1.0, ""default-run2"": 1.0}"
default,String->UTF32,Emoji,1048576,2233922,1048576,638263,swift-array,22,5717666.5,5484625.0,6148500.0,6.547970223333903,swift-array,6.547970223333903,swift-temporary,2.2861875762762396,"{""default-run1"": 5623458.0, ""default-run2"": 5813500.0}","{""default-run1"": 6.4995078924698815, ""default-run2"": 6.620530115652233}"
default,String->UTF32,Emoji,1048576,2233922,1048576,638263,swift-span,22,2723479.25,2656958.5,5129896.0,3.1189753779566805,swift-array,6.547970223333903,swift-temporary,2.2861875762762396,"{""default-run1"": 2717375.0, ""default-run2"": 2742187.5}","{""default-run1"": 3.140701016936615, ""default-run2"": 3.122857990283841}"
default,String->UTF32,Emoji,1048576,2233922,1048576,638263,swift-temporary,22,1996291.625,1952771.0,2079562.5,2.2861875762762396,swift-array,6.547970223333903,swift-temporary,2.2861875762762396,"{""default-run1"": 1998520.75, ""default-run2"": 1993416.5}","{""default-run1"": 2.3098601230577036, ""default-run2"": 2.2701425941838944}"
default,String->UTF32,Emoji,1048576,2233922,1048576,638263,swift-transcode,22,2922239.5,2792708.5,3185208.0,3.346599042013058,swift-array,6.547970223333903,swift-temporary,2.2861875762762396,"{""default-run1"": 2920958.5, ""default-run2"": 2923520.5}","{""default-run1"": 3.375999753946235, ""default-run2"": 3.329363638767812}"
default,String->UTF32,Latin,0,0,0,0,simdutf,22,27.245911511318617,26.22176495610416,28.340625590625592,1.0,swift-array,0.3485907751983612,swift-temporary,0.07916097793623118,"{""default-run1"": 27.23523352176342, ""default-run2"": 27.48027573027573}","{""default-run1"": 1.0, ""default-run2"": 1.0}"
default,String->UTF32,Latin,0,0,0,0,swift-array,22,9.497673414716509,9.21713747842669,18.815738680612863,0.3485907751983612,swift-array,0.3485907751983612,swift-temporary,0.07916097793623118,"{""default-run1"": 9.465078221024447, ""default-run2"": 9.67425}","{""default-run1"": 0.34753064310834686, ""default-run2"": 0.35204341087966706}"
default,String->UTF32,Latin,0,0,0,0,swift-span,22,4.612291,4.427708,4.787125,0.1692837840306404,swift-array,0.3485907751983612,swift-temporary,0.07916097793623118,"{""default-run1"": 4.599959, ""default-run2"": 4.697125}","{""default-run1"": 0.16889735850159743, ""default-run2"": 0.1709271422930104}"
default,String->UTF32,Latin,0,0,0,0,swift-temporary,22,2.156813,2.080917,2.297417,0.07916097793623118,swift-array,0.3485907751983612,swift-temporary,0.07916097793623118,"{""default-run1"": 2.152334, ""default-run2"": 2.167625}","{""default-run1"": 0.07902755811805653, ""default-run2"": 0.07887930315094589}"
default,String->UTF32,Latin,0,0,0,0,swift-transcode,22,5.2886875,4.909584,5.473042,0.19410939868181507,swift-array,0.3485907751983612,swift-temporary,0.07916097793623118,"{""default-run1"": 5.215041, ""default-run2"": 5.31475}","{""default-run1"": 0.19148141306857935, ""default-run2"": 0.19340235346127196}"
default,String->UTF32,Latin,7,7,7,7,simdutf,22,43.86740061740062,42.639498086952685,45.59410634410634,1.0,swift-array,1.6823159586922654,swift-transcode,0.3888927454844055,"{""default-run1"": 43.1836911338251, ""default-run2"": 44.28576303576303}","{""default-run1"": 1.0, ""default-run2"": 1.0}"
default,String->UTF32,Latin,7,7,7,7,swift-array,22,73.798828125,72.4063189063189,78.07458157458157,1.6823159586922654,swift-array,1.6823159586922654,swift-transcode,0.3888927454844055,"{""default-run1"": 74.71720321720322, ""default-run2"": 73.634765625}","{""default-run1"": 1.7302180813042733, ""default-run2"": 1.6627186837796186}"
default,String->UTF32,Latin,7,7,7,7,swift-span,22,24.106623582289963,23.16980091980092,25.755597808539317,0.5495338963104126,swift-array,1.6823159586922654,swift-transcode,0.3888927454844055,"{""default-run1"": 23.728054978054978, ""default-run2"": 24.48202909989186}","{""default-run1"": 0.5494679670740135, ""default-run2"": 0.5528194033852677}"
default,String->UTF32,Latin,7,7,7,7,swift-temporary,22,22.259530156760725,21.38939813939814,23.167616917616918,0.5074276078243662,swift-array,1.6823159586922654,swift-transcode,0.3888927454844055,"{""default-run1"": 22.082178332178334, ""default-run2"": 22.31494655152737}","{""default-run1"": 0.51135458207466, ""default-run2"": 0.5038853351924162}"
default,String->UTF32,Latin,7,7,7,7,swift-transcode,22,17.059713863365232,16.507941833008605,17.556496855304026,0.3888927454844055,swift-array,1.6823159586922654,swift-transcode,0.3888927454844055,"{""default-run1"": 16.86196737246401, ""default-run2"": 17.24708008374016}","{""default-run1"": 0.3904707293364346, ""default-run2"": 0.38944976673004944}"
default,String->UTF32,Latin,16,17,16,16,simdutf,22,48.470670845670845,46.71761271761272,51.32099582099582,1.0,swift-array,3.3437570693550414,swift-transcode,0.7785864617258758,"{""default-run1"": 47.27541527541528, ""default-run2"": 48.96110796110796}","{""default-run1"": 1.0, ""default-run2"": 1.0}"
default,String->UTF32,Latin,16,17,16,16,swift-array,22,162.0741482965932,135.2183533734135,185.8560871743487,3.3437570693550414,swift-array,3.3437570693550414,swift-transcode,0.7785864617258758,"{""default-run1"": 139.89088593854376, ""default-run2"": 183.1318887775551}","{""default-run1"": 2.9590620224819366, ""default-run2"": 3.7403542608354594}"
default,String->UTF32,Latin,16,17,16,16,swift-span,22,41.914369455828194,40.24063399063399,43.769341702547074,0.8647367309869154,swift-array,3.3437570693550414,swift-transcode,0.7785864617258758,"{""default-run1"": 41.24053949053949, ""default-run2"": 42.249831405301656}","{""default-run1"": 0.8723464246751077, ""default-run2"": 0.8629263749272712}"
default,String->UTF32,Latin,16,17,16,16,swift-temporary,22,46.94340537670672,44.77160377160377,48.55729855729856,0.968490936017228,swift-array,3.3437570693550414,swift-transcode,0.7785864617258758,"{""default-run1"": 46.57761607761608, ""default-run2"": 47.01804222648752}","{""default-run1"": 0.9852397024175464, ""default-run2"": 0.9603140979537492}"
default,String->UTF32,Latin,16,17,16,16,swift-transcode,22,37.738608111210425,36.22350322350322,39.65669250570266,0.7785864617258758,swift-array,3.3437570693550414,swift-transcode,0.7785864617258758,"{""default-run1"": 37.47759822759823, ""default-run2"": 38.13252641296543}","{""default-run1"": 0.7927502700772208, ""default-run2"": 0.7788329962478756}"
default,String->UTF32,Latin,128,144,128,128,simdutf,22,119.3158922010688,112.94551603206413,125.08001419505678,1.0,swift-array,10.31424050448659,swift-transcode,2.312610740795637,"{""default-run1"": 116.49254759519039, ""default-run2"": 121.57387692050769}","{""default-run1"": 1.0, ""default-run2"": 1.0}"
default,String->UTF32,Latin,128,144,128,128,swift-array,22,1230.6528081692195,1180.6407002188184,1966.14578125,10.31424050448659,swift-array,10.31424050448659,swift-transcode,2.312610740795637,"{""default-run1"": 1209.7069292487236, ""default-run2"": 1269.12109375}","{""default-run1"": 10.384414747735061, ""default-run2"": 10.439093709085446}"
default,String->UTF32,Latin,128,144,128,128,swift-span,22,331.69955044955043,308.83490367036984,360.20750083250084,2.780011483219493,swift-array,10.31424050448659,swift-transcode,2.312610740795637,"{""default-run1"": 324.4054282098158, ""default-run2"": 339.0238095238095}","{""default-run1"": 2.7847740899024642, ""default-run2"": 2.788623823730518}"
default,String->UTF32,Latin,128,144,128,128,swift-temporary,22,320.5076951327316,305.5104478854479,343.59565434565434,2.6862112768064317,swift-array,10.31424050448659,swift-transcode,2.312610740795637,"{""default-run1"": 314.4529220779221, ""default-run2"": 325.2652115195094}","{""default-run1"": 2.699339387534391, ""default-run2"": 2.675453146338233}"
default,String->UTF32,Latin,128,144,128,128,swift-transcode,22,275.9312138518061,265.0579462369503,289.8781618425375,2.312610740795637,swift-array,10.31424050448659,swift-transcode,2.312610740795637,"{""default-run1"": 271.55552726346804, ""default-run2"": 282.75599518195423}","{""default-run1"": 2.3310978501999875, ""default-run2"": 2.325795658937792}"
default,String->UTF32,Latin,1024,1153,1024,1024,simdutf,22,756.0023438964936,737.5070316894806,798.780423776486,1.0,swift-array,12.497139927426606,swift-transcode,2.793923208238803,"{""default-run1"": 753.5783798987437, ""default-run2"": 764.2626101631352}","{""default-run1"": 1.0, ""default-run2"": 1.0}"
default,String->UTF32,Latin,1024,1153,1024,1024,swift-array,22,9447.867077136969,8999.206047032474,11045.35274356103,12.497139927426606,swift-array,12.497139927426606,swift-transcode,2.793923208238803,"{""default-run1"": 9251.306830907055, ""default-run2"": 9541.521586931156}","{""default-run1"": 12.276502455059987, ""default-run2"": 12.484611258026186}"
default,String->UTF32,Latin,1024,1153,1024,1024,swift-span,22,2629.396740541235,2531.219232031506,2759.708884106978,3.4780272333404736,swift-array,12.497139927426606,swift-transcode,2.793923208238803,"{""default-run1"": 2590.5264194289466, ""default-run2"": 2651.3089455886875}","{""default-run1"": 3.4376336802245158, ""default-run2"": 3.4691072287610067}"
default,String->UTF32,Latin,1024,1153,1024,1024,swift-temporary,22,2486.6831591886908,2423.965273509527,4577.007682851875,3.2892532401052312,swift-array,12.497139927426606,swift-transcode,2.793923208238803,"{""default-run1"": 2461.0095267363245, ""default-run2"": 2494.634910878918}","{""default-run1"": 3.265764507557931, ""default-run2"": 3.2641069675597865}"
default,String->UTF32,Latin,1024,1153,1024,1024,swift-transcode,22,2112.2124940953463,2034.577384054195,4624.679064824654,2.793923208238803,swift-array,12.497139927426606,swift-transcode,2.793923208238803,"{""default-run1"": 2074.246482542991, ""default-run2"": 2130.789319872476}","{""default-run1"": 2.752529183257224, ""default-run2"": 2.7880329242034354}"
default,String->UTF32,Latin,16384,18464,16384,16384,simdutf,22,10892.902994791666,10475.260416666666,11548.836043360434,1.0,swift-array,13.71153870095513,swift-transcode,3.0776485511906997,"{""default-run1"": 10661.513020833334, ""default-run2"": 11102.924119241192}","{""default-run1"": 1.0, ""default-run2"": 1.0}"
default,String->UTF32,Latin,16384,18464,16384,16384,swift-array,22,149358.46097883597,144070.69642857142,180025.46296296295,13.71153870095513,swift-array,13.71153870095513,swift-transcode,3.0776485511906997,"{""default-run1"": 147944.19642857142, ""default-run2"": 153631.1851851852}","{""default-run1"": 13.87647289268214, ""default-run2"": 13.83700217485453}"
default,String->UTF32,Latin,16384,18464,16384,16384,swift-span,22,41534.13861386139,40048.06435643564,43537.03535353536,3.8129540521677763,swift-array,13.71153870095513,swift-transcode,3.0776485511906997,"{""default-run1"": 41257.63366336634, ""default-run2"": 42173.40404040404}","{""default-run1"": 3.869772853322607, ""default-run2"": 3.7984051397161402}"
default,String->UTF32,Latin,16384,18464,16384,16384,swift-temporary,22,38877.30288461538,37866.98557692308,83361.49537037036,3.5690488479704796,swift-array,13.71153870095513,swift-transcode,3.0776485511906997,"{""default-run1"": 38479.966346153844, ""default-run2"": 39511.57407407407}","{""default-run1"": 3.609240665087716, ""default-run2"": 3.5586637943063253}"
default,String->UTF32,Latin,16384,18464,16384,16384,swift-transcode,22,33524.5271201814,32689.967346938774,34754.9306122449,3.0776485511906997,swift-array,13.71153870095513,swift-transcode,3.0776485511906997,"{""default-run1"": 33577.96444444444, ""default-run2"": 33471.089795918364}","{""default-run1"": 3.149455839788478, ""default-run2"": 3.0146193413961546}"
default,String->UTF32,Latin,262144,295432,262144,262144,simdutf,22,177758.15217391305,170734.60869565216,182339.0,1.0,swift-array,13.702879278452953,swift-transcode,3.0262240770465487,"{""default-run1"": 176590.58695652173, ""default-run2"": 179674.22727272726}","{""default-run1"": 1.0, ""default-run2"": 1.0}"
default,String->UTF32,Latin,262144,295432,262144,262144,swift-array,22,2435798.5,2350583.3333333335,3777389.0,13.702879278452953,swift-array,13.702879278452953,swift-transcode,3.0262240770465487,"{""default-run1"": 2423833.3333333335, ""default-run2"": 2449597.0}","{""default-run1"": 13.725722163945829, ""default-run2"": 13.63354687637955}"
default,String->UTF32,Latin,262144,295432,262144,262144,swift-span,22,668550.0151515151,636208.3333333334,720642.3333333334,3.7610090281396857,swift-array,13.702879278452953,swift-transcode,3.0262240770465487,"{""default-run1"": 660642.3333333334, ""default-run2"": 672837.0909090909}","{""default-run1"": 3.7410959707381783, ""default-run2"": 3.744761288928726}"
default,String->UTF32,Latin,262144,295432,262144,262144,swift-temporary,22,626824.6666666667,608971.1538461539,646625.0,3.5262780300135037,swift-array,13.702879278452953,swift-transcode,3.0262240770465487,"{""default-run1"": 625899.3333333334, ""default-run2"": 630605.7692307692}","{""default-run1"": 3.544352754699409, ""default-run2"": 3.509717441408965}"
default,String->UTF32,Latin,262144,295432,262144,262144,swift-transcode,22,537936.0,521422.64285714284,556238.0714285715,3.0262240770465487,swift-array,13.702879278452953,swift-transcode,3.0262240770465487,"{""default-run1"": 534705.3571428572, ""default-run2"": 538580.3571428572}","{""default-run1"": 3.0279380478785467, ""default-run2"": 2.9975381851808205}"
default,String->UTF32,Latin,1048576,1181728,1048576,1048576,simdutf,22,710407.1818181818,694803.0909090909,1031412.8181818182,1.0,swift-array,13.636164227967086,swift-transcode,3.0199131637566627,"{""default-run1"": 703295.4545454546, ""default-run2"": 717950.7272727273}","{""default-run1"": 1.0, ""default-run2"": 1.0}"
default,String->UTF32,Latin,1048576,1181728,1048576,1048576,swift-array,22,9687229.0,9560084.0,10115583.0,13.636164227967086,swift-array,13.636164227967086,swift-transcode,3.0199131637566627,"{""default-run1"": 9669667.0, ""default-run2"": 9809208.0}","{""default-run1"": 13.749082178057844, ""default-run2"": 13.662787190511175}"
default,String->UTF32,Latin,1048576,1181728,1048576,1048576,swift-span,22,2679979.1666666665,2641361.0,2810597.3333333335,3.77245505853088,swift-array,13.636164227967086,swift-transcode,3.0199131637566627,"{""default-run1"": 2678055.6666666665, ""default-run2"": 2692750.0}","{""default-run1"": 3.80786716216944, ""default-run2"": 3.750605574603879}"
default,String->UTF32,Latin,1048576,1181728,1048576,1048576,swift-temporary,22,2547812.666666667,2423652.6666666665,2779389.0,3.5864117535325564,swift-array,13.636164227967086,swift-transcode,3.0199131637566627,"{""default-run1"": 2488097.3333333335, ""default-run2"": 2575347.3333333335}","{""default-run1"": 3.537769677384607, ""default-run2"": 3.587080889403485}"
default,String->UTF32,Latin,1048576,1181728,1048576,1048576,swift-transcode,22,2145368.0,2063805.3333333333,2292791.6666666665,3.0199131637566627,swift-array,13.636164227967086,swift-transcode,3.0199131637566627,"{""default-run1"": 2128514.0, ""default-run2"": 2165583.3333333335}","{""default-run1"": 3.0264862174826304, ""default-run2"": 3.016339772451676}"
default,String->UTF32,Mixed,0,0,0,0,simdutf,22,26.702185577185578,25.956682206682206,72.5972930972931,1.0,swift-array,0.3480640756458106,swift-temporary,0.07916016814016878,"{""default-run1"": 26.594778344778344, ""default-run2"": 26.82074907074907}","{""default-run1"": 1.0, ""default-run2"": 1.0}"
default,String->UTF32,Mixed,0,0,0,0,swift-array,22,9.294071540645994,9.078266594241754,15.502779325401487,0.3480640756458106,swift-array,0.3480640756458106,swift-temporary,0.07916016814016878,"{""default-run1"": 9.234030946529245, ""default-run2"": 9.297659568761755}","{""default-run1"": 0.34721217927887965, ""default-run2"": 0.3466592056857152}"
default,String->UTF32,Mixed,0,0,0,0,swift-span,22,4.5430835,4.36225,4.750334,0.17013901303575776,swift-array,0.3480640756458106,swift-temporary,0.07916016814016878,"{""default-run1"": 4.497541, ""default-run2"": 4.565667}","{""default-run1"": 0.16911368621664236, ""default-run2"": 0.17022891448544047}"
default,String->UTF32,Mixed,0,0,0,0,swift-temporary,22,2.1137495,2.042542,2.178083,0.07916016814016878,swift-array,0.3480640756458106,swift-temporary,0.07916016814016878,"{""default-run1"": 2.106291, ""default-run2"": 2.121208}","{""default-run1"": 0.07919941925041658, ""default-run2"": 0.07908832055378376}"
default,String->UTF32,Mixed,0,0,0,0,swift-transcode,22,5.1687915,4.852125,11.78125,0.19357185145234818,swift-array,0.3480640756458106,swift-temporary,0.07916016814016878,"{""default-run1"": 5.095666, ""default-run2"": 5.186666}","{""default-run1"": 0.19160400338514158, ""default-run2"": 0.19338259294393162}"
default,String->UTF32,Mixed,7,7,7,7,simdutf,22,43.750483000483,42.27435477435478,45.25942375942376,1.0,swift-array,1.6830578906131735,swift-transcode,0.39158394364394067,"{""default-run1"": 43.805172305172306, ""default-run2"": 43.6957936957937}","{""default-run1"": 1.0, ""default-run2"": 1.0}"
default,String->UTF32,Mixed,7,7,7,7,swift-array,22,73.63459563210043,71.63285780982518,76.10927011464439,1.6830578906131735,swift-array,1.6830578906131735,swift-transcode,0.39158394364394067,"{""default-run1"": 74.29407065414743, ""default-run2"": 73.20683716345904}","{""default-run1"": 1.6960113782128678, ""default-run2"": 1.6753749267748437}"
default,String->UTF32,Mixed,7,7,7,7,swift-span,22,24.091248507336473,23.06196056196056,25.00606290455666,0.550651029545674,swift-array,1.6830578906131735,swift-transcode,0.39158394364394067,"{""default-run1"": 23.82889707889708, ""default-run2"": 24.236027900636017}","{""default-run1"": 0.5439745086012018, ""default-run2"": 0.5546535684730921}"
default,String->UTF32,Mixed,7,7,7,7,swift-temporary,22,22.211359669383995,21.8375213329165,23.08417853537036,0.5076826161928037,swift-array,1.6830578906131735,swift-transcode,0.39158394364394067,"{""default-run1"": 22.45294970812983, ""default-run2"": 22.19828108446033}","{""default-run1"": 0.5125638943207328, ""default-run2"": 0.5080187177512514}"
default,String->UTF32,Mixed,7,7,7,7,swift-transcode,22,17.13198666965632,16.725136196629926,17.73486377285657,0.39158394364394067,swift-array,1.6830578906131735,swift-transcode,0.39158394364394067,"{""default-run1"": 17.126244555411386, ""default-run2"": 17.13427727290713}","{""default-run1"": 0.3909639810591317, ""default-run2"": 0.3921264685611268}"
default,String->UTF32,Mixed,16,23,16,16,simdutf,22,51.498615081964566,49.58240390102194,52.774031228925665,1.0,swift-array,3.230927676712179,swift-span,0.9242573518744345,"{""default-run1"": 51.741032030317186, ""default-run2"": 51.12785184416662}","{""default-run1"": 1.0, ""default-run2"": 1.0}"
default,String->UTF32,Mixed,16,23,16,16,swift-array,22,166.38830078066655,140.84200697211156,188.01541395616167,3.230927676712179,swift-array,3.230927676712179,swift-span,0.9242573518744345,"{""default-run1"": 145.44858067729083, ""default-run2"": 184.61587898738145}","{""default-run1"": 2.811087737717844, ""default-run2"": 3.610867117008457}"
default,String->UTF32,Mixed,16,23,16,16,swift-span,22,47.59797360085738,46.04580588265809,66.85594231314371,0.9242573518744345,swift-array,3.230927676712179,swift-span,0.9242573518744345,"{""default-run1"": 47.548491684777474, ""default-run2"": 47.647455516937285}","{""default-run1"": 0.918970685720317, ""default-run2"": 0.9319275854217914}"
default,String->UTF32,Mixed,16,23,16,16,swift-temporary,22,50.27295827295828,49.0962955962956,52.07130557130557,0.9762001986450403,swift-array,3.230927676712179,swift-span,0.9242573518744345,"{""default-run1"": 50.42541842541843, ""default-run2"": 50.25611625611626}","{""default-run1"": 0.9745731085509102, ""default-run2"": 0.9829498882388539}"
default,String->UTF32,Mixed,16,23,16,16,swift-transcode,22,47.96253494216911,46.95694254255247,49.476209654933115,0.9313364032378837,swift-array,3.230927676712179,swift-span,0.9242573518744345,"{""default-run1"": 48.34102076349689, ""default-run2"": 47.90443156463981}","{""default-run1"": 0.934287911674663, ""default-run2"": 0.9369537314152856}"
default,String->UTF32,Mixed,128,218,128,116,simdutf,22,148.5167700278183,143.99653348294794,153.98736304780877,1.0,swift-array,7.064583424731587,swift-temporary,2.2139541958548477,"{""default-run1"": 149.69895418326692, ""default-run2"": 148.4198493167154}","{""default-run1"": 1.0, ""default-run2"": 1.0}"
default,String->UTF32,Mixed,128,218,128,116,swift-array,22,1049.209111833198,994.9172759274303,1887.512320606553,7.064583424731587,swift-array,7.064583424731587,swift-temporary,2.2139541958548477,"{""default-run1"": 1049.5081234768481, ""default-run2"": 1049.1808827511509}","{""default-run1"": 7.010791285769452, ""default-run2"": 7.069006521575747}"
default,String->UTF32,Mixed,128,218,128,116,swift-span,22,369.0304001832026,359.048491441003,382.7550810099044,2.484772595809082,swift-array,7.064583424731587,swift-temporary,2.2139541958548477,"{""default-run1"": 368.75846883468836, ""default-run2"": 369.2987920077861}","{""default-run1"": 2.4633336341364203, ""default-run2"": 2.488203523369261}"
default,String->UTF32,Mixed,128,218,128,116,swift-temporary,22,328.8093261578978,321.2902076594947,689.7625808667774,2.2139541958548477,swift-array,7.064583424731587,swift-temporary,2.2139541958548477,"{""default-run1"": 326.69647963249423, ""default-run2"": 329.9197343562146}","{""default-run1"": 2.18235645943485, ""default-run2"": 2.222881480307892}"
default,String->UTF32,Mixed,128,218,128,116,swift-transcode,22,369.8436694323349,354.5387427928561,392.5842591290489,2.4902485380139927,swift-array,7.064583424731587,swift-temporary,2.2139541958548477,"{""default-run1"": 367.16978390287346, ""default-run2"": 370.6385881029391}","{""default-run1"": 2.452721102202029, ""default-run2"": 2.497230591523022}"
default,String->UTF32,Mixed,1024,1790,1023,923,simdutf,22,1049.7603749999998,1013.260375,1091.494875,1.0,swift-array,7.72203132721712,swift-temporary,2.427762028435951,"{""default-run1"": 1049.848875, ""default-run2"": 1049.671875}","{""default-run1"": 1.0, ""default-run2"": 1.0}"
default,String->UTF32,Mixed,1024,1790,1023,923,swift-array,22,8106.282501821191,7712.734496124031,8432.573643410853,7.72203132721712,swift-array,7.72203132721712,swift-temporary,2.427762028435951,"{""default-run1"": 8158.914728682171, ""default-run2"": 8093.547497446374}","{""default-run1"": 7.771513522536443, ""default-run2"": 7.710550020639902}"
default,String->UTF32,Mixed,1024,1790,1023,923,swift-span,22,2931.237081969341,2860.90435706695,3030.7297201558627,2.792291604614378,swift-array,7.72203132721712,swift-temporary,2.427762028435951,"{""default-run1"": 2927.824682021313, ""default-run2"": 2951.4109103790292}","{""default-run1"": 2.7888058479095985, ""default-run2"": 2.811746204383183}"
default,String->UTF32,Mixed,1024,1790,1023,923,swift-temporary,22,2548.568377381684,2490.703749231715,2649.342040565458,2.427762028435951,swift-array,7.72203132721712,swift-temporary,2.427762028435951,"{""default-run1"": 2549.925629993854, ""default-run2"": 2547.2111247695143}","{""default-run1"": 2.428850180930902, ""default-run2"": 2.4266736924522383}"
default,String->UTF32,Mixed,1024,1790,1023,923,swift-transcode,22,2700.335163061027,2659.8588957055213,2767.4364788262756,2.5723348178969196,swift-array,7.72203132721712,swift-temporary,2.427762028435951,"{""default-run1"": 2697.51630610268, ""default-run2"": 2720.2400800266755}","{""default-run1"": 2.5694329634850352, ""default-run2"": 2.591514686460162}"
default,String->UTF32,Mixed,16384,28670,16383,14747,simdutf,22,15598.225660442822,15273.684410646389,16016.837988826815,1.0,swift-array,8.15551338289561,swift-temporary,2.5355380009154964,"{""default-run1"": 15648.04469273743, ""default-run2"": 15556.16349809886}","{""default-run1"": 1.0, ""default-run2"": 1.0}"
default,String->UTF32,Mixed,16384,28670,16383,14747,swift-array,22,127211.53812316715,123310.60606060606,132177.4193548387,8.15551338289561,swift-array,8.15551338289561,swift-temporary,2.5355380009154964,"{""default-run1"": 126207.71212121213, ""default-run2"": 128029.58064516129}","{""default-run1"": 8.06539823980613, ""default-run2"": 8.230151390528132}"
default,String->UTF32,Mixed,16384,28670,16383,14747,swift-span,22,45879.63055555556,44655.960893854746,47120.57541899441,2.941336505465909,swift-array,8.15551338289561,swift-temporary,2.5355380009154964,"{""default-run1"": 45871.52777777778, ""default-run2"": 46073.08938547486}","{""default-run1"": 2.9314542921178943, ""default-run2"": 2.9617257102694703}"
default,String->UTF32,Mixed,16384,28670,16383,14747,swift-temporary,22,39549.893908907994,38369.32863849765,40383.413145539904,2.5355380009154964,swift-array,8.15551338289561,swift-temporary,2.5355380009154964,"{""default-run1"": 39456.17840375587, ""default-run2"": 40085.22727272727}","{""default-run1"": 2.5214765920286686, ""default-run2"": 2.5768067607174574}"
default,String->UTF32,Mixed,16384,28670,16383,14747,swift-transcode,22,42424.05673758865,40686.63917525773,44918.43971631206,2.7198001658083633,swift-array,8.15551338289561,swift-temporary,2.5355380009154964,"{""default-run1"": 42169.4587628866, ""default-run2"": 42442.97163120568}","{""default-run1"": 2.694870802769261, ""default-run2"": 2.7283701175031165}"
default,String->UTF32,Mixed,262144,458750,262143,235931,simdutf,22,246761.90811339198,240745.96774193548,260728.54545454544,1.0,swift-array,8.205319818120318,swift-temporary,2.562123059566697,"{""default-run1"": 245536.29032258064, ""default-run2"": 248489.9090909091}","{""default-run1"": 1.0, ""default-run2"": 1.0}"
default,String->UTF32,Mixed,262144,458750,262143,235931,swift-array,22,2024760.375,1970875.0,6167833.0,8.205319818120318,swift-array,8.205319818120318,swift-temporary,2.562123059566697,"{""default-run1"": 2034354.25, ""default-run2"": 2015166.5}","{""default-run1"": 8.285350598590972, ""default-run2"": 8.1096512424686}"
default,String->UTF32,Mixed,262144,458750,262143,235931,swift-span,22,732294.509090909,701253.8181818182,1179587.5,2.9676156854582483,swift-array,8.205319818120318,swift-temporary,2.562123059566697,"{""default-run1"": 727060.5454545454, ""default-run2"": 735920.8}","{""default-run1"": 2.9611123655055143, ""default-run2"": 2.9615721728594067}"
default,String->UTF32,Mixed,262144,458750,262143,235931,swift-temporary,22,632234.375,615057.25,657369.875,2.562123059566697,swift-array,8.205319818120318,swift-temporary,2.562123059566697,"{""default-run1"": 631052.0833333334, ""default-run2"": 633984.375}","{""default-run1"": 2.5700970007499495, ""default-run2"": 2.551348573144913}"
default,String->UTF32,Mixed,262144,458750,262143,235931,swift-transcode,22,689195.0909090908,662356.0909090909,716651.5454545454,2.792955753091324,swift-array,8.205319818120318,swift-temporary,2.562123059566697,"{""default-run1"": 689560.6363636364, ""default-run2"": 683753.8181818182}","{""default-run1"": 2.808385821328918, ""default-run2"": 2.7516361557026827}"
default,String->UTF32,Mixed,1048576,1835003,1048576,943720,simdutf,22,1014636.9285714286,959541.7142857143,1069077.4285714286,1.0,swift-array,8.13472412404803,swift-temporary,2.5139123774300596,"{""default-run1"": 1007494.0, ""default-run2"": 1024928.5714285715}","{""default-run1"": 1.0, ""default-run2"": 1.0}"
default,String->UTF32,Mixed,1048576,1835003,1048576,943720,swift-array,22,8253791.5,7977458.0,15383834.0,8.13472412404803,swift-array,8.13472412404803,swift-temporary,2.5139123774300596,"{""default-run1"": 8236750.0, ""default-run2"": 8281917.0}","{""default-run1"": 8.175482930915718, ""default-run2"": 8.080482124189839}"
default,String->UTF32,Mixed,1048576,1835003,1048576,943720,swift-span,22,2984646.0,2837604.5,3136708.5,2.9415901550146333,swift-array,8.13472412404803,swift-temporary,2.5139123774300596,"{""default-run1"": 2955208.0, ""default-run2"": 3030479.0}","{""default-run1"": 2.933226401348296, ""default-run2"": 2.956770924803122}"
default,String->UTF32,Mixed,1048576,1835003,1048576,943720,swift-temporary,22,2550708.3333333335,2490833.3333333335,2718111.0,2.5139123774300596,swift-array,8.13472412404803,swift-temporary,2.5139123774300596,"{""default-run1"": 2550097.3333333335, ""default-run2"": 2559666.6666666665}","{""default-run1"": 2.5311290522160266, ""default-run2"": 2.4974098078844054}"
default,String->UTF32,Mixed,1048576,1835003,1048576,943720,swift-transcode,22,2777271.0,2668500.0,2863562.5,2.7372067010317624,swift-array,8.13472412404803,swift-temporary,2.5139123774300596,"{""default-run1"": 2774229.0, ""default-run2"": 2782687.5}","{""default-run1"": 2.7535935697880087, ""default-run2"": 2.7150062722140915}"
default,UTF16->String,ASCII,0,0,0,0,foundation-materialized,22,4.4544165,4.314875,9.931834,0.6476031003243892,swift-decoding,13.090036877756289,swift-decoding,13.090036877756289,"{""default-run1"": 4.418375, ""default-run2"": 4.488541}","{""default-run1"": 0.6569544878316127, ""default-run2"": 0.6478295778516329}"
default,UTF16->String,ASCII,0,0,0,0,simdutf,22,6.8783125,6.595416,7.122583,1.0,swift-decoding,13.090036877756289,swift-decoding,13.090036877756289,"{""default-run1"": 6.725542, ""default-run2"": 6.928583}","{""default-run1"": 1.0, ""default-run2"": 1.0}"
default,UTF16->String,ASCII,0,0,0,0,swift-decoding,22,90.03736428173205,86.806,99.22964614853876,13.090036877756289,swift-decoding,13.090036877756289,swift-decoding,13.090036877756289,"{""default-run1"": 88.550125, ""default-run2"": 90.30379232171899}","{""default-run1"": 13.166243701994574, ""default-run2"": 13.03351526881023}"
default,UTF16->String,ASCII,7,14,7,7,foundation-materialized,22,42.71010295603672,41.02006786085468,75.10991726274175,1.4505107202387735,swift-decoding,4.972431358247464,swift-decoding,4.972431358247464,"{""default-run1"": 42.68750891565283, ""default-run2"": 42.73269699642061}","{""default-run1"": 1.443540084566712, ""default-run2"": 1.4530484618423902}"
default,UTF16->String,ASCII,7,14,7,7,simdutf,22,29.444872319872317,28.173370489667402,30.776843276843277,1.0,swift-decoding,4.972431358247464,swift-decoding,4.972431358247464,"{""default-run1"": 29.571405305634975, ""default-run2"": 29.40899640899641}","{""default-run1"": 1.0, ""default-run2"": 1.0}"
default,UTF16->String,ASCII,7,14,7,7,swift-decoding,22,146.41260646292585,140.60846693386773,154.85834168336675,4.972431358247464,swift-decoding,4.972431358247464,swift-decoding,4.972431358247464,"{""default-run1"": 147.55377421509687, ""default-run2"": 145.1383600534402}","{""default-run1"": 4.989745082793877, ""default-run2"": 4.935168750234586}"
default,UTF16->String,ASCII,16,32,16,16,foundation-materialized,22,196.630859375,182.26821875,207.21615625,2.771311553031848,swift-decoding,2.686338806186408,swift-decoding,2.686338806186408,"{""default-run1"": 189.66015625, ""default-run2"": 202.440125}","{""default-run1"": 2.773005038961312, ""default-run2"": 2.7998806521096213}"
default,UTF16->String,ASCII,16,32,16,16,simdutf,22,70.95227498325963,66.925125,73.28761916686044,1.0,swift-decoding,2.686338806186408,swift-decoding,2.686338806186408,"{""default-run1"": 68.395171875, ""default-run2"": 72.3031265091488}","{""default-run1"": 1.0, ""default-run2"": 1.0}"
default,UTF16->String,ASCII,16,32,16,16,swift-decoding,22,190.6018496747394,181.0004680065521,402.87141103012254,2.686338806186408,swift-decoding,2.686338806186408,swift-decoding,2.686338806186408,"{""default-run1"": 186.8429318010452, ""default-run2"": 192.09749980405988}","{""default-run1"": 2.7318146395263403, ""default-run2"": 2.656835313750271}"
default,UTF16->String,ASCII,128,256,128,128,foundation-materialized,22,279.56146658393254,270.36263094499395,288.6922244422244,3.2426587387579224,swift-decoding,4.082757395143172,swift-decoding,4.082757395143172,"{""default-run1"": 275.8178997700478, ""default-run2"": 283.86542624042625}","{""default-run1"": 3.305553938214216, ""default-run2"": 3.2172926102082346}"
default,UTF16->String,ASCII,128,256,128,128,simdutf,22,86.21365647962591,82.912109375,93.39163744154976,1.0,swift-decoding,4.082757395143172,swift-decoding,4.082757395143172,"{""default-run1"": 83.44075, ""default-run2"": 88.2311497995992}","{""default-run1"": 1.0, ""default-run2"": 1.0}"
default,UTF16->String,ASCII,128,256,128,128,swift-decoding,22,351.98944355452574,341.96518036072143,369.5761027516055,4.082757395143172,swift-decoding,4.082757395143172,swift-decoding,4.082757395143172,"{""default-run1"": 349.08880260521045, ""default-run2"": 358.9841091267051}","{""default-run1"": 4.18367287692417, ""default-run2"": 4.068677671571451}"
default,UTF16->String,ASCII,1024,2048,1024,1024,foundation-materialized,22,877.4084624625175,844.2672281776416,1780.4691017964071,5.745899221590794,swift-decoding,10.196383831905091,swift-decoding,10.196383831905091,"{""default-run1"": 864.1571866112448, ""default-run2"": 883.1487425149701}","{""default-run1"": 5.661914858954905, ""default-run2"": 5.780637605964553}"
default,UTF16->String,ASCII,1024,2048,1024,1024,simdutf,22,152.70167968932816,146.987,159.41665625,1.0,swift-decoding,10.196383831905091,swift-decoding,10.196383831905091,"{""default-run1"": 152.6263125, ""default-run2"": 152.7770468786563}","{""default-run1"": 1.0, ""default-run2"": 1.0}"
default,UTF16->String,ASCII,1024,2048,1024,1024,swift-decoding,22,1557.0049378890158,1504.390961935121,1638.3584009499307,10.196383831905091,swift-decoding,10.196383831905091,swift-decoding,10.196383831905091,"{""default-run1"": 1536.5023438964936, ""default-run2"": 1590.9774391450624}","{""default-run1"": 10.06708685238329, ""default-run2"": 10.413720330703221}"
default,UTF16->String,ASCII,16384,32768,16384,16384,foundation-materialized,22,10370.077905491698,9817.275609756098,17528.30243902439,7.7928779727689585,swift-decoding,16.716979365931824,swift-decoding,16.716979365931824,"{""default-run1"": 10165.904878048781, ""default-run2"": 10509.045977011494}","{""default-run1"": 7.776779871303641, ""default-run2"": 7.745786036629168}"
default,UTF16->String,ASCII,16384,32768,16384,16384,simdutf,22,1330.7122146308948,1274.8986835527412,1420.0845973082676,1.0,swift-decoding,16.716979365931824,swift-decoding,16.716979365931824,"{""default-run1"": 1307.2126312281287, ""default-run2"": 1356.7436445204016}","{""default-run1"": 1.0, ""default-run2"": 1.0}"
default,UTF16->String,ASCII,16384,32768,16384,16384,swift-decoding,22,22245.488633978108,21192.323684210525,23035.019943019943,16.716979365931824,swift-decoding,16.716979365931824,swift-decoding,16.716979365931824,"{""default-run1"": 21994.407894736843, ""default-run2"": 22530.863247863246}","{""default-run1"": 16.82542485385339, ""default-run2"": 16.606573643341246}"
default,UTF16->String,ASCII,262144,524288,262144,262144,foundation-materialized,22,163549.8152173913,152623.0,357237.32608695654,8.715580543908171,swift-decoding,19.027799091357075,swift-decoding,19.027799091357075,"{""default-run1"": 156840.2857142857, ""default-run2"": 166687.5}","{""default-run1"": 8.534937336565722, ""default-run2"": 8.679484498110625}"
default,UTF16->String,ASCII,262144,524288,262144,262144,simdutf,22,18765.223313977152,17491.505422993494,36189.42992874109,1.0,swift-decoding,19.027799091357075,swift-decoding,19.027799091357075,"{""default-run1"": 18376.266811279827, ""default-run2"": 19204.769596199523}","{""default-run1"": 1.0, ""default-run2"": 1.0}"
default,UTF16->String,ASCII,262144,524288,262144,262144,swift-decoding,22,357060.899122807,335564.2083333333,378133.7894736842,19.027799091357075,swift-decoding,19.027799091357075,swift-decoding,19.027799091357075,"{""default-run1"": 346130.2083333333, ""default-run2"": 364712.7368421053}","{""default-run1"": 18.835719566330503, ""default-run2"": 18.990737431928324}"
default,UTF16->String,ASCII,1048576,2097152,1048576,1048576,foundation-materialized,22,649696.2884615385,613076.9230769231,674548.0769230769,8.776198204762414,swift-decoding,18.970685461504274,swift-decoding,18.970685461504274,"{""default-run1"": 634214.7692307692, ""default-run2"": 655621.5}","{""default-run1"": 8.716050381973883, ""default-run2"": 8.73604221585306}"
default,UTF16->String,ASCII,1048576,2097152,1048576,1048576,simdutf,22,74029.35454545455,69933.32727272727,153632.6754385965,1.0,swift-decoding,18.970685461504274,swift-decoding,18.970685461504274,"{""default-run1"": 72764.0090909091, ""default-run2"": 75047.88596491228}","{""default-run1"": 1.0, ""default-run2"": 1.0}"
default,UTF16->String,ASCII,1048576,2097152,1048576,1048576,swift-decoding,22,1404387.6,1341225.0,2673266.8,18.970685461504274,swift-decoding,18.970685461504274,swift-decoding,18.970685461504274,"{""default-run1"": 1396516.6, ""default-run2"": 1417800.0}","{""default-run1"": 19.192408684563212, ""default-run2"": 18.891937884337942}"
default,UTF16->String,CJK,0,0,0,0,foundation-materialized,22,4.5174579999999995,4.314667,4.743167,0.6458278099114152,swift-decoding,13.058626965100638,swift-decoding,13.058626965100638,"{""default-run1"": 4.525292, ""default-run2"": 4.514958}","{""default-run1"": 0.642937893081426, ""default-run2"": 0.6469773552953261}"
default,UTF16->String,CJK,0,0,0,0,simdutf,22,6.9948335,6.642333,7.336041,1.0,swift-decoding,13.058626965100638,swift-decoding,13.058626965100638,"{""default-run1"": 7.038459, ""default-run2"": 6.978541}","{""default-run1"": 1.0, ""default-run2"": 1.0}"
default,UTF16->String,CJK,0,0,0,0,swift-decoding,22,91.34292135948928,89.766265625,94.64128125,13.058626965100638,swift-decoding,13.058626965100638,swift-decoding,13.058626965100638,"{""default-run1"": 91.09375, ""default-run2"": 92.16683093842403}","{""default-run1"": 12.942286088474765, ""default-run2"": 13.207177680610322}"
default,UTF16->String,CJK,7,14,7,7,foundation-materialized,22,757.9067129195575,725.4789049315582,782.4395274704669,10.065188297166625,swift-decoding,3.3275445652573508,swift-decoding,3.3275445652573508,"{""default-run1"": 740.1126945434089, ""default-run2"": 761.9226514157135}","{""default-run1"": 9.9301457829466, ""default-run2"": 10.030926626591578}"
default,UTF16->String,CJK,7,14,7,7,simdutf,22,75.2998046875,71.408203125,78.038421875,1.0,swift-decoding,3.3275445652573508,swift-decoding,3.3275445652573508,"{""default-run1"": 74.53190625, ""default-run2"": 75.957354667104}","{""default-run1"": 1.0, ""default-run2"": 1.0}"
default,UTF16->String,CJK,7,14,7,7,swift-decoding,22,250.5634558528306,239.4205625,262.90590210607,3.3275445652573508,swift-decoding,3.3275445652573508,swift-decoding,3.3275445652573508,"{""default-run1"": 249.240875, ""default-run2"": 253.65306420410994}","{""default-run1"": 3.3440829242174384, ""default-run2"": 3.339414139891885}"
default,UTF16->String,CJK,16,32,16,16,foundation-materialized,22,1272.578437701743,1201.3733053582957,1342.0083925112976,14.939167711139431,swift-decoding,3.844399487438734,swift-decoding,3.844399487438734,"{""default-run1"": 1228.4404454486767, ""default-run2"": 1296.5489025177533}","{""default-run1"": 14.987049540584804, ""default-run2"": 14.898854397087854}"
default,UTF16->String,CJK,16,32,16,16,simdutf,22,85.1840251283103,79.635421875,89.60591378326504,1.0,swift-decoding,3.844399487438734,swift-decoding,3.844399487438734,"{""default-run1"": 81.966796875, ""default-run2"": 87.02339575660113}","{""default-run1"": 1.0, ""default-run2"": 1.0}"
default,UTF16->String,CJK,16,32,16,16,swift-decoding,22,327.48142254124434,312.584407051867,349.20637695637697,3.844399487438734,swift-decoding,3.844399487438734,swift-decoding,3.844399487438734,"{""default-run1"": 318.3301821367303, ""default-run2"": 336.2939144189144}","{""default-run1"": 3.8836479437178237, ""default-run2"": 3.8644080881365164}"
default,UTF16->String,CJK,128,256,128,128,foundation-materialized,22,7365.692629140429,7070.826124567474,7718.415143603133,54.490917478379785,swift-decoding,5.493556170072157,swift-decoding,5.493556170072157,"{""default-run1"": 7340.001730103806, ""default-run2"": 7398.353350739773}","{""default-run1"": 54.427544907225176, ""default-run2"": 54.431041090407334}"
default,UTF16->String,CJK,128,256,128,128,simdutf,22,135.17285026560427,131.8622330668328,139.11890423285917,1.0,swift-decoding,5.493556170072157,swift-decoding,5.493556170072157,"{""default-run1"": 134.85821825355623, ""default-run2"": 135.92158449535194}","{""default-run1"": 1.0, ""default-run2"": 1.0}"
default,UTF16->String,CJK,128,256,128,128,swift-decoding,22,742.5796456028502,729.8034877179824,759.1489780611288,5.493556170072157,swift-decoding,5.493556170072157,swift-decoding,5.493556170072157,"{""default-run1"": 737.6555409713108, ""default-run2"": 746.3474592162011}","{""default-run1"": 5.4698597573371, ""default-run2"": 5.491014999473639}"
default,UTF16->String,CJK,1024,2048,1024,1024,foundation-materialized,22,56592.32091618424,55435.824817518245,121807.75862068965,21.943025869524124,swift-decoding,1.5229401421007707,swift-decoding,1.5229401421007707,"{""default-run1"": 56582.75862068965, ""default-run2"": 56601.88321167883}","{""default-run1"": 21.74852387457384, ""default-run2"": 22.141755609380724}"
default,UTF16->String,CJK,1024,2048,1024,1024,simdutf,22,2579.0572937701936,2505.625,4485.743134087237,1.0,swift-decoding,1.5229401421007707,swift-decoding,1.5229401421007707,"{""default-run1"": 2601.682714054927, ""default-run2"": 2556.34125}","{""default-run1"": 1.0, ""default-run2"": 1.0}"
default,UTF16->String,CJK,1024,2048,1024,1024,swift-decoding,22,3927.749881460408,3750.829777145567,7614.542635658915,1.5229401421007707,swift-decoding,1.5229401421007707,swift-decoding,1.5229401421007707,"{""default-run1"": 3968.1036821705425, ""default-run2"": 3898.668563300142}","{""default-run1"": 1.5252066136788605, ""default-run2"": 1.5250970750873507}"
default,UTF16->String,CJK,16384,32768,16384,16384,foundation-materialized,22,894515.5625,856645.875,974130.25,23.00970430982075,swift-decoding,1.4810896661162143,swift-decoding,1.4810896661162143,"{""default-run1"": 885812.5, ""default-run2"": 905046.875}","{""default-run1"": 22.95134085087497, ""default-run2"": 22.955959804658153}"
default,UTF16->String,CJK,16384,32768,16384,16384,simdutf,22,38875.578341013825,37849.27188940092,41545.61611374407,1.0,swift-decoding,1.4810896661162143,swift-decoding,1.4810896661162143,"{""default-run1"": 38595.23963133641, ""default-run2"": 39425.355450236966}","{""default-run1"": 1.0, ""default-run2"": 1.0}"
default,UTF16->String,CJK,16384,32768,16384,16384,swift-decoding,22,57578.21734516689,56358.866197183095,59267.02112676056,1.4810896661162143,swift-decoding,1.4810896661162143,swift-decoding,1.4810896661162143,"{""default-run1"": 57344.45890410959, ""default-run2"": 57862.09154929577}","{""default-run1"": 1.485790979713214, ""default-run2"": 1.4676365219415668}"
default,UTF16->String,CJK,262144,524288,262144,262144,foundation-materialized,22,14146333.5,13837667.0,14844250.0,23.15014389664719,swift-decoding,1.5019214237293363,swift-decoding,1.5019214237293363,"{""default-run1"": 14227875.0, ""default-run2"": 14089167.0}","{""default-run1"": 23.166508267366332, ""default-run2"": 23.057378841523864}"
default,UTF16->String,CJK,262144,524288,262144,262144,simdutf,22,611068.923076923,592342.9230769231,649551.3076923077,1.0,swift-decoding,1.5019214237293363,swift-decoding,1.5019214237293363,"{""default-run1"": 614157.0769230769, ""default-run2"": 611048.0769230769}","{""default-run1"": 1.0, ""default-run2"": 1.0}"
default,UTF16->String,CJK,262144,524288,262144,262144,swift-decoding,22,917777.5069444445,898354.25,979407.3333333334,1.5019214237293363,swift-decoding,1.5019214237293363,swift-decoding,1.5019214237293363,"{""default-run1"": 915476.8888888889, ""default-run2"": 920078.125}","{""default-run1"": 1.4906233654025813, ""default-run2"": 1.5057376984688982}"
default,UTF16->String,CJK,1048576,2097152,1048576,1048576,foundation-materialized,22,57017896.0,56162125.0,61091416.0,22.783425664932363,swift-decoding,1.4751883454734653,swift-decoding,1.4751883454734653,"{""default-run1"": 57449208.0, ""default-run2"": 56923750.0}","{""default-run1"": 22.97930021166314, ""default-run2"": 22.70453777651384}"
default,UTF16->String,CJK,1048576,2097152,1048576,1048576,simdutf,22,2502604.1666666665,2426166.6666666665,2570111.3333333335,1.0,swift-decoding,1.4751883454734653,swift-decoding,1.4751883454734653,"{""default-run1"": 2500041.6666666665, ""default-run2"": 2507153.0}","{""default-run1"": 1.0, ""default-run2"": 1.0}"
default,UTF16->String,CJK,1048576,2097152,1048576,1048576,swift-decoding,22,3691812.5,3562145.5,3914416.0,1.4751883454734653,swift-decoding,1.4751883454734653,swift-decoding,1.4751883454734653,"{""default-run1"": 3683375.0, ""default-run2"": 3734916.5}","{""default-run1"": 1.4733254445759238, ""default-run2"": 1.4897042581765054}"
default,UTF16->String,Emoji,0,0,0,0,foundation-materialized,22,4.576479,4.3345,11.853083,0.6535220990086597,swift-decoding,13.049809315328037,swift-decoding,13.049809315328037,"{""default-run1"": 4.571166, ""default-run2"": 4.581792}","{""default-run1"": 0.6565448581521066, ""default-run2"": 0.6532468856373973}"
default,UTF16->String,Emoji,0,0,0,0,simdutf,22,7.0027915,6.762084,7.294917,1.0,swift-decoding,13.049809315328037,swift-decoding,13.049809315328037,"{""default-run1"": 6.962458, ""default-run2"": 7.013875}","{""default-run1"": 1.0, ""default-run2"": 1.0}"
default,UTF16->String,Emoji,0,0,0,0,swift-decoding,22,91.38509375,87.3235625,95.869140625,13.049809315328037,swift-decoding,13.049809315328037,swift-decoding,13.049809315328037,"{""default-run1"": 91.3079375, ""default-run2"": 91.5234375}","{""default-run1"": 13.11432507025536, ""default-run2"": 13.048911978043522}"
default,UTF16->String,Emoji,7,12,6,3,foundation-materialized,22,708.2430631917865,684.1908091908092,1243.0192937428092,22.687558763277803,swift-decoding,4.890833665997865,swift-decoding,4.890833665997865,"{""default-run1"": 708.0972652447119, ""default-run2"": 708.3888611388611}","{""default-run1"": 22.046317854707212, ""default-run2"": 23.09891645102504}"
default,UTF16->String,Emoji,7,12,6,3,simdutf,22,31.217244243049734,30.347099747238726,32.92843723795394,1.0,swift-decoding,4.890833665997865,swift-decoding,4.890833665997865,"{""default-run1"": 32.11861817067664, ""default-run2"": 30.667622987459463}","{""default-run1"": 1.0, ""default-run2"": 1.0}"
default,UTF16->String,Emoji,7,12,6,3,swift-decoding,22,152.67834910358567,148.535763500689,160.13031208499336,4.890833665997865,swift-decoding,4.890833665997865,swift-decoding,4.890833665997865,"{""default-run1"": 155.27635786901016, ""default-run2"": 151.70827108233732}","{""default-run1"": 4.834465699734646, ""default-run2"": 4.946854575079834}"
default,UTF16->String,Emoji,16,32,16,9,foundation-materialized,22,1398.4366620831902,1347.7640082502578,1418.0273289790307,17.2326187658806,swift-decoding,3.9873320903306086,swift-decoding,3.9873320903306086,"{""default-run1"": 1374.1548642145067, ""default-run2"": 1405.515812994156}","{""default-run1"": 17.34286424139561, ""default-run2"": 16.806611552963023}"
default,UTF16->String,Emoji,16,32,16,9,simdutf,22,81.1505599399668,76.34945350186237,85.97911283821493,1.0,swift-decoding,3.9873320903306086,swift-decoding,3.9873320903306086,"{""default-run1"": 79.23459730109299, ""default-run2"": 83.62874387647533}","{""default-run1"": 1.0, ""default-run2"": 1.0}"
default,UTF16->String,Emoji,16,32,16,9,swift-decoding,22,323.57423179692717,312.8340013360054,334.40517815517813,3.9873320903306086,swift-decoding,3.9873320903306086,swift-decoding,3.9873320903306086,"{""default-run1"": 323.08542084168334, ""default-run2"": 324.3752913752914}","{""default-run1"": 4.077580146131778, ""default-run2"": 3.8787536000111777}"
default,UTF16->String,Emoji,128,256,128,77,foundation-materialized,22,8576.162444199505,8422.164397905759,8797.894736842105,40.66492836877213,swift-decoding,2.835928918111372,swift-decoding,2.835928918111372,"{""default-run1"": 8646.667368421053, ""default-run2"": 8559.380104712041}","{""default-run1"": 40.986081242580944, ""default-run2"": 40.63800643186726}"
default,UTF16->String,Emoji,128,256,128,77,simdutf,22,210.89825528342521,203.64758915209694,392.8203125,1.0,swift-decoding,2.835928918111372,swift-decoding,2.835928918111372,"{""default-run1"": 210.96594517647918, ""default-run2"": 210.625}","{""default-run1"": 1.0, ""default-run2"": 1.0}"
default,UTF16->String,Emoji,128,256,128,77,swift-decoding,22,598.0924609374999,583.9290625,617.317734375,2.835928918111372,swift-decoding,2.835928918111372,swift-decoding,2.835928918111372,"{""default-run1"": 597.581328125, ""default-run2"": 600.43625}","{""default-run1"": 2.8325961691357615, ""default-run2"": 2.8507359050445102}"
default,UTF16->String,Emoji,1024,2048,1024,622,foundation-materialized,22,66473.31818181818,63787.7578125,83560.26446280992,24.36170018479647,swift-decoding,1.1614946066146996,swift-decoding,1.1614946066146996,"{""default-run1"": 65072.9140625, ""default-run2"": 68016.18181818182}","{""default-run1"": 24.097188874129376, ""default-run2"": 24.207864921547436}"
default,UTF16->String,Emoji,1024,2048,1024,622,simdutf,22,2728.5993045470004,2628.995802389409,4241.900300100034,1.0,swift-decoding,1.1614946066146996,swift-decoding,1.1614946066146996,"{""default-run1"": 2700.4359057152083, ""default-run2"": 2809.6728909636545}","{""default-run1"": 1.0, ""default-run2"": 1.0}"
default,UTF16->String,Emoji,1024,2048,1024,622,swift-decoding,22,3169.2533758439613,3070.6817102137766,3854.963615903976,1.1614946066146996,swift-decoding,1.1614946066146996,swift-decoding,1.1614946066146996,"{""default-run1"": 3110.418448139351, ""default-run2"": 3285.5247561890474}","{""default-run1"": 1.1518208751248102, ""default-run2"": 1.169362016039592}"
default,UTF16->String,Emoji,16384,32768,16384,9972,foundation-materialized,22,1073020.857142857,1015952.4285714285,2328000.0,25.31180114731879,swift-decoding,1.1387761145802526,swift-decoding,1.1387761145802526,"{""default-run1"": 1048089.2857142857, ""default-run2"": 1097279.7142857143}","{""default-run1"": 25.106542014479565, ""default-run2"": 25.70776561461116}"
default,UTF16->String,Emoji,16384,32768,16384,9972,simdutf,22,42392.11784644252,40726.15606936416,77161.64921465969,1.0,swift-decoding,1.1387761145802526,swift-decoding,1.1387761145802526,"{""default-run1"": 41745.66473988439, ""default-run2"": 42682.811518324605}","{""default-run1"": 1.0, ""default-run2"": 1.0}"
default,UTF16->String,Emoji,16384,32768,16384,9972,swift-decoding,22,48275.13125,45424.48125,97536.70833333333,1.1387761145802526,swift-decoding,1.1387761145802526,swift-decoding,1.1387761145802526,"{""default-run1"": 46988.54375, ""default-run2"": 49166.17261904762}","{""default-run1"": 1.1255909815494323, ""default-run2"": 1.1518962990040984}"
default,UTF16->String,Emoji,262144,524288,262144,159565,foundation-materialized,22,16948979.0,16172292.0,17437583.0,25.003680151211302,swift-decoding,1.1354438784265213,swift-decoding,1.1354438784265213,"{""default-run1"": 16409416.0, ""default-run2"": 17138334.0}","{""default-run1"": 24.83596818128329, ""default-run2"": 25.070423922493557}"
default,UTF16->String,Emoji,262144,524288,262144,159565,simdutf,22,677859.375,639163.1666666666,699996.5833333334,1.0,swift-decoding,1.1354438784265213,swift-decoding,1.1354438784265213,"{""default-run1"": 660711.75, ""default-run2"": 683607.6666666666}","{""default-run1"": 1.0, ""default-run2"": 1.0}"
default,UTF16->String,Emoji,262144,524288,262144,159565,swift-decoding,22,769671.2777777778,735837.5,803564.8888888889,1.1354438784265213,swift-decoding,1.1354438784265213,swift-decoding,1.1354438784265213,"{""default-run1"": 747650.0, ""default-run2"": 788814.7777777778}","{""default-run1"": 1.1315827212093625, ""default-run2"": 1.1538998408606367}"
default,UTF16->String,Emoji,1048576,2097152,1048576,638263,foundation-materialized,22,67305146.0,66593500.0,75579666.0,24.841162263438772,swift-decoding,1.128054920237854,swift-decoding,1.128054920237854,"{""default-run1"": 67321542.0, ""default-run2"": 67053416.0}","{""default-run1"": 24.87268080125735, ""default-run2"": 24.72293934689783}"
default,UTF16->String,Emoji,1048576,2097152,1048576,638263,simdutf,22,2709420.166666667,2577937.5,8371902.666666667,1.0,swift-decoding,1.128054920237854,swift-decoding,1.128054920237854,"{""default-run1"": 2706646.0, ""default-run2"": 2712194.3333333335}","{""default-run1"": 1.0, ""default-run2"": 1.0}"
default,UTF16->String,Emoji,1048576,2097152,1048576,638263,swift-decoding,22,3056374.75,2980416.5,3447520.5,1.128054920237854,swift-decoding,1.128054920237854,swift-decoding,1.128054920237854,"{""default-run1"": 3028062.5, ""default-run2"": 3096187.5}","{""default-run1"": 1.118750845141921, ""default-run2"": 1.141580255495458}"
default,UTF16->String,Latin,0,0,0,0,foundation-materialized,22,4.501666999999999,4.372292,10.887875,0.651253397470094,swift-decoding,13.139931457448771,swift-decoding,13.139931457448771,"{""default-run1"": 4.495667, ""default-run2"": 4.507667}","{""default-run1"": 0.6496433344200059, ""default-run2"": 0.6547717839912741}"
default,UTF16->String,Latin,0,0,0,0,simdutf,22,6.9123125000000005,6.665875,7.164125,1.0,swift-decoding,13.139931457448771,swift-decoding,13.139931457448771,"{""default-run1"": 6.920208, ""default-run2"": 6.884333}","{""default-run1"": 1.0, ""default-run2"": 1.0}"
default,UTF16->String,Latin,0,0,0,0,swift-decoding,22,90.82731246246637,87.86245823278263,96.99953591980695,13.139931457448771,swift-decoding,13.139931457448771,swift-decoding,13.139931457448771,"{""default-run1"": 91.01145117876369, ""default-run2"": 90.56993308087358}","{""default-run1"": 13.151548505299797, ""default-run2"": 13.155948888712034}"
default,UTF16->String,Latin,7,14,7,7,foundation-materialized,22,43.508450485033975,41.40210613684702,69.86867251128288,1.4511196666918191,swift-decoding,4.903373627045668,swift-decoding,4.903373627045668,"{""default-run1"": 43.67726305960471, ""default-run2"": 43.43431031799554}","{""default-run1"": 1.4478311844329765, ""default-run2"": 1.4613642940148408}"
default,UTF16->String,Latin,7,14,7,7,simdutf,22,29.98267578043518,28.98517503194556,48.046803958277614,1.0,swift-decoding,4.903373627045668,swift-decoding,4.903373627045668,"{""default-run1"": 30.16737277744872, ""default-run2"": 29.721754182639447}","{""default-run1"": 1.0, ""default-run2"": 1.0}"
default,UTF16->String,Latin,7,14,7,7,swift-decoding,22,147.01626169004675,142.43591349365397,322.69747828991314,4.903373627045668,swift-decoding,4.903373627045668,swift-decoding,4.903373627045668,"{""default-run1"": 148.56796927187708, ""default-run2"": 145.06442050768203}","{""default-run1"": 4.924789784244566, ""default-run2"": 4.88074894961666}"
default,UTF16->String,Latin,16,32,16,16,foundation-materialized,22,680.81606869394,660.8339169584792,704.3909429008969,9.012884828154705,swift-decoding,3.1757634267787336,swift-decoding,3.1757634267787336,"{""default-run1"": 665.8433383358346, ""default-run2"": 694.4414788886459}","{""default-run1"": 9.105260658543788, ""default-run2"": 9.026886466871478}"
default,UTF16->String,Latin,16,32,16,16,simdutf,22,75.5380859375,71.87870387870387,78.404296875,1.0,swift-decoding,3.1757634267787336,swift-decoding,3.1757634267787336,"{""default-run1"": 73.12732312732312, ""default-run2"": 76.93034375}","{""default-run1"": 1.0, ""default-run2"": 1.0}"
default,UTF16->String,Latin,16,32,16,16,swift-decoding,22,239.89109064918148,230.720224842136,250.90365625,3.1757634267787336,swift-decoding,3.1757634267787336,swift-decoding,3.1757634267787336,"{""default-run1"": 235.95192904332592, ""default-run2"": 245.20571875}","{""default-run1"": 3.226590540344357, ""default-run2"": 3.187373236584556}"
default,UTF16->String,Latin,128,256,128,128,foundation-materialized,22,3383.055625,3216.7280587980977,3544.5658333333336,31.405235420442004,swift-decoding,3.8510849884283846,swift-decoding,3.8510849884283846,"{""default-run1"": 3313.860354517942, ""default-run2"": 3398.24625}","{""default-run1"": 31.013621240641616, ""default-run2"": 31.279327458049906}"
default,UTF16->String,Latin,128,256,128,128,simdutf,22,107.7226640625,102.5488826261263,115.1920625,1.0,swift-decoding,3.8510849884283846,swift-decoding,3.8510849884283846,"{""default-run1"": 106.85177099458845, ""default-run2"": 108.641921875}","{""default-run1"": 1.0, ""default-run2"": 1.0}"
default,UTF16->String,Latin,128,256,128,128,swift-decoding,22,414.8491344846076,396.96290628188314,709.4902346596706,3.8510849884283846,swift-decoding,3.8510849884283846,swift-decoding,3.8510849884283846,"{""default-run1"": 414.6261477918671, ""default-run2"": 415.0721211773481}","{""default-run1"": 3.880386295261929, ""default-run2"": 3.820552085362749}"
default,UTF16->String,Latin,1024,2048,1024,1024,foundation-materialized,22,24696.92899408284,23344.793696275072,44636.46131805157,34.546955739182614,swift-decoding,2.317926392874895,swift-decoding,2.317926392874895,"{""default-run1"": 24097.89971346705, ""default-run2"": 25012.452662721895}","{""default-run1"": 34.41511327979858, ""default-run2"": 34.13727704422159}"
default,UTF16->String,Latin,1024,2048,1024,1024,simdutf,22,714.8800369137003,679.9203226092351,1073.5066028538508,1.0,swift-decoding,2.317926392874895,swift-decoding,2.317926392874895,"{""default-run1"": 700.2127093858016, ""default-run2"": 732.7020438777423}","{""default-run1"": 1.0, ""default-run2"": 1.0}"
default,UTF16->String,Latin,1024,2048,1024,1024,swift-decoding,22,1657.0393053016453,1573.9823867009698,1752.2675638234712,2.317926392874895,swift-decoding,2.317926392874895,swift-decoding,2.317926392874895,"{""default-run1"": 1602.0680783692856, ""default-run2"": 1675.9260613447086}","{""default-run1"": 2.2879734356358012, ""default-run2"": 2.287322760115504}"
default,UTF16->String,Latin,16384,32768,16384,16384,foundation-materialized,22,388706.35714285716,370575.38095238095,398085.3333333333,39.0747878191176,swift-decoding,2.3743814553663745,swift-decoding,2.3743814553663745,"{""default-run1"": 384460.3333333333, ""default-run2"": 390571.4285714286}","{""default-run1"": 38.749965231169746, ""default-run2"": 38.7329902406472}"
default,UTF16->String,Latin,16384,32768,16384,16384,simdutf,22,9947.75349625008,9640.450904392765,10416.768292682927,1.0,swift-decoding,2.3743814553663745,swift-decoding,2.3743814553663745,"{""default-run1"": 9921.565891472868, ""default-run2"": 10083.689024390244}","{""default-run1"": 1.0, ""default-run2"": 1.0}"
default,UTF16->String,Latin,16384,32768,16384,16384,swift-decoding,22,23619.761424052205,22738.317919075143,24934.696275071634,2.3743814553663745,swift-decoding,2.3743814553663745,swift-decoding,2.3743814553663745,"{""default-run1"": 23286.127167630057, ""default-run2"": 23698.54441260745}","{""default-run1"": 2.3470213696452307, ""default-run2"": 2.3501859642126846}"
default,UTF16->String,Latin,262144,524288,262144,262144,foundation-materialized,22,6161250.0,5985667.0,15820791.0,39.263120380094534,swift-decoding,2.420375435251585,swift-decoding,2.420375435251585,"{""default-run1"": 6164500.0, ""default-run2"": 6121250.0}","{""default-run1"": 39.37612799228672, ""default-run2"": 38.782998944033785}"
default,UTF16->String,Latin,262144,524288,262144,262144,simdutf,22,156922.06682389937,153705.98113207548,160539.9375,1.0,swift-decoding,2.420375435251585,swift-decoding,2.420375435251585,"{""default-run1"": 156554.24528301886, ""default-run2"": 157833.33333333334}","{""default-run1"": 1.0, ""default-run2"": 1.0}"
default,UTF16->String,Latin,262144,524288,262144,262144,swift-decoding,22,379810.3157894737,368907.8947368421,818412.2631578947,2.420375435251585,swift-decoding,2.420375435251585,swift-decoding,2.420375435251585,"{""default-run1"": 380754.36842105264, ""default-run2"": 378401.3157894737}","{""default-run1"": 2.4320922612652547, ""default-run2"": 2.39747401767354}"
default,UTF16->String,Latin,1048576,2097152,1048576,1048576,foundation-materialized,22,24441666.5,23925375.0,25942708.0,39.115994060122034,swift-decoding,2.4250181135501543,swift-decoding,2.4250181135501543,"{""default-run1"": 24330791.0, ""default-run2"": 24700417.0}","{""default-run1"": 39.24463305618516, ""default-run2"": 38.63842320351963}"
default,UTF16->String,Latin,1048576,2097152,1048576,1048576,simdutf,22,624850.9615384615,601935.9230769231,666760.4166666666,1.0,swift-decoding,2.4250181135501543,swift-decoding,2.4250181135501543,"{""default-run1"": 619977.5384615385, ""default-run2"": 639270.8333333334}","{""default-run1"": 1.0, ""default-run2"": 1.0}"
default,UTF16->String,Latin,1048576,2097152,1048576,1048576,swift-decoding,22,1515274.9,1456458.4,1663825.0,2.4250181135501543,swift-decoding,2.4250181135501543,swift-decoding,2.4250181135501543,"{""default-run1"": 1486608.4, ""default-run2"": 1545500.0}","{""default-run1"": 2.3978423535939513, ""default-run2"": 2.4175981750040734}"
default,UTF16->String,Malformed,0,0,0,0,simdutf,22,6.757270999999999,6.615208,9.690167,1.0,swift-decoding,13.629369067385392,swift-decoding,13.629369067385392,"{""default-run1"": 6.754375, ""default-run2"": 6.760167}","{""default-run1"": 1.0, ""default-run2"": 1.0}"
default,UTF16->String,Malformed,0,0,0,0,swift-decoding,22,92.09734034734035,89.117828125,177.76080976080976,13.629369067385392,swift-decoding,13.629369067385392,swift-decoding,13.629369067385392,"{""default-run1"": 91.96171696171696, ""default-run2"": 92.374359375}","{""default-run1"": 13.615133444873429, ""default-run2"": 13.664508491432239}"
default,UTF16->String,Malformed,7,14,7,6,simdutf,22,41.0743805489208,39.807366291435386,42.39291383514032,1.0,swift-decoding,3.900364088990587,swift-decoding,3.900364088990587,"{""default-run1"": 40.98651300020263, ""default-run2"": 41.14401618509104}","{""default-run1"": 1.0, ""default-run2"": 1.0}"
default,UTF16->String,Malformed,7,14,7,6,swift-decoding,22,160.20503887054417,153.19632874860247,166.80640128961807,3.900364088990587,swift-decoding,3.900364088990587,swift-decoding,3.900364088990587,"{""default-run1"": 161.09718936065104, ""default-run2"": 156.39978159694235}","{""default-run1"": 3.9304926808449068, ""default-run2"": 3.801276494092364}"
default,UTF16->String,Malformed,16,32,16,14,simdutf,22,101.8613359375,100.298171875,105.697921875,1.0,swift-decoding,2.6836728644665513,swift-decoding,2.6836728644665513,"{""default-run1"": 101.5013125, ""default-run2"": 102.224609375}","{""default-run1"": 1.0, ""default-run2"": 1.0}"
default,UTF16->String,Malformed,16,32,16,14,swift-decoding,22,273.3625031937803,267.44866226229146,283.3673759900719,2.6836728644665513,swift-decoding,2.6836728644665513,swift-decoding,2.6836728644665513,"{""default-run1"": 276.2498448735263, ""default-run2"": 271.1534474577509}","{""default-run1"": 2.7216381549108175, ""default-run2"": 2.652526129623578}"
default,UTF16->String,Malformed,128,256,128,112,simdutf,22,336.04859475700647,327.05223577235773,350.2730511414241,1.0,swift-decoding,2.0682087865544396,swift-decoding,2.0682087865544396,"{""default-run1"": 330.5357723577236, ""default-run2"": 341.3022078469976}","{""default-run1"": 1.0, ""default-run2"": 1.0}"
default,UTF16->String,Malformed,128,256,128,112,swift-decoding,22,695.018656385713,667.187361517327,727.8084042021011,2.0682087865544396,swift-decoding,2.0682087865544396,swift-decoding,2.0682087865544396,"{""default-run1"": 690.9915802534787, ""default-run2"": 698.7556278139069}","{""default-run1"": 2.0905198106837597, ""default-run2"": 2.047322319482774}"
default,UTF16->String,Malformed,1024,2048,1024,896,simdutf,22,3924.479166666667,3762.7378875968993,4551.5988372093025,1.0,swift-decoding,1.03279901187199,swift-decoding,1.03279901187199,"{""default-run1"": 3871.9718992248063, ""default-run2"": 3964.5625}","{""default-run1"": 1.0, ""default-run2"": 1.0}"
default,UTF16->String,Malformed,1024,2048,1024,896,swift-decoding,22,4053.1982054455448,3904.6,4305.0205,1.03279901187199,swift-decoding,1.03279901187199,swift-decoding,1.03279901187199,"{""default-run1"": 4000.721782178218, ""default-run2"": 4125.875}","{""default-run1"": 1.0332517606801817, ""default-run2"": 1.0406886005706808}"
default,UTF16->String,Malformed,16384,32768,16384,14336,simdutf,22,61010.81679389313,58879.94074074074,106792.29770992366,1.0,swift-decoding,1.0111235681151178,swift-decoding,1.0111235681151178,"{""default-run1"": 60967.59259259259, ""default-run2"": 61050.259541984735}","{""default-run1"": 1.0, ""default-run2"": 1.0}"
default,UTF16->String,Malformed,16384,32768,16384,14336,swift-decoding,22,61689.47477025898,59823.624060150374,64190.42962962963,1.0111235681151178,swift-decoding,1.0111235681151178,swift-decoding,1.0111235681151178,"{""default-run1"": 61787.593984962405, ""default-run2"": 61591.35555555556}","{""default-run1"": 1.013449791233342, ""default-run2"": 1.0088631238856356}"
default,UTF16->String,Malformed,262144,524288,262144,229376,simdutf,22,976929.6875,938428.5714285715,1838732.142857143,1.0,swift-decoding,1.0039398945996305,swift-decoding,1.0039398945996305,"{""default-run1"": 971512.0, ""default-run2"": 979333.375}","{""default-run1"": 1.0, ""default-run2"": 1.0}"
default,UTF16->String,Malformed,262144,524288,262144,229376,swift-decoding,22,980778.6875,953291.5714285715,1730541.7142857143,1.0039398945996305,swift-decoding,1.0039398945996305,swift-decoding,1.0039398945996305,"{""default-run1"": 971547.5714285715, ""default-run2"": 986994.75}","{""default-run1"": 1.0000366145025192, ""default-run2"": 1.007823051062668}"
default,UTF16->String,Malformed,1048576,2097152,1048576,917504,simdutf,22,3923573.0,3734458.5,5281562.5,1.0,swift-decoding,1.0120425311317007,swift-decoding,1.0120425311317007,"{""default-run1"": 3858021.0, ""default-run2"": 3986062.5}","{""default-run1"": 1.0, ""default-run2"": 1.0}"
default,UTF16->String,Malformed,1048576,2097152,1048576,917504,swift-decoding,22,3970822.75,3749166.5,4139000.0,1.0120425311317007,swift-decoding,1.0120425311317007,swift-decoding,1.0120425311317007,"{""default-run1"": 3916270.5, ""default-run2"": 4010041.0}","{""default-run1"": 1.015098284846039, ""default-run2"": 1.0060155855559214}"
default,UTF16->String,Mixed,0,0,0,0,foundation-materialized,22,4.537042,4.404334,4.73325,0.6578104480993159,swift-decoding,13.104201009485989,swift-decoding,13.104201009485989,"{""default-run1"": 4.532167, ""default-run2"": 4.544209}","{""default-run1"": 0.660858413531642, ""default-run2"": 0.655174581433489}"
default,UTF16->String,Mixed,0,0,0,0,simdutf,22,6.897187499999999,6.756958,16.251542,1.0,swift-decoding,13.104201009485989,swift-decoding,13.104201009485989,"{""default-run1"": 6.858, ""default-run2"": 6.935875}","{""default-run1"": 1.0, ""default-run2"": 1.0}"
default,UTF16->String,Mixed,0,0,0,0,swift-decoding,22,90.38213140011413,87.44617938475903,109.584640625,13.104201009485989,swift-decoding,13.104201009485989,swift-decoding,13.104201009485989,"{""default-run1"": 90.18562016911345, ""default-run2"": 91.54165625}","{""default-run1"": 13.150425804770116, ""default-run2"": 13.198285183916953}"
default,UTF16->String,Mixed,7,14,7,7,foundation-materialized,22,43.65800693476555,41.5162214037454,148.45886808113295,1.4591250328654422,swift-decoding,4.890524264850931,swift-decoding,4.890524264850931,"{""default-run1"": 43.632743684183225, ""default-run2"": 43.68327018534787}","{""default-run1"": 1.48637269313093, ""default-run2"": 1.4575075420919232}"
default,UTF16->String,Mixed,7,14,7,7,simdutf,22,29.920675714150136,28.84265209265209,31.50627692891715,1.0,swift-decoding,4.890524264850931,swift-decoding,4.890524264850931,"{""default-run1"": 29.355183855183856, ""default-run2"": 29.971213817974757}","{""default-run1"": 1.0, ""default-run2"": 1.0}"
default,UTF16->String,Mixed,7,14,7,7,swift-decoding,22,146.32779060078718,141.09097527365384,165.59413431788045,4.890524264850931,swift-decoding,4.890524264850931,swift-decoding,4.890524264850931,"{""default-run1"": 145.76821875, ""default-run2"": 146.8153974155638}","{""default-run1"": 4.965672143942599, ""default-run2"": 4.898546929304332}"
default,UTF16->String,Mixed,16,32,16,16,foundation-materialized,22,807.3587878484786,794.8676368676369,841.603353118817,10.251147300334669,swift-decoding,3.1815730899033645,swift-decoding,3.1815730899033645,"{""default-run1"": 812.6887431011143, ""default-run2"": 805.4318384318384}","{""default-run1"": 10.395831192217111, ""default-run2"": 10.215466554755235}"
default,UTF16->String,Mixed,16,32,16,16,simdutf,22,78.75789550132802,76.20571875,84.427078125,1.0,swift-decoding,3.1815730899033645,swift-decoding,3.1815730899033645,"{""default-run1"": 78.174484375, ""default-run2"": 78.84435175962815}","{""default-run1"": 1.0, ""default-run2"": 1.0}"
default,UTF16->String,Mixed,16,32,16,16,swift-decoding,22,250.57400094444648,246.1811512209366,258.862,3.1815730899033645,swift-decoding,3.1815730899033645,swift-decoding,3.1815730899033645,"{""default-run1"": 252.28775, ""default-run2"": 247.7126327700113}","{""default-run1"": 3.227239066775104, ""default-run2"": 3.141793004084933}"
default,UTF16->String,Mixed,128,256,128,116,foundation-materialized,22,5597.3558172733765,5391.190508940853,6164.763026409707,32.962560807707455,swift-decoding,3.1009506457720697,swift-decoding,3.1009506457720697,"{""default-run1"": 5589.064649243466, ""default-run2"": 5634.01142041399}","{""default-run1"": 32.94080994132282, ""default-run2"": 33.04753155204369}"
default,UTF16->String,Mixed,128,256,128,116,simdutf,22,169.8094953825486,164.93586226715783,174.87655772395956,1.0,swift-decoding,3.1009506457720697,swift-decoding,3.1009506457720697,"{""default-run1"": 169.669921875, ""default-run2"": 170.48206494761868}","{""default-run1"": 1.0, ""default-run2"": 1.0}"
default,UTF16->String,Mixed,128,256,128,116,swift-decoding,22,526.5708643647433,515.0032794053345,576.8109605013847,3.1009506457720697,swift-decoding,3.1009506457720697,swift-decoding,3.1009506457720697,"{""default-run1"": 526.8913279132792, ""default-run2"": 526.2504008162075}","{""default-run1"": 3.1053902901037045, ""default-run2"": 3.0868373220250476}"
default,UTF16->String,Mixed,1024,2046,1023,923,foundation-materialized,22,44301.68918918919,43153.51871657754,46585.7807486631,21.850197975362867,swift-decoding,1.3225503949357265,swift-decoding,1.3225503949357265,"{""default-run1"": 44160.58918918919, ""default-run2"": 44428.25133689839}","{""default-run1"": 21.779120549850283, ""default-run2"": 21.917356082569846}"
default,UTF16->String,Mixed,1024,2046,1023,923,simdutf,22,2027.5188920091907,1940.2286413708691,3219.555782486597,1.0,swift-decoding,1.3225503949357265,swift-decoding,1.3225503949357265,"{""default-run1"": 2027.6571355629308, ""default-run2"": 2027.080783353733}","{""default-run1"": 1.0, ""default-run2"": 1.0}"
default,UTF16->String,Mixed,1024,2046,1023,923,swift-decoding,22,2681.4959113664017,2615.7379644588045,2782.0127572016463,1.3225503949357265,swift-decoding,1.3225503949357265,swift-decoding,1.3225503949357265,"{""default-run1"": 2662.6413570274635, ""default-run2"": 2699.759670781893}","{""default-run1"": 1.3131615352159844, ""default-run2"": 1.331846117309265}"
default,UTF16->String,Mixed,16384,32766,16383,14747,foundation-materialized,22,699971.6227272727,683469.7272727273,735022.7272727273,23.08871868683223,swift-decoding,1.2823694800803185,swift-decoding,1.2823694800803185,"{""default-run1"": 699606.0, ""default-run2"": 700975.0}","{""default-run1"": 23.020637423387917, ""default-run2"": 23.215889976903274}"
default,UTF16->String,Mixed,16384,32766,16383,14747,simdutf,22,30316.607526881722,28863.94982078853,31576.462365591397,1.0,swift-decoding,1.2823694800803185,swift-decoding,1.2823694800803185,"{""default-run1"": 30390.383512544802, ""default-run2"": 30193.75956284153}","{""default-run1"": 1.0, ""default-run2"": 1.0}"
default,UTF16->String,Mixed,16384,32766,16383,14747,swift-decoding,22,38877.09223204639,37540.709677419356,40996.35023041475,1.2823694800803185,swift-decoding,1.2823694800803185,swift-decoding,1.2823694800803185,"{""default-run1"": 38656.875576036866, ""default-run2"": 39223.08612440191}","{""default-run1"": 1.272010126495434, ""default-run2"": 1.2990461172206087}"
default,UTF16->String,Mixed,262144,524286,262143,235931,foundation-materialized,22,11274896.0,11005875.0,11712041.0,23.26219677627337,swift-decoding,1.291424887169568,swift-decoding,1.291424887169568,"{""default-run1"": 11232000.0, ""default-run2"": 11380583.0}","{""default-run1"": 23.43025492683717, ""default-run2"": 23.395274442909937}"
default,UTF16->String,Mixed,262144,524286,262143,235931,simdutf,22,484687.5,464856.8125,496125.0,1.0,swift-decoding,1.291424887169568,swift-decoding,1.291424887169568,"{""default-run1"": 479380.1875, ""default-run2"": 486447.9375}","{""default-run1"": 1.0, ""default-run2"": 1.0}"
default,UTF16->String,Mixed,262144,524286,262143,235931,swift-decoding,22,625937.5,604080.1538461539,642814.0769230769,1.291424887169568,swift-decoding,1.291424887169568,swift-decoding,1.291424887169568,"{""default-run1"": 625397.4615384615, ""default-run2"": 626099.3846153846}","{""default-run1"": 1.3045959717274747, ""default-run2"": 1.287084056380411}"
default,UTF16->String,Mixed,1048576,2097152,1048576,943720,foundation-materialized,22,45078062.5,43882084.0,46005208.0,23.18650125514291,swift-decoding,1.2869656244787384,swift-decoding,1.2869656244787384,"{""default-run1"": 44387083.0, ""default-run2"": 45287083.0}","{""default-run1"": 23.062591851807785, ""default-run2"": 23.116463897531677}"
default,UTF16->String,Mixed,1048576,2097152,1048576,943720,simdutf,22,1944151.125,1843135.5,2157177.0,1.0,swift-decoding,1.2869656244787384,swift-decoding,1.2869656244787384,"{""default-run1"": 1924635.5, ""default-run2"": 1959083.5}","{""default-run1"": 1.0, ""default-run2"": 1.0}"
default,UTF16->String,Mixed,1048576,2097152,1048576,943720,swift-decoding,22,2502055.666666667,2375847.3333333335,5302097.333333333,1.2869656244787384,swift-decoding,1.2869656244787384,swift-decoding,1.2869656244787384,"{""default-run1"": 2474680.3333333335, ""default-run2"": 2506444.3333333335}","{""default-run1"": 1.28579169059977, ""default-run2"": 1.2793963776088837}"
default,UTF32->String,ASCII,0,0,0,0,simdutf,22,6.9652705,6.620042,7.3185,1.0,swift-decoding,16.012446283625696,swift-decoding,16.012446283625696,"{""default-run1"": 6.765958, ""default-run2"": 7.043334}","{""default-run1"": 1.0, ""default-run2"": 1.0}"
default,UTF32->String,ASCII,0,0,0,0,swift-decoding,22,111.53101973217268,107.481765625,179.4935287241149,16.012446283625696,swift-decoding,16.012446283625696,swift-decoding,16.012446283625696,"{""default-run1"": 108.88671875, ""default-run2"": 113.2934410487642}","{""default-run1"": 16.093318751017964, ""default-run2"": 16.085200708750175}"
default,UTF32->String,ASCII,7,28,7,7,simdutf,22,31.0255958652833,29.85318910022227,32.32122157122157,1.0,swift-decoding,8.517497772216487,swift-decoding,8.517497772216487,"{""default-run1"": 31.190953769006544, ""default-run2"": 30.794126294126293}","{""default-run1"": 1.0, ""default-run2"": 1.0}"
default,UTF32->String,ASCII,7,28,7,7,swift-decoding,22,264.2604436642396,255.76141445657825,275.2708788351534,8.517497772216487,swift-decoding,8.517497772216487,swift-decoding,8.517497772216487,"{""default-run1"": 264.65808632345295, ""default-run2"": 263.34439712758854}","{""default-run1"": 8.485091167248475, ""default-run2"": 8.551773627616093}"
default,UTF32->String,ASCII,16,64,16,16,simdutf,22,69.91543931322056,67.07449757449757,76.51040625,1.0,swift-decoding,5.981399337130908,swift-decoding,5.981399337130908,"{""default-run1"": 67.5986265986266, ""default-run2"": 72.056}","{""default-run1"": 1.0, ""default-run2"": 1.0}"
default,UTF32->String,ASCII,16,64,16,16,swift-decoding,22,418.1921623633137,401.3568443350318,760.0308581897292,5.981399337130908,swift-decoding,5.981399337130908,swift-decoding,5.981399337130908,"{""default-run1"": 405.45983855269935, ""default-run2"": 428.219385126238}","{""default-run1"": 5.998048465690827, ""default-run2"": 5.942869228464501}"
default,UTF32->String,ASCII,128,512,128,128,simdutf,22,103.7141953125,97.082671875,114.4108125,1.0,swift-decoding,19.601575169838906,swift-decoding,19.601575169838906,"{""default-run1"": 103.893890625, ""default-run2"": 103.5345}","{""default-run1"": 1.0, ""default-run2"": 1.0}"
default,UTF32->String,ASCII,128,512,128,128,swift-decoding,22,2032.9615955973227,1916.926431823628,3223.780014378145,19.601575169838906,swift-decoding,19.601575169838906,swift-decoding,19.601575169838906,"{""default-run1"": 2014.368320153367, ""default-run2"": 2036.9213813372521}","{""default-run1"": 19.388708113974985, ""default-run2"": 19.6738418723928}"
default,UTF32->String,ASCII,1024,4096,1024,1024,simdutf,22,331.32752664002663,323.6155927405927,347.06089743589746,1.0,swift-decoding,43.05809176492584,swift-decoding,43.05809176492584,"{""default-run1"": 328.3383283383283, ""default-run2"": 338.32488344988343}","{""default-run1"": 1.0, ""default-run2"": 1.0}"
default,UTF32->String,ASCII,1024,4096,1024,1024,swift-decoding,22,14266.331046312178,14014.72384219554,14818.870503597122,43.05809176492584,swift-decoding,43.05809176492584,swift-decoding,43.05809176492584,"{""default-run1"": 14159.09090909091, ""default-run2"": 14517.760791366907}","{""default-run1"": 43.12347870182556, ""default-run2"": 42.910709503037324}"
default,UTF32->String,ASCII,16384,65536,16384,16384,simdutf,22,4314.499891541811,4204.035585353275,4576.113197424893,1.0,swift-decoding,52.08082555679876,swift-decoding,52.08082555679876,"{""default-run1"": 4247.141825683342, ""default-run2"": 4410.5418454935625}","{""default-run1"": 1.0, ""default-run2"": 1.0}"
default,UTF32->String,ASCII,16384,65536,16384,16384,swift-decoding,22,224702.7162162162,218673.4054054054,235155.94285714286,52.08082555679876,swift-decoding,52.08082555679876,swift-decoding,52.08082555679876,"{""default-run1"": 223099.0810810811, ""default-run2"": 232805.9714285714}","{""default-run1"": 52.52922794618135, ""default-run2"": 52.78398427767762}"
default,UTF32->String,ASCII,262144,1048576,262144,262144,simdutf,22,66291.30791316526,64373.25833333333,148601.04166666666,1.0,swift-decoding,55.69781493580584,swift-decoding,55.69781493580584,"{""default-run1"": 66187.15, ""default-run2"": 68101.89075630253}","{""default-run1"": 1.0, ""default-run2"": 1.0}"
default,UTF32->String,ASCII,262144,1048576,262144,262144,swift-decoding,22,3692281.0,3485625.0,4449895.5,55.69781493580584,swift-decoding,55.69781493580584,swift-decoding,55.69781493580584,"{""default-run1"": 3623000.0, ""default-run2"": 3710354.0}","{""default-run1"": 54.73872194225012, ""default-run2"": 54.48239334906606}"
default,UTF32->String,ASCII,1048576,4194304,1048576,1048576,simdutf,22,268410.9011494253,258830.56666666668,299211.2068965517,1.0,swift-decoding,54.573975711386126,swift-decoding,54.573975711386126,"{""default-run1"": 262544.4666666667, ""default-run2"": 274479.8965517241}","{""default-run1"": 1.0, ""default-run2"": 1.0}"
default,UTF32->String,ASCII,1048576,4194304,1048576,1048576,swift-decoding,22,14648250.0,14236083.0,23075667.0,54.573975711386126,swift-decoding,54.573975711386126,swift-decoding,54.573975711386126,"{""default-run1"": 14351167.0, ""default-run2"": 14978667.0}","{""default-run1"": 54.66185283661155, ""default-run2"": 54.571089497541244}"
default,UTF32->String,CJK,0,0,0,0,simdutf,22,6.910562,6.601083,7.284792,1.0,swift-decoding,16.289366584081495,swift-decoding,16.289366584081495,"{""default-run1"": 6.877375, ""default-run2"": 6.916833}","{""default-run1"": 1.0, ""default-run2"": 1.0}"
default,UTF32->String,CJK,0,0,0,0,swift-decoding,22,112.56867772002337,108.81920090180361,125.76715931863727,16.289366584081495,swift-decoding,16.289366584081495,swift-decoding,16.289366584081495,"{""default-run1"": 113.06728039412158, ""default-run2"": 111.91340625}","{""default-run1"": 16.440470440265592, ""default-run2"": 16.17986240957386}"
default,UTF32->String,CJK,7,28,7,7,simdutf,22,76.9072265625,74.455078125,79.91471875,1.0,swift-decoding,4.785189135651975,swift-decoding,4.785189135651975,"{""default-run1"": 77.6796875, ""default-run2"": 76.484375}","{""default-run1"": 1.0, ""default-run2"": 1.0}"
default,UTF32->String,CJK,7,28,7,7,swift-decoding,22,368.015625,358.0170046801872,375.8671875,4.785189135651975,swift-decoding,4.785189135651975,swift-decoding,4.785189135651975,"{""default-run1"": 365.16292251690066, ""default-run2"": 368.763}","{""default-run1"": 4.700880426648223, ""default-run2"": 4.821416138917262}"
default,UTF32->String,CJK,16,64,16,16,simdutf,22,87.9775390625,85.3639375,90.752609375,1.0,swift-decoding,6.436837403703726,swift-decoding,6.436837403703726,"{""default-run1"": 86.55925, ""default-run2"": 88.35090625}","{""default-run1"": 1.0, ""default-run2"": 1.0}"
default,UTF32->String,CJK,16,64,16,16,swift-decoding,22,566.2971141233056,555.3805555555556,588.3186314363144,6.436837403703726,swift-decoding,6.436837403703726,swift-decoding,6.436837403703726,"{""default-run1"": 573.5094850948509, ""default-run2"": 564.0091823349366}","{""default-run1"": 6.625629093307196, ""default-run2"": 6.383739638606555}"
default,UTF32->String,CJK,128,512,128,128,simdutf,22,153.8663581290138,144.93143704011857,160.1167416343829,1.0,swift-decoding,15.964152614089661,swift-decoding,15.964152614089661,"{""default-run1"": 153.55705779880918, ""default-run2"": 153.88965445516237}","{""default-run1"": 1.0, ""default-run2"": 1.0}"
default,UTF32->String,CJK,128,512,128,128,swift-decoding,22,2456.3460233457517,2389.0224555263926,2513.9138712601994,15.964152614089661,swift-decoding,15.964152614089661,swift-decoding,15.964152614089661,"{""default-run1"": 2445.246427529892, ""default-run2"": 2462.9042006648533}","{""default-run1"": 15.924025001401496, ""default-run2"": 16.00435201043648}"
default,UTF32->String,CJK,1024,4096,1024,1024,simdutf,22,2761.7352218374895,2658.244430093639,2819.5699063609945,1.0,swift-decoding,6.197352081178987,swift-decoding,6.197352081178987,"{""default-run1"": 2754.1168873103, ""default-run2"": 2771.2693649685975}","{""default-run1"": 1.0, ""default-run2"": 1.0}"
default,UTF32->String,CJK,1024,4096,1024,1024,swift-decoding,22,17115.445524719875,16549.004048582996,17402.15991902834,6.197352081178987,swift-decoding,6.197352081178987,swift-decoding,6.197352081178987,"{""default-run1"": 17216.093117408906, ""default-run2"": 16970.004149377593}","{""default-run1"": 6.251039379168226, ""default-run2"": 6.12354914462452}"
default,UTF32->String,CJK,16384,65536,16384,16384,simdutf,22,41965.23125,39840.452261306535,43945.979899497484,1.0,swift-decoding,6.431586558727216,swift-decoding,6.431586558727216,"{""default-run1"": 41551.71356783919, ""default-run2"": 41986.19375}","{""default-run1"": 1.0, ""default-run2"": 1.0}"
default,UTF32->String,CJK,16384,65536,16384,16384,swift-decoding,22,269903.0172413793,259592.74193548388,485129.03225806454,6.431586558727216,swift-decoding,6.431586558727216,swift-decoding,6.431586558727216,"{""default-run1"": 271076.6129032258, ""default-run2"": 269709.7931034483}","{""default-run1"": 6.523837156815542, ""default-run2"": 6.4237733648682624}"
default,UTF32->String,CJK,262144,1048576,262144,262144,simdutf,22,671691.0,648659.75,691288.25,1.0,swift-decoding,6.414314766760311,swift-decoding,6.414314766760311,"{""default-run1"": 668090.25, ""default-run2"": 673673.5833333334}","{""default-run1"": 1.0, ""default-run2"": 1.0}"
default,UTF32->String,CJK,262144,1048576,262144,262144,swift-decoding,22,4308437.5,4071167.0,4552667.0,6.414314766760311,swift-decoding,6.414314766760311,swift-decoding,6.414314766760311,"{""default-run1"": 4181750.0, ""default-run2"": 4342625.0}","{""default-run1"": 6.259259134525612, ""default-run2"": 6.44618567127527}"
default,UTF32->String,CJK,1048576,4194304,1048576,1048576,simdutf,22,2689944.416666667,2543972.3333333335,2943833.0,1.0,swift-decoding,6.311166838546508,swift-decoding,6.311166838546508,"{""default-run1"": 2644041.6666666665, ""default-run2"": 2725166.5}","{""default-run1"": 1.0, ""default-run2"": 1.0}"
default,UTF32->String,CJK,1048576,4194304,1048576,1048576,swift-decoding,22,16976688.0,16657459.0,24200166.0,6.311166838546508,swift-decoding,6.311166838546508,swift-decoding,6.311166838546508,"{""default-run1"": 16947542.0, ""default-run2"": 17141875.0}","{""default-run1"": 6.409710638700223, ""default-run2"": 6.290211992551648}"
default,UTF32->String,Emoji,0,0,0,0,simdutf,22,6.9834375,6.822416,7.307917,1.0,swift-decoding,16.124833310958966,swift-decoding,16.124833310958966,"{""default-run1"": 6.981833, ""default-run2"": 7.067417}","{""default-run1"": 1.0, ""default-run2"": 1.0}"
default,UTF32->String,Emoji,0,0,0,0,swift-decoding,22,112.60676562500001,110.62825,244.554046875,16.124833310958966,swift-decoding,16.124833310958966,swift-decoding,16.124833310958966,"{""default-run1"": 111.861984375, ""default-run2"": 114.115234375}","{""default-run1"": 16.021864798971848, ""default-run2"": 16.146667781878442}"
default,UTF32->String,Emoji,7,12,6,3,simdutf,22,32.02865347123143,30.8020013020013,33.70873895790128,1.0,swift-decoding,6.687900185763392,swift-decoding,6.687900185763392,"{""default-run1"": 31.858564858564858, ""default-run2"": 32.42823105265574}","{""default-run1"": 1.0, ""default-run2"": 1.0}"
default,UTF32->String,Emoji,7,12,6,3,swift-decoding,22,214.20443749999998,208.33333333333334,227.04378954378956,6.687900185763392,swift-decoding,6.687900185763392,swift-decoding,6.687900185763392,"{""default-run1"": 213.334625, ""default-run2"": 220.1513902763903}","{""default-run1"": 6.696303676800655, ""default-run2"": 6.788880649052881}"
default,UTF32->String,Emoji,16,36,16,9,simdutf,22,77.2021484375,73.568359375,83.661453125,1.0,swift-decoding,5.902773494789203,swift-decoding,5.902773494789203,"{""default-run1"": 76.404296875, ""default-run2"": 78.10221875}","{""default-run1"": 1.0, ""default-run2"": 1.0}"
default,UTF32->String,Emoji,16,36,16,9,swift-decoding,22,455.7067955376567,444.5494375,510.622375,5.902773494789203,swift-decoding,5.902773494789203,swift-decoding,5.902773494789203,"{""default-run1"": 459.42348428465107, ""default-run2"": 452.309875}","{""default-run1"": 6.01305820582687, ""default-run2"": 5.791255129995906}"
default,UTF32->String,Emoji,128,308,128,77,simdutf,22,193.8074986825128,187.14975,200.64325,1.0,swift-decoding,8.397285400850068,swift-decoding,8.397285400850068,"{""default-run1"": 193.60678125, ""default-run2"": 194.00821611502562}","{""default-run1"": 1.0, ""default-run2"": 1.0}"
default,UTF32->String,Emoji,128,308,128,77,swift-decoding,22,1627.4568792619334,1597.2899474868718,1670.26144036009,8.397285400850068,swift-decoding,8.397285400850068,swift-decoding,8.397285400850068,"{""default-run1"": 1654.1946736684172, ""default-run2"": 1624.8832731648615}","{""default-run1"": 8.544094700548703, ""default-run2"": 8.375332270471905}"
default,UTF32->String,Emoji,1024,2488,1024,622,simdutf,22,2703.2143435664675,2616.9455201837873,2963.6473014781714,1.0,swift-decoding,4.160979906808236,swift-decoding,4.160979906808236,"{""default-run1"": 2709.5503774204135, ""default-run2"": 2699.037469920935}","{""default-run1"": 1.0, ""default-run2"": 1.0}"
default,UTF32->String,Emoji,1024,2488,1024,622,swift-decoding,22,11248.020567375886,11035.164539007092,18943.705035971223,4.160979906808236,swift-decoding,4.160979906808236,swift-decoding,4.160979906808236,"{""default-run1"": 11215.228776978418, ""default-run2"": 11253.665248226951}","{""default-run1"": 4.13914753917796, ""default-run2"": 4.1695105657635105}"
default,UTF32->String,Emoji,16384,39888,16384,9972,simdutf,22,41576.84948979592,40267.572289156626,43948.13265306123,1.0,swift-decoding,4.239037821835335,swift-decoding,4.239037821835335,"{""default-run1"": 41092.62048192771, ""default-run2"": 42248.72448979592}","{""default-run1"": 1.0, ""default-run2"": 1.0}"
default,UTF32->String,Emoji,16384,39888,16384,9972,swift-decoding,22,176245.83750000002,169599.63043478262,184412.5,4.239037821835335,swift-decoding,4.239037821835335,swift-decoding,4.239037821835335,"{""default-run1"": 173853.26086956522, ""default-run2"": 177938.55}","{""default-run1"": 4.230765982569178, ""default-run2"": 4.211690462820396}"
default,UTF32->String,Emoji,262144,638260,262144,159565,simdutf,22,659432.2916666666,633647.7272727273,688440.9166666666,1.0,swift-decoding,4.190031008364202,swift-decoding,4.190031008364202,"{""default-run1"": 652609.8181818182, ""default-run2"": 665288.1666666666}","{""default-run1"": 1.0, ""default-run2"": 1.0}"
default,UTF32->String,Emoji,262144,638260,262144,159565,swift-decoding,22,2763041.75,2678271.0,3039625.0,4.190031008364202,swift-decoding,4.190031008364202,swift-decoding,4.190031008364202,"{""default-run1"": 2733333.5, ""default-run2"": 2804979.0}","{""default-run1"": 4.188311949726886, ""default-run2"": 4.216186519676061}"
default,UTF32->String,Emoji,1048576,2553052,1048576,638263,simdutf,22,2691170.25,2596166.6666666665,5071916.666666667,1.0,swift-decoding,4.181707753346337,swift-decoding,4.181707753346337,"{""default-run1"": 2678527.6666666665, ""default-run2"": 2694646.0}","{""default-run1"": 1.0, ""default-run2"": 1.0}"
default,UTF32->String,Emoji,1048576,2553052,1048576,638263,swift-decoding,22,11253687.5,10742709.0,11614459.0,4.181707753346337,swift-decoding,4.181707753346337,swift-decoding,4.181707753346337,"{""default-run1"": 11138916.0, ""default-run2"": 11377708.0}","{""default-run1"": 4.158596582226828, ""default-run2"": 4.222338667119911}"
default,UTF32->String,Latin,0,0,0,0,simdutf,22,7.018333,6.686375,7.373375,1.0,swift-decoding,16.136171287042092,swift-decoding,16.136171287042092,"{""default-run1"": 7.013583, ""default-run2"": 7.051167}","{""default-run1"": 1.0, ""default-run2"": 1.0}"
default,UTF32->String,Latin,0,0,0,0,swift-decoding,22,113.2490234375,107.255203125,231.158859375,16.136171287042092,swift-decoding,16.136171287042092,swift-decoding,16.136171287042092,"{""default-run1"": 113.162765625, ""default-run2"": 113.283203125}","{""default-run1"": 16.134800946249587, ""default-run2"": 16.06588003446805}"
default,UTF32->String,Latin,7,28,7,7,simdutf,22,31.187961878547757,30.335407085407084,43.09961217468862,1.0,swift-decoding,8.537063429388017,swift-decoding,8.537063429388017,"{""default-run1"": 31.5079874494314, ""default-run2"": 30.79237279237279}","{""default-run1"": 1.0, ""default-run2"": 1.0}"
default,UTF32->String,Latin,7,28,7,7,swift-decoding,22,266.25360879049765,256.5234375,307.563042752171,8.537063429388017,swift-decoding,8.537063429388017,swift-decoding,8.537063429388017,"{""default-run1"": 270.6315130260521, ""default-run2"": 259.87109375}","{""default-run1"": 8.589298617069748, ""default-run2"": 8.439463093742797}"
default,UTF32->String,Latin,16,64,16,16,simdutf,22,74.90166000933755,69.578125,79.0384914665145,1.0,swift-decoding,6.501482893213775,swift-decoding,6.501482893213775,"{""default-run1"": 72.581375, ""default-run2"": 75.06267572755097}","{""default-run1"": 1.0, ""default-run2"": 1.0}"
default,UTF32->String,Latin,16,64,16,16,swift-decoding,22,486.9718612240224,456.0755,1011.4765625,6.501482893213775,swift-decoding,6.501482893213775,swift-decoding,6.501482893213775,"{""default-run1"": 482.9115, ""default-run2"": 487.5384439228259}","{""default-run1"": 6.653380429896789, ""default-run2"": 6.495084796769109}"
default,UTF32->String,Latin,128,512,128,128,simdutf,22,116.77002924758244,113.55768180754531,227.42363877822046,1.0,swift-decoding,18.469855979827013,swift-decoding,18.469855979827013,"{""default-run1"": 117.38462815405046, ""default-run2"": 116.33212864980109}","{""default-run1"": 1.0, ""default-run2"": 1.0}"
default,UTF32->String,Latin,128,512,128,128,swift-decoding,22,2156.7256229630357,2049.0344475631537,2459.9173258484307,18.469855979827013,swift-decoding,18.469855979827013,swift-decoding,18.469855979827013,"{""default-run1"": 2139.076805307476, ""default-run2"": 2166.434378320935}","{""default-run1"": 18.222801732610552, ""default-run2"": 18.622837933642842}"
default,UTF32->String,Latin,1024,4096,1024,1024,simdutf,22,870.4038823649703,839.8417195362065,889.4585702680747,1.0,swift-decoding,17.127961462119195,swift-decoding,17.127961462119195,"{""default-run1"": 859.2439291183548, ""default-run2"": 877.6684267533171}","{""default-run1"": 1.0, ""default-run2"": 1.0}"
default,UTF32->String,Latin,1024,4096,1024,1024,swift-decoding,22,14908.244153626141,14407.82122905028,15249.232044198896,17.127961462119195,swift-decoding,17.127961462119195,swift-decoding,17.127961462119195,"{""default-run1"": 14768.156424581006, ""default-run2"": 15006.828729281768}","{""default-run1"": 17.18738523964223, ""default-run2"": 17.098517243915484}"
default,UTF32->String,Latin,16384,65536,16384,16384,simdutf,22,12775.157749420654,12301.024958402662,19696.688821752265,1.0,swift-decoding,18.626067582116093,swift-decoding,18.626067582116093,"{""default-run1"": 12496.118136439269, ""default-run2"": 13082.137462235649}","{""default-run1"": 1.0, ""default-run2"": 1.0}"
default,UTF32->String,Latin,16384,65536,16384,16384,swift-decoding,22,237950.9516129032,230653.17647058822,251631.70967741936,18.626067582116093,swift-decoding,18.626067582116093,swift-decoding,18.626067582116093,"{""default-run1"": 233400.73529411765, ""default-run2"": 244004.03225806452}","{""default-run1"": 18.67785921561594, ""default-run2"": 18.651694569211923}"
default,UTF32->String,Latin,262144,1048576,262144,262144,simdutf,22,201515.625,194593.75,392051.025,1.0,swift-decoding,18.967875319841824,swift-decoding,18.967875319841824,"{""default-run1"": 199869.775, ""default-run2"": 201785.425}","{""default-run1"": 1.0, ""default-run2"": 1.0}"
default,UTF32->String,Latin,262144,1048576,262144,262144,swift-decoding,22,3822323.25,3678187.5,3948958.5,18.967875319841824,swift-decoding,18.967875319841824,swift-decoding,18.967875319841824,"{""default-run1"": 3797562.5, ""default-run2"": 3837000.0}","{""default-run1"": 19.000183994803617, ""default-run2"": 19.01524849973679}"
default,UTF32->String,Latin,1048576,4194304,1048576,1048576,simdutf,22,807794.0,769208.3333333334,1259277.7777777778,1.0,swift-decoding,18.864984141996597,swift-decoding,18.864984141996597,"{""default-run1"": 799736.1111111111, ""default-run2"": 820361.1111111111}","{""default-run1"": 1.0, ""default-run2"": 1.0}"
default,UTF32->String,Latin,1048576,4194304,1048576,1048576,swift-decoding,22,15239021.0,14611833.0,15955709.0,18.864984141996597,swift-decoding,18.864984141996597,swift-decoding,18.864984141996597,"{""default-run1"": 15024292.0, ""default-run2"": 15432000.0}","{""default-run1"": 18.78656195620083, ""default-run2"": 18.811228117698846}"
default,UTF32->String,Malformed,0,0,0,0,simdutf,22,6.688417,6.484083,6.892209,1.0,swift-decoding,16.968926546356503,swift-decoding,16.968926546356503,"{""default-run1"": 6.666709, ""default-run2"": 6.712125}","{""default-run1"": 1.0, ""default-run2"": 1.0}"
default,UTF32->String,Malformed,0,0,0,0,swift-decoding,22,113.49525678440213,110.48659819639279,116.18034375,16.968926546356503,swift-decoding,16.968926546356503,swift-decoding,16.968926546356503,"{""default-run1"": 113.031890625, ""default-run2"": 113.73352955911824}","{""default-run1"": 16.954675931557833, ""default-run2"": 16.944489198147863}"
default,UTF32->String,Malformed,7,28,8,7,simdutf,22,298.42686414495654,288.4205911823647,312.841125,1.0,swift-decoding,0.9919300642039891,swift-decoding,0.9919300642039891,"{""default-run1"": 296.8515625, ""default-run2"": 300.87955076820305}","{""default-run1"": 1.0, ""default-run2"": 1.0}"
default,UTF32->String,Malformed,7,28,8,7,swift-decoding,22,296.01857851150186,287.7334251837007,549.8355810855811,0.9919300642039891,swift-decoding,0.9919300642039891,swift-decoding,0.9919300642039891,"{""default-run1"": 296.6668747918748, ""default-run2"": 295.3702822311289}","{""default-run1"": 0.9993778449182824, ""default-run2"": 0.9816894550559919}"
default,UTF32->String,Malformed,16,64,18,16,simdutf,22,539.0487301601612,515.1459699752222,1316.463605123399,1.0,swift-decoding,1.0014042592129067,swift-decoding,1.0014042592129067,"{""default-run1"": 541.0591481828595, ""default-run2"": 535.2960938638682}","{""default-run1"": 1.0, ""default-run2"": 1.0}"
default,UTF32->String,Malformed,16,64,18,16,swift-decoding,22,539.8056943056943,523.5736763236763,1045.7175474254743,1.0014042592129067,swift-decoding,1.0014042592129067,swift-decoding,1.0014042592129067,"{""default-run1"": 542.6913956639567, ""default-run2"": 539.4085081585082}","{""default-run1"": 1.0030167634843232, ""default-run2"": 1.0076825038362522}"
default,UTF32->String,Malformed,128,512,144,128,simdutf,22,2049.125329499161,1983.873883073781,2136.9218787443087,1.0,swift-decoding,0.996868048312107,swift-decoding,0.996868048312107,"{""default-run1"": 2060.6776899113347, ""default-run2"": 2045.6344140924177}","{""default-run1"": 1.0, ""default-run2"": 1.0}"
default,UTF32->String,Malformed,128,512,144,128,swift-decoding,22,2042.7075679647319,1987.19775,2105.385990693118,0.996868048312107,swift-decoding,0.996868048312107,swift-decoding,0.996868048312107,"{""default-run1"": 2027.34375, ""default-run2"": 2056.8821944648544}","{""default-run1"": 0.9838237973485465, ""default-run2"": 1.0054984313399062}"
default,UTF32->String,Malformed,1024,4096,1152,1024,simdutf,22,14279.962014134275,13728.136042402826,14579.13780918728,1.0,swift-decoding,0.9826917141917507,swift-decoding,0.9826917141917507,"{""default-run1"": 14344.743816254417, ""default-run2"": 14190.664310954064}","{""default-run1"": 1.0, ""default-run2"": 1.0}"
default,UTF32->String,Malformed,1024,4096,1152,1024,swift-decoding,22,14032.800350262696,13578.01724137931,14528.448275862069,0.9826917141917507,swift-decoding,0.9826917141917507,swift-decoding,0.9826917141917507,"{""default-run1"": 14038.893169877409, ""default-run2"": 13951.939655172413}","{""default-run1"": 0.9786785563900806, ""default-run2"": 0.9831773445872175}"
default,UTF32->String,Malformed,16384,65536,18432,16384,simdutf,22,224497.6285714286,216098.38888888888,234777.4,1.0,swift-decoding,0.9886274783765654,swift-decoding,0.9886274783765654,"{""default-run1"": 227254.77142857143, ""default-run2"": 223348.36111111112}","{""default-run1"": 1.0, ""default-run2"": 1.0}"
default,UTF32->String,Malformed,16384,65536,18432,16384,swift-decoding,22,221944.52443609023,211319.0285714286,229335.52631578947,0.9886274783765654,swift-decoding,0.9886274783765654,swift-decoding,0.9886274783765654,"{""default-run1"": 223919.97368421053, ""default-run2"": 218747.62857142856}","{""default-run1"": 0.9853257305736745, ""default-run2"": 0.9794010911170564}"
default,UTF32->String,Malformed,262144,1048576,294912,262144,simdutf,22,3496364.5,3363583.0,7265020.5,1.0,swift-decoding,0.9914941648675359,swift-decoding,0.9914941648675359,"{""default-run1"": 3492604.5, ""default-run2"": 3567645.5}","{""default-run1"": 1.0, ""default-run2"": 1.0}"
default,UTF32->String,Malformed,262144,1048576,294912,262144,swift-decoding,22,3466625.0,3366604.0,3720083.5,0.9914941648675359,swift-decoding,0.9914941648675359,swift-decoding,0.9914941648675359,"{""default-run1"": 3445604.5, ""default-run2"": 3480708.5}","{""default-run1"": 0.9865429939175764, ""default-run2"": 0.9756318277698836}"
default,UTF32->String,Malformed,1048576,4194304,1179648,1048576,simdutf,22,14333979.0,13854709.0,14908458.0,1.0,swift-decoding,0.9858814499449176,swift-decoding,0.9858814499449176,"{""default-run1"": 14274917.0, ""default-run2"": 14388542.0}","{""default-run1"": 1.0, ""default-run2"": 1.0}"
default,UTF32->String,Malformed,1048576,4194304,1179648,1048576,swift-decoding,22,14131604.0,13729625.0,19635625.0,0.9858814499449176,swift-decoding,0.9858814499449176,swift-decoding,0.9858814499449176,"{""default-run1"": 14048875.0, ""default-run2"": 14349958.0}","{""default-run1"": 0.984165091818047, ""default-run2"": 0.9973184218387102}"
default,UTF32->String,Mixed,0,0,0,0,simdutf,22,6.925437,6.68175,7.14,1.0,swift-decoding,16.16769456016735,swift-decoding,16.16769456016735,"{""default-run1"": 6.89825, ""default-run2"": 6.940541}","{""default-run1"": 1.0, ""default-run2"": 1.0}"
default,UTF32->String,Mixed,0,0,0,0,swift-decoding,22,111.9683501116817,109.02012358049433,183.79621875,16.16769456016735,swift-decoding,16.16769456016735,swift-decoding,16.16769456016735,"{""default-run1"": 111.16764779559118, ""default-run2"": 114.658859375}","{""default-run1"": 16.115340527755762, ""default-run2"": 16.52016166679226}"
default,UTF32->String,Mixed,7,28,7,7,simdutf,22,30.997427708721652,30.0821023180565,31.63393854385828,1.0,swift-decoding,8.546138029499996,swift-decoding,8.546138029499996,"{""default-run1"": 30.570523167577637, ""default-run2"": 31.11895462082448}","{""default-run1"": 1.0, ""default-run2"": 1.0}"
default,UTF32->String,Mixed,7,28,7,7,swift-decoding,22,264.90829575818304,257.3572261072261,322.52818015318013,8.546138029499996,swift-decoding,8.546138029499996,swift-decoding,8.546138029499996,"{""default-run1"": 263.76189879759517, ""default-run2"": 267.15472027972027}","{""default-run1"": 8.627981188013646, ""default-run2"": 8.584951632692157}"
default,UTF32->String,Mixed,16,64,16,16,simdutf,22,81.818359375,76.94921875,84.02278125,1.0,swift-decoding,5.999828507316607,swift-decoding,5.999828507316607,"{""default-run1"": 81.56965625, ""default-run2"": 82.17578125}","{""default-run1"": 1.0, ""default-run2"": 1.0}"
default,UTF32->String,Mixed,16,64,16,16,swift-decoding,22,490.896125,473.639296875,909.997375,5.999828507316607,swift-decoding,5.999828507316607,swift-decoding,5.999828507316607,"{""default-run1"": 491.031875, ""default-run2"": 490.760375}","{""default-run1"": 6.019786003450273, ""default-run2"": 5.972080429719067}"
default,UTF32->String,Mixed,128,464,128,116,simdutf,22,197.01044486694815,189.5840321864305,242.499986999818,1.0,swift-decoding,10.987839462455671,swift-decoding,10.987839462455671,"{""default-run1"": 194.95281761893565, ""default-run2"": 203.02925040950572}","{""default-run1"": 1.0, ""default-run2"": 1.0}"
default,UTF32->String,Mixed,128,464,128,116,swift-decoding,22,2164.7191406250004,2100.7596354166667,2288.959212376934,10.987839462455671,swift-decoding,10.987839462455671,swift-decoding,10.987839462455671,"{""default-run1"": 2137.19609375, ""default-run2"": 2186.9549929676514}","{""default-run1"": 10.962632496686805, ""default-run2"": 10.771625214379746}"
default,UTF32->String,Mixed,1024,3692,1023,923,simdutf,22,2381.822743467934,2307.4275534441804,2438.429571303587,1.0,swift-decoding,6.69102030092854,swift-decoding,6.69102030092854,"{""default-run1"": 2379.268111638955, ""default-run2"": 2384.8789734616507}","{""default-run1"": 1.0, ""default-run2"": 1.0}"
default,UTF32->String,Mixed,1024,3692,1023,923,swift-decoding,22,15936.824329757255,15510.553470919325,16239.059845559845,6.69102030092854,swift-decoding,6.69102030092854,swift-decoding,6.69102030092854,"{""default-run1"": 15966.384615384615, ""default-run2"": 15894.063706563707}","{""default-run1"": 6.71062859090151, ""default-run2"": 6.664515844799236}"
default,UTF32->String,Mixed,16384,58988,16383,14747,simdutf,22,36175.75578834425,34513.94849785408,37943.1330472103,1.0,swift-decoding,6.925984358583257,swift-decoding,6.925984358583257,"{""default-run1"": 37245.708154506436, ""default-run2"": 36017.17543859649}","{""default-run1"": 1.0, ""default-run2"": 1.0}"
default,UTF32->String,Mixed,16384,58988,16383,14747,swift-decoding,22,250552.71875,239891.35714285713,262264.89285714284,6.925984358583257,swift-decoding,6.925984358583257,swift-decoding,6.925984358583257,"{""default-run1"": 251711.32142857142, ""default-run2"": 250096.34375}","{""default-run1"": 6.758129564469466, ""default-run2"": 6.943807800152851}"
default,UTF32->String,Mixed,262144,943724,262143,235931,simdutf,22,578921.6223776224,547317.3076923077,1304743.5384615385,1.0,swift-decoding,6.87168408680562,swift-decoding,6.87168408680562,"{""default-run1"": 578737.1538461539, ""default-run2"": 579106.0909090909}","{""default-run1"": 1.0, ""default-run2"": 1.0}"
default,UTF32->String,Mixed,262144,943724,262143,235931,swift-decoding,22,3978166.5,3815271.0,4082083.5,6.87168408680562,swift-decoding,6.87168408680562,swift-decoding,6.87168408680562,"{""default-run1"": 3957437.5, ""default-run2"": 3989167.0}","{""default-run1"": 6.8380567476958785, ""default-run2"": 6.888490835483591}"
default,UTF32->String,Mixed,1048576,3774880,1048576,943720,simdutf,22,2343514.0,2246013.6666666665,2426833.3333333335,1.0,swift-decoding,6.908144564103308,swift-decoding,6.908144564103308,"{""default-run1"": 2356916.6666666665, ""default-run2"": 2340847.3333333335}","{""default-run1"": 1.0, ""default-run2"": 1.0}"
default,UTF32->String,Mixed,1048576,3774880,1048576,943720,swift-decoding,22,16189333.5,15704792.0,16653834.0,6.908144564103308,swift-decoding,6.908144564103308,swift-decoding,6.908144564103308,"{""default-run1"": 16243958.0, ""default-run2"": 16123375.0}","{""default-run1"": 6.892037478343882, ""default-run2"": 6.887837053875932}"
default,UTF8->String,ASCII,0,0,0,0,simdutf,22,10.12620164868352,9.788417,15.149292,1.0,swift-decoding,0.9375990075336353,swift-decoding,0.9375990075336353,"{""default-run1"": 10.010208, ""default-run2"": 10.22496611445292}","{""default-run1"": 1.0, ""default-run2"": 1.0}"
default,UTF8->String,ASCII,0,0,0,0,swift-decoding,22,9.49431661589113,9.204771210092591,9.964493126059892,0.9375990075336353,swift-decoding,0.9375990075336353,swift-decoding,0.9375990075336353,"{""default-run1"": 9.414562079239662, ""default-run2"": 9.557088339503368}","{""default-run1"": 0.9404961494546029, ""default-run2"": 0.9346816637362239}"
default,UTF8->String,ASCII,7,7,7,7,simdutf,22,14.879928077330074,14.564751815752832,15.282919905735447,1.0,swift-decoding,0.9629368471638918,swift-decoding,0.9629368471638918,"{""default-run1"": 14.788349076129906, ""default-run2"": 14.930481805104977}","{""default-run1"": 1.0, ""default-run2"": 1.0}"
default,UTF8->String,ASCII,7,7,7,7,swift-decoding,22,14.328431028809693,13.91331200880311,14.967854673253633,0.9629368471638918,swift-decoding,0.9629368471638918,swift-decoding,0.9629368471638918,"{""default-run1"": 14.178070615480602, ""default-run2"": 14.614461030675022}","{""default-run1"": 0.9587324820703371, ""default-run2"": 0.9788338528819678}"
default,UTF8->String,ASCII,16,16,16,16,simdutf,22,43.44991494991495,41.834666834666834,46.748451248451246,1.0,swift-decoding,0.9776831795511413,swift-decoding,0.9776831795511413,"{""default-run1"": 42.21944496944497, ""default-run2"": 44.86436086436086}","{""default-run1"": 1.0, ""default-run2"": 1.0}"
default,UTF8->String,ASCII,16,16,16,16,swift-decoding,22,42.480250999459514,41.35121498698688,45.05948255948256,0.9776831795511413,swift-decoding,0.9776831795511413,swift-decoding,0.9776831795511413,"{""default-run1"": 41.48392815729121, ""default-run2"": 43.951731451731455}","{""default-run1"": 0.9825787190550215, ""default-run2"": 0.9796580315634369}"
default,UTF8->String,ASCII,128,128,128,128,simdutf,22,57.846327753679475,54.70855423561758,60.92982884909824,1.0,swift-decoding,0.9905522279748062,swift-decoding,0.9905522279748062,"{""default-run1"": 56.28512735384137, ""default-run2"": 58.66854518139408}","{""default-run1"": 1.0, ""default-run2"": 1.0}"
default,UTF8->String,ASCII,128,128,128,128,swift-decoding,22,57.299808836568076,54.102474451418786,90.03836081200896,0.9905522279748062,swift-decoding,0.9905522279748062,swift-decoding,0.9905522279748062,"{""default-run1"": 56.39233283187218, ""default-run2"": 57.86644184890401}","{""default-run1"": 1.0019046857148757, ""default-run2"": 0.9863282218774969}"
default,UTF8->String,ASCII,1024,1024,1024,1024,simdutf,22,74.64517968749999,72.505859375,77.05974030868967,1.0,swift-decoding,0.9884653390529397,swift-decoding,0.9884653390529397,"{""default-run1"": 73.93684375, ""default-run2"": 75.05543410662797}","{""default-run1"": 1.0, ""default-run2"": 1.0}"
default,UTF8->String,ASCII,1024,1024,1024,1024,swift-decoding,22,73.78417284847228,71.54357504357505,78.56729781605021,0.9884653390529397,swift-decoding,0.9884653390529397,swift-decoding,0.9884653390529397,"{""default-run1"": 73.1933891933892, ""default-run2"": 74.14189967318566}","{""default-run1"": 0.9899447350075611, ""default-run2"": 0.9878285370764163}"
default,UTF8->String,CJK,0,0,0,0,simdutf,22,10.221118824687712,9.98304036088141,10.848231638009763,1.0,swift-decoding,0.9404675410645554,swift-decoding,0.9404675410645554,"{""default-run1"": 10.114532733308423, ""default-run2"": 10.410274436114925}","{""default-run1"": 1.0, ""default-run2"": 1.0}"
default,UTF8->String,CJK,0,0,0,0,swift-decoding,22,9.612630487982692,9.204564220869281,16.87542579691011,0.9404675410645554,swift-decoding,0.9404675410645554,swift-decoding,0.9404675410645554,"{""default-run1"": 9.50611008503288, ""default-run2"": 9.713175361924765}","{""default-run1"": 0.9398466875022382, ""default-run2"": 0.9330373969996593}"
default,UTF8->String,CJK,7,21,7,7,simdutf,22,62.57597588163995,60.574875,66.403640625,1.0,swift-decoding,0.9895411203775049,swift-decoding,0.9895411203775049,"{""default-run1"": 62.88827988827989, ""default-run2"": 62.263671875}","{""default-run1"": 1.0, ""default-run2"": 1.0}"
default,UTF8->String,CJK,7,21,7,7,swift-decoding,22,61.92150128263372,59.66455616455617,63.74206724206724,0.9895411203775049,swift-decoding,0.9895411203775049,swift-decoding,0.9895411203775049,"{""default-run1"": 61.84899934899935, ""default-run2"": 61.99400321626809}","{""default-run1"": 0.9834741776826015, ""default-run2"": 0.9956689245813627}"
default,UTF8->String,CJK,16,48,16,16,simdutf,22,79.00199871325653,75.963546875,81.70571875,1.0,swift-decoding,0.9944385657495216,swift-decoding,0.9944385657495216,"{""default-run1"": 77.76040625, ""default-run2"": 80.2122052122052}","{""default-run1"": 1.0, ""default-run2"": 1.0}"
default,UTF8->String,CJK,16,48,16,16,swift-decoding,22,78.56263429175637,75.22565751932355,81.28295896664419,0.9944385657495216,swift-decoding,0.9944385657495216,swift-decoding,0.9944385657495216,"{""default-run1"": 77.199076619806, ""default-run2"": 79.75065625}","{""default-run1"": 0.992781292469212, ""default-run2"": 0.9942459010946757}"
default,UTF8->String,CJK,128,362,128,128,simdutf,22,333.31087985749775,320.1924682698731,344.60934368737475,1.0,swift-decoding,1.0013624177468854,swift-decoding,1.0013624177468854,"{""default-run1"": 327.2847778891116, ""default-run2"": 338.54047719495617}","{""default-run1"": 1.0, ""default-run2"": 1.0}"
default,UTF8->String,CJK,128,362,128,128,swift-decoding,22,333.76498851544557,318.90343599118734,795.9076825979689,1.0013624177468854,swift-decoding,1.0013624177468854,swift-decoding,1.0013624177468854,"{""default-run1"": 330.0324848825763, ""default-run2"": 338.34413907854724}","{""default-run1"": 1.0083954622368525, ""default-run2"": 0.999420045372312}"
default,UTF8->String,CJK,1024,2888,1024,1024,simdutf,22,2242.8679324894515,2152.8599156118144,2314.9555555555557,1.0,swift-decoding,1.0166871188715023,swift-decoding,1.0166871188715023,"{""default-run1"": 2225.0821378340365, ""default-run2"": 2244.2098452883265}","{""default-run1"": 1.0, ""default-run2"": 1.0}"
default,UTF8->String,CJK,1024,2888,1024,1024,swift-decoding,22,2280.2949362919835,2179.2308317529123,2339.3727986995395,1.0166871188715023,swift-decoding,1.0166871188715023,swift-decoding,1.0166871188715023,"{""default-run1"": 2290.367099089153, ""default-run2"": 2258.8165808723925}","{""default-run1"": 1.0293404724909017, ""default-run2"": 1.0065086318085328}"
default,UTF8->String,Emoji,0,0,0,0,simdutf,22,10.332583199842059,10.092127721785026,10.865815524219535,1.0,swift-decoding,0.9464602331270909,swift-decoding,0.9464602331270909,"{""default-run1"": 10.372386923936213, ""default-run2"": 10.310059034312083}","{""default-run1"": 1.0, ""default-run2"": 1.0}"
default,UTF8->String,Emoji,0,0,0,0,swift-decoding,22,9.779379104127578,9.402395208168196,15.708354565356887,0.9464602331270909,swift-decoding,0.9464602331270909,swift-decoding,0.9464602331270909,"{""default-run1"": 9.763133208255159, ""default-run2"": 9.796121852942287}","{""default-run1"": 0.9412619563704195, ""default-run2"": 0.9501518682231205}"
default,UTF8->String,Emoji,7,12,6,3,simdutf,22,21.40605116878516,20.54857242429057,22.254990493078655,1.0,swift-decoding,0.967878023791649,swift-decoding,0.967878023791649,"{""default-run1"": 21.481533101045297, ""default-run2"": 21.33056923652503}","{""default-run1"": 1.0, ""default-run2"": 1.0}"
default,UTF8->String,Emoji,7,12,6,3,swift-decoding,22,20.7184465024267,19.961972314615032,38.22019739331138,0.967878023791649,swift-decoding,0.967878023791649,swift-decoding,0.967878023791649,"{""default-run1"": 20.666333191987466, ""default-run2"": 20.748233147636594}","{""default-run1"": 0.9620511299066377, ""default-run2"": 0.9726994585830704}"
default,UTF8->String,Emoji,16,34,16,9,simdutf,22,67.82245577362764,66.13346875,70.76482076482077,1.0,swift-decoding,0.9885429800594563,swift-decoding,0.9885429800594563,"{""default-run1"": 67.577484375, ""default-run2"": 68.25356475356476}","{""default-run1"": 1.0, ""default-run2"": 1.0}"
default,UTF8->String,Emoji,16,34,16,9,swift-decoding,22,67.04541254541255,64.30158219639985,68.501638001638,0.9885429800594563,swift-decoding,0.9885429800594563,swift-decoding,0.9885429800594563,"{""default-run1"": 65.88162058411578, ""default-run2"": 67.62968562968562}","{""default-run1"": 0.974904899071508, ""default-run2"": 0.9908593913573349}"
default,UTF8->String,Emoji,128,272,128,77,simdutf,22,247.56358360404425,240.77150782932438,260.72653940212433,1.0,swift-decoding,0.9949190119618696,swift-decoding,0.9949190119618696,"{""default-run1"": 247.5848815563748, ""default-run2"": 247.44916518133206}","{""default-run1"": 1.0, ""default-run2"": 1.0}"
default,UTF8->String,Emoji,128,272,128,77,swift-decoding,22,246.30571599707542,242.00186151768443,259.7927510311348,0.9949190119618696,swift-decoding,0.9949190119618696,swift-decoding,0.9949190119618696,"{""default-run1"": 244.7470160966529, ""default-run2"": 246.716125}","{""default-run1"": 0.988537807955468, ""default-run2"": 0.9970376130354092}"
default,UTF8->String,Emoji,1024,2180,1024,622,simdutf,22,1689.2617482012433,1592.0172966047405,1722.382233610933,1.0,swift-decoding,0.9982152972194939,swift-decoding,0.9982152972194939,"{""default-run1"": 1706.6694426649583, ""default-run2"": 1671.7805792873514}","{""default-run1"": 1.0, ""default-run2"": 1.0}"
default,UTF8->String,Emoji,1024,2180,1024,622,swift-decoding,22,1686.2469180622259,1618.8807637619338,2598.0237549489475,0.9982152972194939,swift-decoding,0.9982152972194939,swift-decoding,0.9982152972194939,"{""default-run1"": 1712.9349864555115, ""default-run2"": 1665.7696526508228}","{""default-run1"": 1.0036712110933266, ""default-run2"": 0.9964044763343937}"
default,UTF8->String,Latin,0,0,0,0,simdutf,22,10.21939923635098,9.899664247082443,10.654583244810878,1.0,swift-decoding,0.9444194829531078,swift-decoding,0.9444194829531078,"{""default-run1"": 10.183690656507798, ""default-run2"": 10.357339770089052}","{""default-run1"": 1.0, ""default-run2"": 1.0}"
default,UTF8->String,Latin,0,0,0,0,swift-decoding,22,9.651399742885978,9.273460787018879,10.190375415162888,0.9444194829531078,swift-decoding,0.9444194829531078,swift-decoding,0.9444194829531078,"{""default-run1"": 9.566501152576935, ""default-run2"": 9.874832436061917}","{""default-run1"": 0.9393943193338798, ""default-run2"": 0.9534139706973245}"
default,UTF8->String,Latin,7,7,7,7,simdutf,22,15.228342708372924,14.658158184789631,15.526302176632761,1.0,swift-decoding,0.9552856087502481,swift-decoding,0.9552856087502481,"{""default-run1"": 15.02223404659648, ""default-run2"": 15.315633783118404}","{""default-run1"": 1.0, ""default-run2"": 1.0}"
default,UTF8->String,Latin,7,7,7,7,swift-decoding,22,14.547416634425431,14.038044205052007,14.871610326894503,0.9552856087502481,swift-decoding,0.9552856087502481,swift-decoding,0.9552856087502481,"{""default-run1"": 14.48762071835814, ""default-run2"": 14.601751485884101}","{""default-run1"": 0.964411862671021, ""default-run2"": 0.953388654538007}"
default,UTF8->String,Latin,16,17,16,16,simdutf,22,50.86117411117411,49.33692433692433,54.79370233957566,1.0,swift-decoding,1.0012230563671909,swift-decoding,1.0012230563671909,"{""default-run1"": 50.4004809004809, ""default-run2"": 52.762359288271}","{""default-run1"": 1.0, ""default-run2"": 1.0}"
default,UTF8->String,Latin,16,17,16,16,swift-decoding,22,50.92338019401359,48.48308346734451,53.876816932095245,1.0012230563671909,swift-decoding,1.0012230563671909,swift-decoding,1.0012230563671909,"{""default-run1"": 49.887171240338226, ""default-run2"": 52.457156196503604}","{""default-run1"": 0.9898153816993088, ""default-run2"": 0.994215514698653}"
default,UTF8->String,Latin,128,144,128,128,simdutf,22,113.04953853018537,109.20538994655979,116.03937040748163,1.0,swift-decoding,0.9972035260223467,swift-decoding,0.9972035260223467,"{""default-run1"": 112.187040748163, ""default-run2"": 113.403640625}","{""default-run1"": 1.0, ""default-run2"": 1.0}"
default,UTF8->String,Latin,128,144,128,128,swift-decoding,22,112.7333984375,107.329421875,217.22265625,0.9972035260223467,swift-decoding,0.9972035260223467,swift-decoding,0.9972035260223467,"{""default-run1"": 110.83334375, ""default-run2"": 113.30925}","{""default-run1"": 0.9879335706768326, ""default-run2"": 0.9991676578945811}"
default,UTF8->String,Latin,1024,1153,1024,1024,simdutf,22,528.5780826558266,513.3620071684588,540.6127679718671,1.0,swift-decoding,1.0025107702906657,swift-decoding,1.0025107702906657,"{""default-run1"": 521.9167512003787, ""default-run2"": 531.9190379403794}","{""default-run1"": 1.0, ""default-run2"": 1.0}"
default,UTF8->String,Latin,1024,1153,1024,1024,swift-decoding,22,529.905220802056,511.0457158314736,541.3256914857645,1.0025107702906657,swift-decoding,1.0025107702906657,swift-decoding,1.0025107702906657,"{""default-run1"": 524.3231216609183, ""default-run2"": 530.4039358896327}","{""default-run1"": 1.0046106404038673, ""default-run2"": 0.9971516303371782}"
default,UTF8->String,Mixed,0,0,0,0,simdutf,22,10.13625,9.784916,10.566136502414397,1.0,swift-decoding,0.9423399896480259,swift-decoding,0.9423399896480259,"{""default-run1"": 10.063875, ""default-run2"": 10.344071896216509}","{""default-run1"": 1.0, ""default-run2"": 1.0}"
default,UTF8->String,Mixed,0,0,0,0,swift-decoding,22,9.551793720069803,9.331916,9.909328702552791,0.9423399896480259,swift-decoding,0.9423399896480259,swift-decoding,0.9423399896480259,"{""default-run1"": 9.464458, ""default-run2"": 9.636125181445673}","{""default-run1"": 0.9404387475003416, ""default-run2"": 0.9315601513723258}"
default,UTF8->String,Mixed,7,7,7,7,simdutf,22,15.069454142304572,14.434893389995768,15.387878875784274,1.0,swift-decoding,0.9536606579118412,swift-decoding,0.9536606579118412,"{""default-run1"": 14.941957797523777, ""default-run2"": 15.140698946565772}","{""default-run1"": 1.0, ""default-run2"": 1.0}"
default,UTF8->String,Mixed,7,7,7,7,swift-decoding,22,14.371145551722499,13.9976148099938,15.045563794800131,0.9536606579118412,swift-decoding,0.9536606579118412,swift-decoding,0.9536606579118412,"{""default-run1"": 14.115707167023293, ""default-run2"": 14.481580593591437}","{""default-run1"": 0.9447026526445275, ""default-run2"": 0.9564671119014728}"
default,UTF8->String,Mixed,16,23,16,16,simdutf,22,62.11529669140034,60.50863723608445,75.75101325101325,1.0,swift-decoding,0.9872502562131783,swift-decoding,0.9872502562131783,"{""default-run1"": 62.7008127008127, ""default-run2"": 61.74629869793018}","{""default-run1"": 1.0, ""default-run2"": 1.0}"
default,UTF8->String,Mixed,16,23,16,16,swift-decoding,22,61.32334257334257,59.04068754068754,64.95651813041448,0.9872502562131783,swift-decoding,0.9872502562131783,swift-decoding,0.9872502562131783,"{""default-run1"": 62.04933340250039, ""default-run2"": 61.119248619248616}","{""default-run1"": 0.989609715245304, ""default-run2"": 0.9898447341475615}"
default,UTF8->String,Mixed,128,218,128,116,simdutf,22,209.02084375,202.28125,219.78384375,1.0,swift-decoding,0.9954744124174403,swift-decoding,0.9954744124174403,"{""default-run1"": 203.138, ""default-run2"": 214.640625}","{""default-run1"": 1.0, ""default-run2"": 1.0}"
default,UTF8->String,Mixed,128,218,128,116,swift-decoding,22,208.07490161502886,202.18964665505317,216.40103125,0.9954744124174403,swift-decoding,0.9954744124174403,swift-decoding,0.9954744124174403,"{""default-run1"": 203.3845973843634, ""default-run2"": 211.87240625}","{""default-run1"": 1.0012139402000777, ""default-run2"": 0.9871030064788527}"
default,UTF8->String,Mixed,1024,1790,1023,923,simdutf,22,1399.3820041251288,1313.6244413887935,1504.6980061876934,1.0,swift-decoding,0.9847910568467585,swift-decoding,0.9847910568467585,"{""default-run1"": 1403.1883808869027, ""default-run2"": 1387.984187005844}","{""default-run1"": 1.0, ""default-run2"": 1.0}"
default,UTF8->String,Mixed,1024,1790,1023,923,swift-decoding,22,1378.0988827747206,1350.014880425155,2894.006554472985,0.9847910568467585,swift-decoding,0.9847910568467585,swift-decoding,0.9847910568467585,"{""default-run1"": 1380.5875996457041, ""default-run2"": 1377.2234450558612}","{""default-run1"": 0.9838932665427906, ""default-run2"": 0.9922472157458827}"
o3,String->UTF16,ASCII,0,0,0,0,simdutf,22,27.658583648095284,26.722332995525573,28.766124609857474,1.0,swift-array,0.25075698337422353,swift-temporary,0.07658412762382613,"{""o3-run1"": 27.873089006308906, ""o3-run2"": 27.42157311098997}","{""o3-run1"": 1.0, ""o3-run2"": 1.0}"
o3,String->UTF16,ASCII,0,0,0,0,swift-array,22,6.935582999999999,6.737625,7.146125,0.25075698337422353,swift-array,0.25075698337422353,swift-temporary,0.07658412762382613,"{""o3-run1"": 7.00575, ""o3-run2"": 6.933166}","{""o3-run1"": 0.2513445853961249, ""o3-run2"": 0.25283618747683506}"
o3,String->UTF16,ASCII,0,0,0,0,swift-span,22,4.499062,4.401167,4.768,0.16266422233482045,swift-array,0.25075698337422353,swift-temporary,0.07658412762382613,"{""o3-run1"": 4.477167, ""o3-run2"": 4.518792}","{""o3-run1"": 0.16062686841012203, ""o3-run2"": 0.16478967058928382}"
o3,String->UTF16,ASCII,0,0,0,0,swift-temporary,22,2.1182084999999997,2.042916,2.197958,0.07658412762382613,swift-array,0.25075698337422353,swift-temporary,0.07658412762382613,"{""o3-run1"": 2.101959, ""o3-run2"": 2.134458}","{""o3-run1"": 0.07541177081321106, ""o3-run2"": 0.07783864154549745}"
o3,String->UTF16,ASCII,0,0,0,0,swift-transcode,22,5.1399585000000005,5.002125,5.31825,0.1858359258520443,swift-array,0.25075698337422353,swift-temporary,0.07658412762382613,"{""o3-run1"": 5.139958, ""o3-run2"": 5.148834}","{""o3-run1"": 0.18440575419669494, ""o3-run2"": 0.18776581413326937}"
o3,String->UTF16,ASCII,7,7,7,7,simdutf,22,41.96837861981816,40.848337396897854,43.59122409122409,1.0,swift-array,1.4961179309002193,swift-transcode,0.36957427873998816,"{""o3-run1"": 41.98440628728537, ""o3-run2"": 41.952350952350955}","{""o3-run1"": 1.0, ""o3-run2"": 1.0}"
o3,String->UTF16,ASCII,7,7,7,7,swift-array,22,62.789643783919345,61.06756193636142,64.70170998793785,1.4961179309002193,swift-array,1.4961179309002193,swift-transcode,0.36957427873998816,"{""o3-run1"": 63.71524640697555, ""o3-run2"": 61.75650813369291}","{""o3-run1"": 1.5175931266240437, ""o3-run2"": 1.472063108068373}"
o3,String->UTF16,ASCII,7,7,7,7,swift-span,22,24.270708431747735,23.68190218190218,25.26150937021153,0.5783094136566598,swift-array,1.4961179309002193,swift-transcode,0.36957427873998816,"{""o3-run1"": 24.37964250042235, ""o3-run2"": 24.245180495180495}","{""o3-run1"": 0.5806832740137027, ""o3-run2"": 0.5779218552666553}"
o3,String->UTF16,ASCII,7,7,7,7,swift-temporary,22,21.13600709065584,20.653726331397234,22.013810716592758,0.5036174325942406,swift-array,1.4961179309002193,swift-transcode,0.36957427873998816,"{""o3-run1"": 21.197993447993447, ""o3-run2"": 21.01918563925329}","{""o3-run1"": 0.504901589007657, ""o3-run2"": 0.5010252146089897}"
o3,String->UTF16,ASCII,7,7,7,7,swift-transcode,22,15.510433258306037,14.907580720636407,16.183875,0.36957427873998816,swift-array,1.4961179309002193,swift-transcode,0.36957427873998816,"{""o3-run1"": 15.542625, ""o3-run2"": 15.316486663547028}","{""o3-run1"": 0.3701999474196913, ""o3-run2"": 0.3650924516946222}"
o3,String->UTF16,ASCII,16,16,16,16,simdutf,22,37.90500766191235,36.82022224263018,41.1060841215906,1.0,swift-array,2.2047987645304077,swift-transcode,0.7791384332820973,"{""o3-run1"": 37.582652217834514, ""o3-run2"": 38.33817477360202}","{""o3-run1"": 1.0, ""o3-run2"": 1.0}"
o3,String->UTF16,ASCII,16,16,16,16,swift-array,22,83.57291406249999,80.3704375,92.919921875,2.2047987645304077,swift-array,2.2047987645304077,swift-transcode,0.7791384332820973,"{""o3-run1"": 82.704421875, ""o3-run2"": 84.563796875}","{""o3-run1"": 2.200600995257949, ""o3-run2"": 2.20573351168577}"
o3,String->UTF16,ASCII,16,16,16,16,swift-span,22,41.00927629522194,40.359571752912295,43.50453712996782,1.081896003319604,swift-array,2.2047987645304077,swift-transcode,0.7791384332820973,"{""o3-run1"": 40.728143049697366, ""o3-run2"": 41.73047275135286}","{""o3-run1"": 1.0836952861557276, ""o3-run2"": 1.08848355451931}"
o3,String->UTF16,ASCII,16,16,16,16,swift-temporary,22,44.804907402604144,42.51958292265394,51.85911085911086,1.182031350639323,swift-array,2.2047987645304077,swift-transcode,0.7791384332820973,"{""o3-run1"": 44.29848005395031, ""o3-run2"": 45.30885780885781}","{""o3-run1"": 1.1786948881944221, ""o3-run2"": 1.1818209415659373}"
o3,String->UTF16,ASCII,16,16,16,16,swift-transcode,22,29.533248283248284,28.106995106995107,30.538844788844788,0.7791384332820973,swift-array,2.2047987645304077,swift-transcode,0.7791384332820973,"{""o3-run1"": 28.90062265062265, ""o3-run2"": 29.694250194250195}","{""o3-run1"": 0.7689883748254498, ""o3-run2"": 0.7745347912258032}"
o3,String->UTF16,ASCII,128,128,128,128,simdutf,22,48.073481350832594,46.48068682886341,49.863401981636144,1.0,swift-array,6.743983955306782,swift-transcode,3.6161357142010755,"{""o3-run1"": 48.632214556206875, ""o3-run2"": 47.45983296156041}","{""o3-run1"": 1.0, ""o3-run2"": 1.0}"
o3,String->UTF16,ASCII,128,128,128,128,swift-array,22,324.2067869057548,316.95032318598834,336.01569015846536,6.743983955306782,swift-array,6.743983955306782,swift-transcode,3.6161357142010755,"{""o3-run1"": 324.25239783152625, ""o3-run2"": 324.16117597998334}","{""o3-run1"": 6.667440518398977, ""o3-run2"": 6.830221594807008}"
o3,String->UTF16,ASCII,128,128,128,128,swift-span,22,303.75510092345877,292.3921232251706,722.8674242424242,6.318558431554031,swift-array,6.743983955306782,swift-transcode,3.6161357142010755,"{""o3-run1"": 304.1893272986093, ""o3-run2"": 299.5407092907093}","{""o3-run1"": 6.254893594184186, ""o3-run2"": 6.311457301868701}"
o3,String->UTF16,ASCII,128,128,128,128,swift-temporary,22,282.65990687861483,276.4813939107344,295.3346927295739,5.879746981829919,swift-array,6.743983955306782,swift-transcode,3.6161357142010755,"{""o3-run1"": 285.1724558196222, ""o3-run2"": 282.1741660907206}","{""o3-run1"": 5.863859139912969, ""o3-run2"": 5.945536435395054}"
o3,String->UTF16,ASCII,128,128,128,128,swift-transcode,22,173.8402328187251,169.6469331009296,178.11224357141,3.6161357142010755,swift-array,6.743983955306782,swift-transcode,3.6161357142010755,"{""o3-run1"": 174.617352642937, ""o3-run2"": 173.30245683930943}","{""o3-run1"": 3.5905696303655326, ""o3-run2"": 3.651560615050498}"
o3,String->UTF16,ASCII,1024,1024,1024,1024,simdutf,22,94.48062792251169,91.6494447227789,207.34309375,1.0,swift-array,23.726505657660553,swift-transcode,13.70222616357579,"{""o3-run1"": 93.711578125, ""o3-run2"": 94.62241148964596}","{""o3-run1"": 1.0, ""o3-run2"": 1.0}"
o3,String->UTF16,ASCII,1024,1024,1024,1024,swift-array,22,2241.695152942795,2184.0209770908086,2291.149047750483,23.726505657660553,swift-array,23.726505657660553,swift-transcode,13.70222616357579,"{""o3-run1"": 2244.830372492837, ""o3-run2"": 2240.0060723157603}","{""o3-run1"": 23.95467473078409, ""o3-run2"": 23.673102778202527}"
o3,String->UTF16,ASCII,1024,1024,1024,1024,swift-span,22,2339.1156241538047,2250.056593555375,2562.5994374120955,24.757621489055207,swift-array,23.726505657660553,swift-transcode,13.70222616357579,"{""o3-run1"": 2321.952742616034, ""o3-run2"": 2359.565393988627}","{""o3-run1"": 24.777650628386894, ""o3-run2"": 24.936644044913418}"
o3,String->UTF16,ASCII,1024,1024,1024,1024,swift-temporary,22,2235.1469776428376,2159.237372343362,4389.525255313276,23.657198589704485,swift-array,23.726505657660553,swift-transcode,13.70222616357579,"{""o3-run1"": 2237.061827215015, ""o3-run2"": 2233.2321280706597}","{""o3-run1"": 23.87177627326949, ""o3-run2"": 23.601513562302635}"
o3,String->UTF16,ASCII,1024,1024,1024,1024,swift-transcode,22,1294.594931870909,1239.2171304782537,2125.7638726878854,13.70222616357579,swift-array,23.726505657660553,swift-transcode,13.70222616357579,"{""o3-run1"": 1293.9023496083987, ""o3-run2"": 1295.2875141334196}","{""o3-run1"": 13.807283747612148, ""o3-run2"": 13.689013984548009}"
o3,String->UTF16,ASCII,16384,16384,16384,16384,simdutf,22,585.2848046875,525.6640625,690.7547087166009,1.0,swift-array,59.799356435176975,swift-transcode,34.3661355645257,"{""o3-run1"": 574.4140625, ""o3-run2"": 591.1933858957512}","{""o3-run1"": 1.0, ""o3-run2"": 1.0}"
o3,String->UTF16,ASCII,16384,16384,16384,16384,swift-array,22,34999.65465160075,34032.22222222222,42891.29777777778,59.799356435176975,swift-array,59.799356435176975,swift-transcode,34.3661355645257,"{""o3-run1"": 34805.18666666667, ""o3-run2"": 35291.84322033898}","{""o3-run1"": 60.592504499603315, ""o3-run2"": 59.695937170992316}"
o3,String->UTF16,ASCII,16384,16384,16384,16384,swift-span,22,36981.36304932735,35925.82062780269,41725.71300448431,63.18524375337702,swift-array,59.799356435176975,swift-transcode,34.3661355645257,"{""o3-run1"": 36715.06278026906, ""o3-run2"": 37400.92444444444}","{""o3-run1"": 63.91741633287235, ""o3-run2"": 63.26343517489821}"
o3,String->UTF16,ASCII,16384,16384,16384,16384,swift-temporary,22,34984.55084745763,33673.72881355932,38049.61016949153,59.77355053004812,swift-array,59.799356435176975,swift-transcode,34.3661355645257,"{""o3-run1"": 34828.56779661017, ""o3-run2"": 35492.75847457627}","{""o3-run1"": 60.63320881286776, ""o3-run2"": 60.03578409592513}"
o3,String->UTF16,ASCII,16384,16384,16384,16384,swift-transcode,22,20113.976941747573,19672.026699029127,20969.978313253014,34.3661355645257,swift-array,59.799356435176975,swift-transcode,34.3661355645257,"{""o3-run1"": 19861.245145631066, ""o3-run2"": 20266.566265060243}","{""o3-run1"": 34.57653014132304, ""o3-run2"": 34.28077300687862}"
o3,String->UTF16,ASCII,262144,262144,262144,262144,simdutf,22,8016.747678018575,7935.973168214654,10641.597523219814,1.0,swift-array,69.37442085119828,swift-transcode,39.66124078868175,"{""o3-run1"": 7989.164086687307, ""o3-run2"": 8091.397849462365}","{""o3-run1"": 1.0, ""o3-run2"": 1.0}"
o3,String->UTF16,ASCII,262144,262144,262144,262144,swift-array,22,556157.2272727273,540178.5714285715,569117.4545454546,69.37442085119828,swift-array,69.37442085119828,swift-transcode,39.66124078868175,"{""o3-run1"": 558697.0, ""o3-run2"": 551711.2857142857}","{""o3-run1"": 69.93184692888975, ""o3-run2"": 68.18491637399146}"
o3,String->UTF16,ASCII,262144,262144,262144,262144,swift-span,22,585112.1813186812,575967.9230769231,592278.8461538461,72.98622893209206,swift-array,69.37442085119828,swift-transcode,39.66124078868175,"{""o3-run1"": 584458.2857142857, ""o3-run2"": 588807.6923076923}","{""o3-run1"": 73.15637523182107, ""o3-run2"": 72.7695885509839}"
o3,String->UTF16,ASCII,262144,262144,262144,262144,swift-temporary,22,555443.4642857143,541199.4285714285,573824.4285714285,69.28538686688441,swift-array,69.37442085119828,swift-transcode,39.66124078868175,"{""o3-run1"": 556425.5714285715, ""o3-run2"": 551729.1428571428}","{""o3-run1"": 69.64753325767433, ""o3-run2"": 68.1871233032748}"
o3,String->UTF16,ASCII,262144,262144,262144,262144,swift-transcode,22,317954.16000000003,311791.68,323666.68,39.66124078868175,swift-array,69.37442085119828,swift-transcode,39.66124078868175,"{""o3-run1"": 317770.0, ""o3-run2"": 318435.0}","{""o3-run1"": 39.77512497577989, ""o3-run2"": 39.354757475083055}"
o3,String->UTF16,ASCII,1048576,1048576,1048576,1048576,simdutf,22,31914.527777777777,31286.11111111111,33251.09649122807,1.0,swift-array,69.58277273585784,swift-transcode,39.60219701407318,"{""o3-run1"": 32025.951754385966, ""o3-run2"": 31802.083333333332}","{""o3-run1"": 1.0, ""o3-run2"": 1.0}"
o3,String->UTF16,ASCII,1048576,1048576,1048576,1048576,swift-array,22,2220701.3333333335,2159472.0,2255333.3333333335,69.58277273585784,swift-array,69.58277273585784,swift-transcode,39.60219701407318,"{""o3-run1"": 2230708.3333333335, ""o3-run2"": 2211069.6666666665}","{""o3-run1"": 69.65314724886629, ""o3-run2"": 69.52593776613168}"
o3,String->UTF16,ASCII,1048576,1048576,1048576,1048576,swift-span,22,2343597.1666666665,2298111.0,2406791.6666666665,73.43355298832036,swift-array,69.58277273585784,swift-transcode,39.60219701407318,"{""o3-run1"": 2352889.0, ""o3-run2"": 2331472.3333333335}","{""o3-run1"": 73.46819910442696, ""o3-run2"": 73.31193711103833}"
o3,String->UTF16,ASCII,1048576,1048576,1048576,1048576,swift-temporary,22,2215833.166666667,2157014.0,3432402.6666666665,69.43023509843567,swift-array,69.58277273585784,swift-transcode,39.60219701407318,"{""o3-run1"": 2236278.0, ""o3-run2"": 2207750.0}","{""o3-run1"": 69.82705829167874, ""o3-run2"": 69.4215525712414}"
o3,String->UTF16,ASCII,1048576,1048576,1048576,1048576,swift-transcode,22,1263885.4166666665,1236625.0,1297937.5,39.60219701407318,swift-array,69.58277273585784,swift-transcode,39.60219701407318,"{""o3-run1"": 1267118.0, ""o3-run2"": 1261743.0}","{""o3-run1"": 39.5653503045844, ""o3-run2"": 39.6748535866361}"
o3,String->UTF16,CJK,0,0,0,0,simdutf,22,27.850577392886347,26.89096264096264,28.55797433134265,1.0,swift-array,0.2529899793675259,swift-temporary,0.0759080671892994,"{""o3-run1"": 28.147099211054606, ""o3-run2"": 27.646307146307148}","{""o3-run1"": 1.0, ""o3-run2"": 1.0}"
o3,String->UTF16,CJK,0,0,0,0,swift-array,22,7.045916999999999,6.931708,10.949833,0.2529899793675259,swift-array,0.2529899793675259,swift-temporary,0.0759080671892994,"{""o3-run1"": 7.050209, ""o3-run2"": 7.041625}","{""o3-run1"": 0.2504772853193722, ""o3-run2"": 0.2547039994432162}"
o3,String->UTF16,CJK,0,0,0,0,swift-span,22,4.5781455,4.475375,4.783167,0.1643824268135051,swift-array,0.2529899793675259,swift-temporary,0.0759080671892994,"{""o3-run1"": 4.579916, ""o3-run2"": 4.573167}","{""o3-run1"": 0.16271360560669304, ""o3-run2"": 0.16541692081326892}"
o3,String->UTF16,CJK,0,0,0,0,swift-temporary,22,2.1140835,2.067625,2.262458,0.0759080671892994,swift-array,0.2529899793675259,swift-temporary,0.0759080671892994,"{""o3-run1"": 2.107334, ""o3-run2"": 2.123125}","{""o3-run1"": 0.07486860312668941, ""o3-run2"": 0.07679597093254446}"
o3,String->UTF16,CJK,0,0,0,0,swift-transcode,22,5.182958,5.103417,5.29725,0.18609876294068656,swift-array,0.2529899793675259,swift-temporary,0.0759080671892994,"{""o3-run1"": 5.18625, ""o3-run2"": 5.164125}","{""o3-run1"": 0.18425522151011325, ""o3-run2"": 0.18679257857734527}"
o3,String->UTF16,CJK,7,21,7,7,simdutf,22,42.10863341395971,40.83891933891934,44.4195154847746,1.0,swift-array,1.7359855966198907,swift-span,0.7431112311657971,"{""o3-run1"": 42.07922782922783, ""o3-run2"": 42.55070809773305}","{""o3-run1"": 1.0, ""o3-run2"": 1.0}"
o3,String->UTF16,CJK,7,21,7,7,swift-array,22,73.09998109998111,70.3014375,75.331390625,1.7359855966198907,swift-array,1.7359855966198907,swift-span,0.7431112311657971,"{""o3-run1"": 73.05644805644806, ""o3-run2"": 73.5905}","{""o3-run1"": 1.7361641794601503, ""o3-run2"": 1.729477681804328}"
o3,String->UTF16,CJK,7,21,7,7,swift-span,22,31.291398418956824,30.561364235975088,32.41532686818941,0.7431112311657971,swift-array,1.7359855966198907,swift-span,0.7431112311657971,"{""o3-run1"": 31.248325781204024, ""o3-run2"": 31.82154363972146}","{""o3-run1"": 0.7426069201654701, ""o3-run2"": 0.7478499198328687}"
o3,String->UTF16,CJK,7,21,7,7,swift-temporary,22,34.08187891809165,32.93704419309044,35.313344027552134,0.8093798386435628,swift-array,1.7359855966198907,swift-span,0.7431112311657971,"{""o3-run1"": 34.0133830027876, ""o3-run2"": 34.71820050122744}","{""o3-run1"": 0.8083176606953378, ""o3-run2"": 0.815925328938935}"
o3,String->UTF16,CJK,7,21,7,7,swift-transcode,22,43.43624656124656,41.4552783109405,45.97102246200135,1.0315282886109225,swift-array,1.7359855966198907,swift-span,0.7431112311657971,"{""o3-run1"": 42.97107247107247, ""o3-run2"": 44.087513617264094}","{""o3-run1"": 1.021194415578728, ""o3-run2"": 1.0361170374885704}"
o3,String->UTF16,CJK,16,48,16,16,simdutf,22,56.807335166260316,53.60792654458681,59.65528868599886,1.0,swift-array,1.7766125510897877,swift-temporary,1.1184622057849918,"{""o3-run1"": 59.16853244799502, ""o3-run2"": 54.92124293199149}","{""o3-run1"": 1.0, ""o3-run2"": 1.0}"
o3,String->UTF16,CJK,16,48,16,16,swift-array,22,100.92462465034235,98.79133266533066,105.0747327989312,1.7766125510897877,swift-array,1.7766125510897877,swift-temporary,1.1184622057849918,"{""o3-run1"": 101.86431195724784, ""o3-run2"": 100.82878125}","{""o3-run1"": 1.7215960535573434, ""o3-run2"": 1.8358794496849866}"
o3,String->UTF16,CJK,16,48,16,16,swift-span,22,86.72689062500001,84.595703125,90.924484375,1.526684720752574,swift-array,1.7766125510897877,swift-temporary,1.1184622057849918,"{""o3-run1"": 86.492828125, ""o3-run2"": 86.736984375}","{""o3-run1"": 1.4618045191677032, ""o3-run2"": 1.5792975494455883}"
o3,String->UTF16,CJK,16,48,16,16,swift-temporary,22,63.536857394822846,62.048897650049284,65.15277273434663,1.1184622057849918,swift-array,1.7766125510897877,swift-temporary,1.1184622057849918,"{""o3-run1"": 63.5671214400581, ""o3-run2"": 63.2264667738756}","{""o3-run1"": 1.074340004899211, ""o3-run2"": 1.1512206097041249}"
o3,String->UTF16,CJK,16,48,16,16,swift-transcode,22,87.23175805363906,85.6936660268714,88.7028583285781,1.5355720841038285,swift-array,1.7766125510897877,swift-temporary,1.1184622057849918,"{""o3-run1"": 87.4574155729626, ""o3-run2"": 87.00610053431551}","{""o3-run1"": 1.478106891527714, ""o3-run2"": 1.5841975871167815}"
o3,String->UTF16,CJK,128,362,128,128,simdutf,22,127.30408734134937,121.07373079492318,130.59105711422845,1.0,swift-array,3.478277906338035,swift-temporary,3.168788685027912,"{""o3-run1"": 127.12577237808951, ""o3-run2"": 128.0947311289245}","{""o3-run1"": 1.0, ""o3-run2"": 1.0}"
o3,String->UTF16,CJK,128,362,128,128,swift-array,22,442.79899438594305,428.3965894184521,448.06546560330486,3.478277906338035,swift-array,3.478277906338035,swift-temporary,3.168788685027912,"{""o3-run1"": 438.81781081475003, ""o3-run2"": 444.4938894945206}","{""o3-run1"": 3.451839879561523, ""o3-run2"": 3.470040380092975}"
o3,String->UTF16,CJK,128,362,128,128,swift-span,22,607.3693179007707,587.34375,623.326875,4.7710119178828,swift-array,3.478277906338035,swift-temporary,3.168788685027912,"{""o3-run1"": 600.717169508818, ""o3-run2"": 611.155625}","{""o3-run1"": 4.725376753048962, ""o3-run2"": 4.771122275005093}"
o3,String->UTF16,CJK,128,362,128,128,swift-temporary,22,403.39975152507293,387.2659872903189,420.4914512093411,3.168788685027912,swift-array,3.478277906338035,swift-temporary,3.168788685027912,"{""o3-run1"": 400.9131505123948, ""o3-run2"": 414.8313698915763}","{""o3-run1"": 3.1536732718525715, ""o3-run2"": 3.2384733254489424}"
o3,String->UTF16,CJK,128,362,128,128,swift-transcode,22,636.5669830024353,610.2942719720157,686.6162365272421,5.000365630803068,swift-array,3.478277906338035,swift-temporary,3.168788685027912,"{""o3-run1"": 636.2350240489725, ""o3-run2"": 636.8989419558983}","{""o3-run1"": 5.004768208264821, ""o3-run2"": 4.972093202763146}"
o3,String->UTF16,CJK,1024,2888,1024,1024,simdutf,22,804.3696168696168,790.3260073260074,828.9319869319869,1.0,swift-array,3.8557572213723463,swift-array,3.8557572213723463,"{""o3-run1"": 804.2768042768042, ""o3-run2"": 806.949806949807}","{""o3-run1"": 1.0, ""o3-run2"": 1.0}"
o3,String->UTF16,CJK,1024,2888,1024,1024,swift-array,22,3101.4539588975326,3034.58235070369,3208.1890153389413,3.8557572213723463,swift-array,3.8557572213723463,swift-array,3.8557572213723463,"{""o3-run1"": 3081.2251806770637, ""o3-run2"": 3138.7308263236023}","{""o3-run1"": 3.8310506585449313, ""o3-run2"": 3.889623368506282}"
o3,String->UTF16,CJK,1024,2888,1024,1024,swift-span,22,4676.0187876225,4577.1127361365025,4922.303473491774,5.8132712742436325,swift-array,3.8557572213723463,swift-array,3.8557572213723463,"{""o3-run1"": 4642.519804996953, ""o3-run2"": 4710.0253090052975}","{""o3-run1"": 5.772291057394661, ""o3-run2"": 5.836825622164459}"
o3,String->UTF16,CJK,1024,2888,1024,1024,swift-temporary,22,3109.108456167538,3043.8511950655356,3197.3027767211865,3.8652733655795264,swift-array,3.8557572213723463,swift-array,3.8557572213723463,"{""o3-run1"": 3085.2929838087894, ""o3-run2"": 3130.832255610498}","{""o3-run1"": 3.8361083738863346, ""o3-run2"": 3.8798351875747317}"
o3,String->UTF16,CJK,1024,2888,1024,1024,swift-transcode,22,4911.790807644033,4828.3847980997625,5121.27146311971,6.10638530425771,swift-array,3.8557572213723463,swift-array,3.8557572213723463,"{""o3-run1"": 4883.189429928741, ""o3-run2"": 4989.067110036276}","{""o3-run1"": 6.071528364316866, ""o3-run2"": 6.182623834925337}"
o3,String->UTF16,CJK,16384,46176,16384,16384,simdutf,22,12162.130028676584,11685.886996904024,13908.30825958702,1.0,swift-array,4.0809889240707635,swift-temporary,4.076905945425563,"{""o3-run1"": 12163.65634218289, ""o3-run2"": 12160.603715170279}","{""o3-run1"": 1.0, ""o3-run2"": 1.0}"
o3,String->UTF16,CJK,16384,46176,16384,16384,swift-array,22,49633.51794013757,48679.69938650307,62449.490909090906,4.0809889240707635,swift-array,4.0809889240707635,swift-temporary,4.076905945425563,"{""o3-run1"": 49615.90909090909, ""o3-run2"": 49662.83435582822}","{""o3-run1"": 4.0790291747098975, ""o3-run2"": 4.083911910876114}"
o3,String->UTF16,CJK,16384,46176,16384,16384,swift-span,22,75958.14545454545,73591.92783505155,104747.42268041238,6.245464016208253,swift-array,4.0809889240707635,swift-temporary,4.076905945425563,"{""o3-run1"": 75550.25773195876, ""o3-run2"": 77144.31818181818}","{""o3-run1"": 6.211147010948889, ""o3-run2"": 6.3437901594952155}"
o3,String->UTF16,CJK,16384,46176,16384,16384,swift-temporary,22,49583.86022295033,48248.251497005986,51081.49685534591,4.076905945425563,swift-array,4.0809889240707635,swift-temporary,4.076905945425563,"{""o3-run1"": 49473.05389221557, ""o3-run2"": 49786.6855345912}","{""o3-run1"": 4.06728474567682, ""o3-run2"": 4.094096535066151}"
o3,String->UTF16,CJK,16384,46176,16384,16384,swift-transcode,22,79492.1875,77272.03846153847,101732.375,6.536041574343364,swift-array,4.0809889240707635,swift-temporary,4.076905945425563,"{""o3-run1"": 79274.44230769231, ""o3-run2"": 80072.92}","{""o3-run1"": 6.517320127893856, ""o3-run2"": 6.584617168316202}"
o3,String->UTF16,CJK,262144,738772,262144,262144,simdutf,22,191054.07142857142,183021.83333333334,199828.125,1.0,swift-array,4.1677593599053,swift-temporary,4.146041220857737,"{""o3-run1"": 191868.04761904763, ""o3-run2"": 189028.125}","{""o3-run1"": 1.0, ""o3-run2"": 1.0}"
o3,String->UTF16,CJK,262144,738772,262144,262144,swift-array,22,796267.3944444444,759046.3333333334,832870.3333333334,4.1677593599053,swift-array,4.1677593599053,swift-temporary,4.146041220857737,"{""o3-run1"": 795270.9, ""o3-run2"": 797263.8888888889}","{""o3-run1"": 4.144884517608704, ""o3-run2"": 4.2176998205367}"
o3,String->UTF16,CJK,262144,738772,262144,262144,swift-span,22,1221385.3333333333,1157625.0,1280465.1666666667,6.392877807840737,swift-array,4.1677593599053,swift-temporary,4.146041220857737,"{""o3-run1"": 1229965.1666666667, ""o3-run2"": 1206090.3333333333}","{""o3-run1"": 6.410474187493438, ""o3-run2"": 6.38048085877873}"
o3,String->UTF16,CJK,262144,738772,262144,262144,swift-temporary,22,792118.0555555555,756231.4444444445,827074.1111111111,4.146041220857737,swift-array,4.1677593599053,swift-temporary,4.146041220857737,"{""o3-run1"": 795263.8888888889, ""o3-run2"": 776648.1111111111}","{""o3-run1"": 4.144847976291907, ""o3-run2"": 4.108637860694598}"
o3,String->UTF16,CJK,262144,738772,262144,262144,swift-transcode,22,1268131.9166666665,1218798.5,1324548.6666666667,6.637555050172159,swift-array,4.1677593599053,swift-temporary,4.146041220857737,"{""o3-run1"": 1269888.8333333333, ""o3-run2"": 1245513.8333333333}","{""o3-run1"": 6.618552953927413, ""o3-run2"": 6.589039770316366}"
o3,String->UTF16,CJK,1048576,2955080,1048576,1048576,simdutf,22,769283.3500000001,736637.5,797762.5,1.0,swift-array,4.095383710046499,swift-array,4.095383710046499,"{""o3-run1"": 771795.8, ""o3-run2"": 766762.5}","{""o3-run1"": 1.0, ""o3-run2"": 1.0}"
o3,String->UTF16,CJK,1048576,2955080,1048576,1048576,swift-array,22,3150510.5,3067687.5,3300687.5,4.095383710046499,swift-array,4.095383710046499,swift-array,4.095383710046499,"{""o3-run1"": 3148708.5, ""o3-run2"": 3156854.5}","{""o3-run1"": 4.0797170702406, ""o3-run2"": 4.117121664139809}"
o3,String->UTF16,CJK,1048576,2955080,1048576,1048576,swift-span,22,4884042.0,4701792.0,5017125.0,6.348820626366084,swift-array,4.095383710046499,swift-array,4.095383710046499,"{""o3-run1"": 4883917.0, ""o3-run2"": 4884167.0}","{""o3-run1"": 6.327991160356146, ""o3-run2"": 6.369856376648571}"
o3,String->UTF16,CJK,1048576,2955080,1048576,1048576,swift-temporary,22,3164041.75,3084979.0,3232271.0,4.112973132721512,swift-array,4.095383710046499,swift-array,4.095383710046499,"{""o3-run1"": 3159229.0, ""o3-run2"": 3195020.5}","{""o3-run1"": 4.09334826647152, ""o3-run2"": 4.166897181330595}"
o3,String->UTF16,CJK,1048576,2955080,1048576,1048576,swift-transcode,22,5075146.0,4899292.0,5255958.0,6.597238845738699,swift-array,4.095383710046499,swift-array,4.095383710046499,"{""o3-run1"": 5087833.0, ""o3-run2"": 5058167.0}","{""o3-run1"": 6.592200942269963, ""o3-run2"": 6.596784532368236}"
o3,String->UTF16,Emoji,0,0,0,0,simdutf,22,27.8917408705553,27.006744532879598,72.74268274557838,1.0,swift-array,0.2546318113652618,swift-temporary,0.07718607490265052,"{""o3-run1"": 28.171191209557147, ""o3-run2"": 27.82043407043407}","{""o3-run1"": 1.0, ""o3-run2"": 1.0}"
o3,String->UTF16,Emoji,0,0,0,0,swift-array,22,7.1021245,6.770417,7.268292,0.2546318113652618,swift-array,0.2546318113652618,swift-temporary,0.07718607490265052,"{""o3-run1"": 7.111792, ""o3-run2"": 7.052542}","{""o3-run1"": 0.25244910472892274, ""o3-run2"": 0.2535022272529899}"
o3,String->UTF16,Emoji,0,0,0,0,swift-span,22,4.5410005,4.404458,4.748208,0.16280806999730285,swift-array,0.2546318113652618,swift-temporary,0.07718607490265052,"{""o3-run1"": 4.599167, ""o3-run2"": 4.525333}","{""o3-run1"": 0.16325781064024444, ""o3-run2"": 0.16266219960993558}"
o3,String->UTF16,Emoji,0,0,0,0,swift-temporary,22,2.152854,2.046916,2.207,0.07718607490265052,swift-array,0.2546318113652618,swift-temporary,0.07718607490265052,"{""o3-run1"": 2.165209, ""o3-run2"": 2.146333}","{""o3-run1"": 0.0768589792278804, ""o3-run2"": 0.07714951515731369}"
o3,String->UTF16,Emoji,0,0,0,0,swift-transcode,22,5.1770835,4.967958,5.506167,0.18561349483442727,swift-array,0.2546318113652618,swift-temporary,0.07718607490265052,"{""o3-run1"": 5.220791, ""o3-run2"": 5.150625}","{""o3-run1"": 0.18532375720870595, ""o3-run2"": 0.1851381968721251}"
o3,String->UTF16,Emoji,7,12,6,3,simdutf,22,45.20607459666961,43.67813456450693,47.06990714322768,1.0,swift-array,1.7062739758349024,swift-span,0.48153588199109304,"{""o3-run1"": 44.67931732115993, ""o3-run2"": 45.87547854956684}","{""o3-run1"": 1.0, ""o3-run2"": 1.0}"
o3,String->UTF16,Emoji,7,12,6,3,swift-array,22,77.13394863394863,74.982421875,79.45270795270795,1.7062739758349024,swift-array,1.7062739758349024,swift-span,0.48153588199109304,"{""o3-run1"": 77.84926184926185, ""o3-run2"": 76.91015625}","{""o3-run1"": 1.742400433061066, ""o3-run2"": 1.6764981790195665}"
o3,String->UTF16,Emoji,7,12,6,3,swift-span,22,21.768347002262445,21.152717878016592,22.14079989079989,0.48153588199109304,swift-array,1.7062739758349024,swift-span,0.48153588199109304,"{""o3-run1"": 21.78780165912519, ""o3-run2"": 21.713365463365463}","{""o3-run1"": 0.4876484907437604, ""o3-run2"": 0.4733109310217862}"
o3,String->UTF16,Emoji,7,12,6,3,swift-temporary,22,30.474419712120035,30.04630497681994,31.016279351914147,0.6741222276876286,swift-array,1.7062739758349024,swift-span,0.48153588199109304,"{""o3-run1"": 30.3717176601606, ""o3-run2"": 30.630093271715914}","{""o3-run1"": 0.6797713009320464, ""o3-run2"": 0.6676789919176794}"
o3,String->UTF16,Emoji,7,12,6,3,swift-transcode,22,24.26322738822739,23.1492418992419,24.912807912807914,0.5367249336445349,swift-array,1.7062739758349024,swift-span,0.48153588199109304,"{""o3-run1"": 24.314743064743066, ""o3-run2"": 24.258305508305508}","{""o3-run1"": 0.5442057874332764, ""o3-run2"": 0.5287858846441299}"
o3,String->UTF16,Emoji,16,34,16,9,simdutf,22,49.84364317526048,48.94612573736297,50.871638624238294,1.0,swift-array,2.1502658936996912,swift-span,0.8675652661602441,"{""o3-run1"": 50.00936075936076, ""o3-run2"": 49.72640566622762}","{""o3-run1"": 1.0, ""o3-run2"": 1.0}"
o3,String->UTF16,Emoji,16,34,16,9,swift-array,22,107.1770859375,104.265625,109.326171875,2.1502658936996912,swift-array,2.1502658936996912,swift-span,0.8675652661602441,"{""o3-run1"": 106.858078125, ""o3-run2"": 107.593109375}","{""o3-run1"": 2.136761528290447, ""o3-run2"": 2.1637017181009193}"
o3,String->UTF16,Emoji,16,34,16,9,swift-span,22,43.242613557741095,41.66859025937752,44.053218259439014,0.8675652661602441,swift-array,2.1502658936996912,swift-span,0.8675652661602441,"{""o3-run1"": 43.583451781916274, ""o3-run2"": 43.167654942317846}","{""o3-run1"": 0.8715058765024969, ""o3-run2"": 0.8681032615159587}"
o3,String->UTF16,Emoji,16,34,16,9,swift-temporary,22,66.47251699036727,65.12813197074233,68.35304248586398,1.3336207539371923,swift-array,2.1502658936996912,swift-span,0.8675652661602441,"{""o3-run1"": 66.86249935155885, ""o3-run2"": 65.93831243831244}","{""o3-run1"": 1.336999680385707, ""o3-run2"": 1.326022091379417}"
o3,String->UTF16,Emoji,16,34,16,9,swift-transcode,22,60.785275679272814,58.62812112812113,129.65326648366192,1.2195191163201957,swift-array,2.1502658936996912,swift-span,0.8675652661602441,"{""o3-run1"": 60.44506394506394, ""o3-run2"": 61.05641386298842}","{""o3-run1"": 1.2086749965855108, ""o3-run2"": 1.2278469164413333}"
o3,String->UTF16,Emoji,128,272,128,77,simdutf,22,131.86188290130133,128.4417981851746,231.0218923064923,1.0,swift-array,3.6990646734325248,swift-span,2.6053354512728286,"{""o3-run1"": 131.87051185704743, ""o3-run2"": 131.85325394555522}","{""o3-run1"": 1.0, ""o3-run2"": 1.0}"
o3,String->UTF16,Emoji,128,272,128,77,swift-array,22,487.76563281250003,471.878203125,596.360703125,3.6990646734325248,swift-array,3.6990646734325248,swift-span,2.6053354512728286,"{""o3-run1"": 487.9765625, ""o3-run2"": 484.098359375}","{""o3-run1"": 3.7004221461503453, ""o3-run2"": 3.6714934587423502}"
o3,String->UTF16,Emoji,128,272,128,77,swift-span,22,343.54443819434675,334.38414662729105,605.4996953077392,2.6053354512728286,swift-array,3.6990646734325248,swift-span,2.6053354512728286,"{""o3-run1"": 339.7385187040748, ""o3-run2"": 348.1148455444616}","{""o3-run1"": 2.576303935730257, ""o3-run2"": 2.6401687870987622}"
o3,String->UTF16,Emoji,128,272,128,77,swift-temporary,22,449.6827514932656,433.13827528831257,569.7450808919982,3.4102558040207365,swift-array,3.6990646734325248,swift-span,2.6053354512728286,"{""o3-run1"": 449.9230018933961, ""o3-run2"": 449.4425010931351}","{""o3-run1"": 3.411854519690721, ""o3-run2"": 3.4086568790992344}"
o3,String->UTF16,Emoji,128,272,128,77,swift-transcode,22,435.165375,413.404399499583,774.854125,3.300160481749843,swift-array,3.6990646734325248,swift-span,2.6053354512728286,"{""o3-run1"": 432.32641784820686, ""o3-run2"": 436.1614375}","{""o3-run1"": 3.2784161656767123, ""o3-run2"": 3.307930782505372}"
o3,String->UTF16,Emoji,1024,2180,1024,622,simdutf,22,908.0347561702636,892.131820265933,929.6098120128381,1.0,swift-array,3.831023872559313,swift-span,2.9797188516453392,"{""o3-run1"": 910.2141219624026, ""o3-run2"": 907.2175986646}","{""o3-run1"": 1.0, ""o3-run2"": 1.0}"
o3,String->UTF16,Emoji,1024,2180,1024,622,swift-array,22,3478.7028280018544,3418.1539174779787,3564.518776077886,3.831023872559313,swift-array,3.831023872559313,swift-span,2.9797188516453392,"{""o3-run1"": 3470.116828929068, ""o3-run2"": 3496.271076523995}","{""o3-run1"": 3.8124181389842304, ""o3-run2"": 3.853839565800324}"
o3,String->UTF16,Emoji,1024,2180,1024,622,swift-span,22,2705.6882809097133,2667.5418416801294,2843.423635776558,2.9797188516453392,swift-array,3.831023872559313,swift-span,2.9797188516453392,"{""o3-run1"": 2700.5386106623587, ""o3-run2"": 2716.6076848563125}","{""o3-run1"": 2.9669267324045183, ""o3-run2"": 2.9944389183533104}"
o3,String->UTF16,Emoji,1024,2180,1024,622,swift-temporary,22,3502.7054677488254,3433.94916702264,3661.0247757368647,3.857457486012838,swift-array,3.831023872559313,swift-span,2.9797188516453392,"{""o3-run1"": 3504.947885519009, ""o3-run2"": 3500.4630499786417}","{""o3-run1"": 3.8506850211930517, ""o3-run2"": 3.8584602581907905}"
o3,String->UTF16,Emoji,1024,2180,1024,622,swift-transcode,22,3471.5275997412273,3344.9555745407947,3794.6569841947885,3.82312194126002,swift-array,3.831023872559313,swift-span,2.9797188516453392,"{""o3-run1"": 3452.6198205894916, ""o3-run2"": 3487.703840084166}","{""o3-run1"": 3.7931951804326167, ""o3-run2"": 3.8443961462145055}"
o3,String->UTF16,Emoji,16384,34904,16384,9972,simdutf,22,14027.717452695033,13444.650246305418,28001.956375838927,1.0,swift-array,3.9847303261872167,swift-span,3.0700917537782217,"{""o3-run1"": 14376.536912751679, ""o3-run2"": 13876.711001642036}","{""o3-run1"": 1.0, ""o3-run2"": 1.0}"
o3,String->UTF16,Emoji,16384,34904,16384,9972,swift-array,22,55896.671140939594,53857.10067114094,109025.73154362416,3.9847303261872167,swift-array,3.9847303261872167,swift-span,3.0700917537782217,"{""o3-run1"": 56891.221476510065, ""o3-run2"": 55658.55704697986}","{""o3-run1"": 3.957227100084776, ""o3-run2"": 4.010932924984441}"
o3,String->UTF16,Emoji,16384,34904,16384,9972,swift-span,22,43066.379675849865,41728.844559585494,106651.42073170732,3.0700917537782217,swift-array,3.9847303261872167,swift-span,3.0700917537782217,"{""o3-run1"": 44070.62804878049, ""o3-run2"": 42400.25906735751}","{""o3-run1"": 3.0654550756024417, ""o3-run2"": 3.0554977373485888}"
o3,String->UTF16,Emoji,16384,34904,16384,9972,swift-temporary,22,56713.92051444233,54485.217741935485,129437.63398692811,4.042989938006367,swift-array,3.9847303261872167,swift-span,3.0700917537782217,"{""o3-run1"": 58438.183006535946, ""o3-run2"": 55277.5564516129}","{""o3-run1"": 4.064830310747683, ""o3-run2"": 3.983476808378577}"
o3,String->UTF16,Emoji,16384,34904,16384,9972,swift-transcode,22,55713.8671875,53224.28125,118477.14838709678,3.9716987011879215,swift-array,3.9847303261872167,swift-span,3.0700917537782217,"{""o3-run1"": 57859.4064516129, ""o3-run2"": 54651.6953125}","{""o3-run1"": 4.024571898138616, ""o3-run2"": 3.9383752609702003}"
o3,String->UTF16,Emoji,262144,558480,262144,159565,simdutf,22,220997.17567567568,215875.0,232282.67567567568,1.0,swift-array,3.99856665497315,swift-span,3.1219376762689017,"{""o3-run1"": 217504.51351351352, ""o3-run2"": 225030.4054054054}","{""o3-run1"": 1.0, ""o3-run2"": 1.0}"
o3,String->UTF16,Emoji,262144,558480,262144,159565,swift-array,22,883671.9375,865822.875,919875.0,3.99856665497315,swift-array,3.99856665497315,swift-span,3.1219376762689017,"{""o3-run1"": 878286.5, ""o3-run2"": 898328.125}","{""o3-run1"": 4.03801505454935, ""o3-run2"": 3.9920299809335074}"
o3,String->UTF16,Emoji,262144,558480,262144,159565,swift-span,22,689939.4090909092,667261.3636363636,715655.2727272727,3.1219376762689017,swift-array,3.99856665497315,swift-span,3.1219376762689017,"{""o3-run1"": 689003.8181818182, ""o3-run2"": 698219.6363636364}","{""o3-run1"": 3.1677679099703395, ""o3-run2"": 3.1027790893668477}"
o3,String->UTF16,Emoji,262144,558480,262144,159565,swift-temporary,22,889030.6111111111,859229.25,916166.625,4.02281435675815,swift-array,3.99856665497315,swift-span,3.1219376762689017,"{""o3-run1"": 885046.3333333334, ""o3-run2"": 893718.75}","{""o3-run1"": 4.069094103090167, ""o3-run2"": 3.971546637841733}"
o3,String->UTF16,Emoji,262144,558480,262144,159565,swift-transcode,22,907833.3333333333,872301.0,949277.7777777778,4.107895635126233,swift-array,3.99856665497315,swift-span,3.1219376762689017,"{""o3-run1"": 884782.4444444445, ""o3-run2"": 917356.5555555555}","{""o3-run1"": 4.067880846019653, ""o3-run2"": 4.076589356460004}"
o3,String->UTF16,Emoji,1048576,2233922,1048576,638263,simdutf,22,886765.0277777778,866177.125,914569.4444444445,1.0,swift-array,3.9907578548382214,swift-span,3.110040330425751,"{""o3-run1"": 872921.875, ""o3-run2"": 893657.4444444445}","{""o3-run1"": 1.0, ""o3-run2"": 1.0}"
o3,String->UTF16,Emoji,1048576,2233922,1048576,638263,swift-array,22,3538864.5,3466417.0,3641833.0,3.9907578548382214,swift-array,3.9907578548382214,swift-span,3.110040330425751,"{""o3-run1"": 3538500.0, ""o3-run2"": 3558729.0}","{""o3-run1"": 4.053627364991856, ""o3-run2"": 3.98220707735763}"
o3,String->UTF16,Emoji,1048576,2233922,1048576,638263,swift-span,22,2757875.0,2679208.0,2888250.0,3.110040330425751,swift-array,3.9907578548382214,swift-span,3.110040330425751,"{""o3-run1"": 2738187.5, ""o3-run2"": 2796562.5}","{""o3-run1"": 3.136807059623749, ""o3-run2"": 3.129345049812151}"
o3,String->UTF16,Emoji,1048576,2233922,1048576,638263,swift-temporary,22,3551750.0,3464354.5,3607271.0,4.00528876166964,swift-array,3.9907578548382214,swift-span,3.110040330425751,"{""o3-run1"": 3556000.0, ""o3-run2"": 3547500.0}","{""o3-run1"": 4.073674978072924, ""o3-run2"": 3.969641860036601}"
o3,String->UTF16,Emoji,1048576,2233922,1048576,638263,swift-transcode,22,3595031.25,3408541.0,3851333.0,4.0540967870700815,swift-array,3.9907578548382214,swift-span,3.110040330425751,"{""o3-run1"": 3571291.5, ""o3-run2"": 3626292.0}","{""o3-run1"": 4.09119258238316, ""o3-run2"": 4.05780987171694}"
o3,String->UTF16,Latin,0,0,0,0,simdutf,22,27.703290703290705,27.07056007056007,28.84024759024759,1.0,swift-array,0.25331678374101635,swift-temporary,0.07671922526328397,"{""o3-run1"": 27.89382891828094, ""o3-run2"": 27.51243201243201}","{""o3-run1"": 1.0, ""o3-run2"": 1.0}"
o3,String->UTF16,Latin,0,0,0,0,swift-array,22,7.0177084999999995,6.852458,15.995125,0.25331678374101635,swift-array,0.25331678374101635,swift-temporary,0.07671922526328397,"{""o3-run1"": 7.0085, ""o3-run2"": 7.026917}","{""o3-run1"": 0.2512562911507211, ""o3-run2"": 0.25540879108123754}"
o3,String->UTF16,Latin,0,0,0,0,swift-span,22,4.551729,4.430208,4.730958,0.16430282773083443,swift-array,0.25331678374101635,swift-temporary,0.07671922526328397,"{""o3-run1"": 4.586959, ""o3-run2"": 4.528875}","{""o3-run1"": 0.16444350517235082, ""o3-run2"": 0.16461194699012952}"
o3,String->UTF16,Latin,0,0,0,0,swift-temporary,22,2.125375,2.064125,2.241541,0.07671922526328397,swift-array,0.25331678374101635,swift-temporary,0.07671922526328397,"{""o3-run1"": 2.139708, ""o3-run2"": 2.110708}","{""o3-run1"": 0.07670900994870904, ""o3-run2"": 0.07671833587980287}"
o3,String->UTF16,Latin,0,0,0,0,swift-transcode,22,5.1920415,5.024208,13.324417,0.187416056655799,swift-array,0.25331678374101635,swift-temporary,0.07671922526328397,"{""o3-run1"": 5.168375, ""o3-run2"": 5.227708}","{""o3-run1"": 0.1852873986981677, ""o3-run2"": 0.190012573139218}"
o3,String->UTF16,Latin,7,7,7,7,simdutf,22,42.40392426138884,41.06564684012961,46.01158473649346,1.0,swift-array,1.4618074509302459,swift-transcode,0.36673160487132916,"{""o3-run1"": 42.37562898791306, ""o3-run2"": 42.432219534864615}","{""o3-run1"": 1.0, ""o3-run2"": 1.0}"
o3,String->UTF16,Latin,7,7,7,7,swift-array,22,61.98637243398002,60.0950565950566,65.4111279111279,1.4618074509302459,swift-array,1.4618074509302459,swift-transcode,0.36673160487132916,"{""o3-run1"": 62.20862470862471, ""o3-run2"": 61.030053112782895}","{""o3-run1"": 1.468028350124754, ""o3-run2"": 1.438295092309213}"
o3,String->UTF16,Latin,7,7,7,7,swift-span,22,24.745571620571617,23.804836304836304,26.3491200991201,0.5835679610225097,swift-array,1.4618074509302459,swift-transcode,0.36673160487132916,"{""o3-run1"": 24.86971586971587, ""o3-run2"": 24.630834}","{""o3-run1"": 0.5868872383418672, ""o3-run2"": 0.5804747965107498}"
o3,String->UTF16,Latin,7,7,7,7,swift-temporary,22,21.356855712765537,20.698839974250845,22.535711513296516,0.503652812440573,swift-array,1.4618074509302459,swift-transcode,0.36673160487132916,"{""o3-run1"": 21.41055452646514, ""o3-run2"": 21.225863330893606}","{""o3-run1"": 0.5052563239255314, ""o3-run2"": 0.5002298622030197}"
o3,String->UTF16,Latin,7,7,7,7,swift-transcode,22,15.55085919722142,15.27519515577443,16.028766557903015,0.36673160487132916,swift-array,1.4618074509302459,swift-transcode,0.36673160487132916,"{""o3-run1"": 15.546926434127297, ""o3-run2"": 15.554791960315544}","{""o3-run1"": 0.36688367359837415, ""o3-run2"": 0.36657973895367135}"
o3,String->UTF16,Latin,16,17,16,16,simdutf,22,39.921583089174405,38.612911862911865,79.93329868329869,1.0,swift-array,2.089056566875357,swift-transcode,0.8584591245916948,"{""o3-run1"": 39.82938532938533, ""o3-run2"": 40.01378084896348}","{""o3-run1"": 1.0, ""o3-run2"": 1.0}"
o3,String->UTF16,Latin,16,17,16,16,swift-array,22,83.3984453125,81.43032057445633,85.02865625,2.089056566875357,swift-array,2.089056566875357,swift-transcode,0.8584591245916948,"{""o3-run1"": 83.4655, ""o3-run2"": 82.80526175814734}","{""o3-run1"": 2.095575899797299, ""o3-run2"": 2.0694185853295175}"
o3,String->UTF16,Latin,16,17,16,16,swift-span,22,42.53904166404166,41.08150633150633,43.350884473725166,1.065564999489638,swift-array,2.089056566875357,swift-transcode,0.8584591245916948,"{""o3-run1"": 42.68603918603919, ""o3-run2"": 42.33586138922031}","{""o3-run1"": 1.071722268195444, ""o3-run2"": 1.0580320202437703}"
o3,String->UTF16,Latin,16,17,16,16,swift-temporary,22,46.295003456135895,45.01791301791302,48.17355397624112,1.1596484877046316,swift-array,2.089056566875357,swift-transcode,0.8584591245916948,"{""o3-run1"": 46.434112434112436, ""o3-run2"": 46.16079265445868}","{""o3-run1"": 1.165825484127024, ""o3-run2"": 1.1536223689707752}"
o3,String->UTF16,Latin,16,17,16,16,swift-transcode,22,34.271047271047266,33.47672281121751,35.375412125412126,0.8584591245916948,swift-array,2.089056566875357,swift-transcode,0.8584591245916948,"{""o3-run1"": 34.031044801641585, ""o3-run2"": 34.3485950985951}","{""o3-run1"": 0.85442053700322, ""o3-run2"": 0.8584191338541024}"
o3,String->UTF16,Latin,128,144,128,128,simdutf,22,103.52083593750001,99.501296875,106.16015625,1.0,swift-array,3.2457207533540062,swift-transcode,2.5938309589175974,"{""o3-run1"": 102.84765625, ""o3-run2"": 104.0201875}","{""o3-run1"": 1.0, ""o3-run2"": 1.0}"
o3,String->UTF16,Latin,128,144,128,128,swift-array,22,335.999725606899,324.6242441288145,346.8211530442035,3.2457207533540062,swift-array,3.2457207533540062,swift-transcode,2.5938309589175974,"{""o3-run1"": 333.87826372287066, ""o3-run2"": 339.4365095913261}","{""o3-run1"": 3.246338087776022, ""o3-run2"": 3.263179174632098}"
o3,String->UTF16,Latin,128,144,128,128,swift-span,22,349.7304524603836,337.331458304036,359.80937239366136,3.3783580792520933,swift-array,3.2457207533540062,swift-transcode,2.5938309589175974,"{""o3-run1"": 347.4116626822294, ""o3-run2"": 351.67108006672225}","{""o3-run1"": 3.3779249362547277, ""o3-run2"": 3.3807964446009313}"
o3,String->UTF16,Latin,128,144,128,128,swift-temporary,22,302.60869655978627,287.82043253173015,320.8534986639946,2.923167049602306,swift-array,3.2457207533540062,swift-transcode,2.5938309589175974,"{""o3-run1"": 297.98137942551773, ""o3-run2"": 304.14821309285236}","{""o3-run1"": 2.8973084102295013, ""o3-run2"": 2.923934482360478}"
o3,String->UTF16,Latin,128,144,128,128,swift-transcode,22,268.5155491477169,261.9587677231026,278.11806713928274,2.5938309589175974,swift-array,3.2457207533540062,swift-transcode,2.5938309589175974,"{""o3-run1"": 266.0202773144287, ""o3-run2"": 270.84169799613096}","{""o3-run1"": 2.5865468112155323, ""o3-run2"": 2.6037416823165307}"
o3,String->UTF16,Latin,1024,1153,1024,1024,simdutf,22,666.3587485618197,650.2234711036375,687.8161580790395,1.0,swift-array,3.434747885149739,swift-transcode,3.199821847622342,"{""o3-run1"": 665.9807947605983, ""o3-run2"": 667.7957311989328}","{""o3-run1"": 1.0, ""o3-run2"": 1.0}"
o3,String->UTF16,Latin,1024,1153,1024,1024,swift-array,22,2288.7743023737366,2229.153964351567,2336.313736114874,3.434747885149739,swift-array,3.434747885149739,swift-transcode,3.199821847622342,"{""o3-run1"": 2315.3389325386074, ""o3-run2"": 2281.8838352796556}","{""o3-run1"": 3.476585136919613, ""o3-run2"": 3.4170386671727533}"
o3,String->UTF16,Latin,1024,1153,1024,1024,swift-span,22,2739.8782396159913,2676.232160154989,2843.5715208266065,4.111716467337423,swift-array,3.434747885149739,swift-transcode,3.199821847622342,"{""o3-run1"": 2724.5683818551115, ""o3-run2"": 2742.398773006135}","{""o3-run1"": 4.091061488994616, ""o3-run2"": 4.106643161798213}"
o3,String->UTF16,Latin,1024,1153,1024,1024,swift-temporary,22,2304.2265042979943,2253.1636103151864,2340.038089980679,3.4579368985116967,swift-array,3.434747885149739,swift-transcode,3.199821847622342,"{""o3-run1"": 2306.9246418338107, ""o3-run2"": 2298.9351366271044}","{""o3-run1"": 3.4639507024569474, ""o3-run2"": 3.442572375387443}"
o3,String->UTF16,Latin,1024,1153,1024,1024,swift-transcode,22,2132.2292820023936,2059.5334750265674,2194.5959086078637,3.199821847622342,swift-array,3.434747885149739,swift-transcode,3.199821847622342,"{""o3-run1"": 2142.412858660999, ""o3-run2"": 2117.530745179781}","{""o3-run1"": 3.216928889715412, ""o3-run2"": 3.1709258479056976}"
o3,String->UTF16,Latin,16384,18464,16384,16384,simdutf,22,10090.269512195122,9718.039024390244,10467.580487804878,1.0,swift-array,3.5713550023875458,swift-transcode,3.344591405824634,"{""o3-run1"": 10099.95, ""o3-run2"": 10049.034146341464}","{""o3-run1"": 1.0, ""o3-run2"": 1.0}"
o3,String->UTF16,Latin,16384,18464,16384,16384,swift-array,22,36035.93449781659,35055.96610169492,72971.04237288136,3.5713550023875458,swift-array,3.5713550023875458,swift-transcode,3.344591405824634,"{""o3-run1"": 36118.470338983054, ""o3-run2"": 35980.34934497817}","{""o3-run1"": 3.576103875661073, ""o3-run2"": 3.580478364488141}"
o3,String->UTF16,Latin,16384,18464,16384,16384,swift-span,22,43488.97619047619,42613.973544973545,45776.671957671955,4.30999153569836,swift-array,3.5713550023875458,swift-transcode,3.344591405824634,"{""o3-run1"": 43473.322751322754, ""o3-run2"": 43504.62962962963}","{""o3-run1"": 4.304310689787846, ""o3-run2"": 4.329234929057166}"
o3,String->UTF16,Latin,16384,18464,16384,16384,swift-temporary,22,36154.79389632107,34996.19565217391,57346.739130434784,3.583134608309947,swift-array,3.5713550023875458,swift-transcode,3.344591405824634,"{""o3-run1"": 36165.760869565216, ""o3-run2"": 36143.82692307692}","{""o3-run1"": 3.5807861295912566, ""o3-run2"": 3.5967463536021267}"
o3,String->UTF16,Latin,16384,18464,16384,16384,swift-transcode,22,33747.82869294213,32995.640167364014,35073.91631799163,3.344591405824634,swift-array,3.5713550023875458,swift-transcode,3.344591405824634,"{""o3-run1"": 33748.97119341564, ""o3-run2"": 33746.686192468616}","{""o3-run1"": 3.341498838451243, ""o3-run2"": 3.3582019625990345}"
o3,String->UTF16,Latin,262144,295432,262144,262144,simdutf,22,162549.01960784313,156519.60784313726,167550.64705882352,1.0,swift-array,3.6166520301170486,swift-transcode,3.3405307599517493,"{""o3-run1"": 160962.41176470587, ""o3-run2"": 163650.33333333334}","{""o3-run1"": 1.0, ""o3-run2"": 1.0}"
o3,String->UTF16,Latin,262144,295432,262144,262144,swift-array,22,587883.2417582418,573684.5,599431.5,3.6166520301170486,swift-array,3.6166520301170486,swift-transcode,3.3405307599517493,"{""o3-run1"": 587730.7692307692, ""o3-run2"": 588035.7142857143}","{""o3-run1"": 3.651354144034021, ""o3-run2"": 3.5932448306595623}"
o3,String->UTF16,Latin,262144,295432,262144,262144,swift-span,22,711085.2272727273,690458.2727272727,1077772.7272727273,4.374589456080711,swift-array,3.6166520301170486,swift-transcode,3.3405307599517493,"{""o3-run1"": 704659.0909090909, ""o3-run2"": 721212.0909090909}","{""o3-run1"": 4.3777866098276315, ""o3-run2"": 4.407030992354171}"
o3,String->UTF16,Latin,262144,295432,262144,262144,swift-temporary,22,583657.0384615385,566259.6153846154,1012775.6153846154,3.5906524682193566,swift-array,3.6166520301170486,swift-transcode,3.3405307599517493,"{""o3-run1"": 583865.3846153846, ""o3-run2"": 583125.0}","{""o3-run1"": 3.6273399374064823, ""o3-run2"": 3.5632374717639843}"
o3,String->UTF16,Latin,262144,295432,262144,262144,swift-transcode,22,543000.0,524639.8571428572,568196.4285714285,3.3405307599517493,swift-array,3.6166520301170486,swift-transcode,3.3405307599517493,"{""o3-run1"": 536880.9285714285, ""o3-run2"": 550306.5714285715}","{""o3-run1"": 3.3354428694584835, ""o3-run2"": 3.362697528441157}"
o3,String->UTF16,Latin,1048576,1181728,1048576,1048576,simdutf,22,647936.1931818181,627636.3636363636,659875.0,1.0,swift-array,3.6166328690883365,swift-transcode,3.3675298940859166,"{""o3-run1"": 652229.1666666666, ""o3-run2"": 641723.4545454546}","{""o3-run1"": 1.0, ""o3-run2"": 1.0}"
o3,String->UTF16,Latin,1048576,1181728,1048576,1048576,swift-array,22,2343347.3333333335,2298458.3333333335,2449791.6666666665,3.6166328690883365,swift-array,3.6166328690883365,swift-transcode,3.3675298940859166,"{""o3-run1"": 2343236.3333333335, ""o3-run2"": 2343458.3333333335}","{""o3-run1"": 3.59265799980835, ""o3-run2"": 3.6518196689464175}"
o3,String->UTF16,Latin,1048576,1181728,1048576,1048576,swift-span,22,2817677.0,2738854.5,5428604.0,4.348695179633728,swift-array,3.6166328690883365,swift-transcode,3.3675298940859166,"{""o3-run1"": 2809791.5, ""o3-run2"": 2818604.0}","{""o3-run1"": 4.307981984859616, ""o3-run2"": 4.392240894477626}"
o3,String->UTF16,Latin,1048576,1181728,1048576,1048576,swift-temporary,22,2352402.833333333,2273944.3333333335,2479680.3333333335,3.630608782295979,swift-array,3.6166328690883365,swift-transcode,3.3675298940859166,"{""o3-run1"": 2358764.0, ""o3-run2"": 2352180.6666666665}","{""o3-run1"": 3.616465071709203, ""o3-run2"": 3.6654117127957595}"
o3,String->UTF16,Latin,1048576,1181728,1048576,1048576,swift-transcode,22,2181944.5,2091250.0,4133264.0,3.3675298940859166,swift-array,3.6166328690883365,swift-transcode,3.3675298940859166,"{""o3-run1"": 2190514.0, ""o3-run2"": 2171513.6666666665}","{""o3-run1"": 3.3585035934455556, ""o3-run2"": 3.3838776676859856}"
o3,String->UTF16,Mixed,0,0,0,0,simdutf,22,27.844039312902943,27.221408278579432,28.79788874100555,1.0,swift-array,0.25272913606105457,swift-temporary,0.0763860256085185,"{""o3-run1"": 27.766828851361055, ""o3-run2"": 27.961511313075267}","{""o3-run1"": 1.0, ""o3-run2"": 1.0}"
o3,String->UTF16,Mixed,0,0,0,0,swift-array,22,7.037,6.84575,7.230125,0.25272913606105457,swift-array,0.25272913606105457,swift-temporary,0.0763860256085185,"{""o3-run1"": 6.964833, ""o3-run2"": 7.120292}","{""o3-run1"": 0.2508328566176401, ""o3-run2"": 0.2546461784656981}"
o3,String->UTF16,Mixed,0,0,0,0,swift-span,22,4.5954375,4.434875,4.72,0.1650420561599506,swift-array,0.25272913606105457,swift-temporary,0.0763860256085185,"{""o3-run1"": 4.576583, ""o3-run2"": 4.618708}","{""o3-run1"": 0.16482195444423856, ""o3-run2"": 0.16518091416039501}"
o3,String->UTF16,Mixed,0,0,0,0,swift-temporary,22,2.1268955,2.057625,2.236708,0.0763860256085185,swift-array,0.25272913606105457,swift-temporary,0.0763860256085185,"{""o3-run1"": 2.128083, ""o3-run2"": 2.125708}","{""o3-run1"": 0.07664119699775106, ""o3-run2"": 0.07602264327557945}"
o3,String->UTF16,Mixed,0,0,0,0,swift-transcode,22,5.2204375,5.055292,5.397583,0.1874885120414568,swift-array,0.25272913606105457,swift-temporary,0.0763860256085185,"{""o3-run1"": 5.205458, ""o3-run2"": 5.226125}","{""o3-run1"": 0.187470381578876, ""o3-run2"": 0.18690423924103763}"
o3,String->UTF16,Mixed,7,7,7,7,simdutf,22,42.75416078965608,41.150925244751285,46.21186741502513,1.0,swift-array,1.4472150976320097,swift-transcode,0.36356274166496017,"{""o3-run1"": 42.45464096637471, ""o3-run2"": 42.99760264634918}","{""o3-run1"": 1.0, ""o3-run2"": 1.0}"
o3,String->UTF16,Mixed,7,7,7,7,swift-array,22,61.87446698137677,60.531981117393784,63.79450121906936,1.4472150976320097,swift-array,1.4472150976320097,swift-transcode,0.36356274166496017,"{""o3-run1"": 61.97588147588148, ""o3-run2"": 61.837505835970326}","{""o3-run1"": 1.4598140524841123, ""o3-run2"": 1.4381617120511903}"
o3,String->UTF16,Mixed,7,7,7,7,swift-span,22,24.94727633138873,24.185461685461686,30.096204006427563,0.5835052278098851,swift-array,1.4472150976320097,swift-transcode,0.36356274166496017,"{""o3-run1"": 24.594085344085343, ""o3-run2"": 25.079307105992623}","{""o3-run1"": 0.5793026341587616, ""o3-run2"": 0.5832722189715395}"
o3,String->UTF16,Mixed,7,7,7,7,swift-temporary,22,21.516776097184934,20.834204679126913,22.64736635733891,0.5032674177150658,swift-array,1.4472150976320097,swift-transcode,0.36356274166496017,"{""o3-run1"": 21.41891863154257, ""o3-run2"": 21.678428963534177}","{""o3-run1"": 0.5045130083306314, ""o3-run2"": 0.5041776198974861}"
o3,String->UTF16,Mixed,7,7,7,7,swift-transcode,22,15.543819914271904,15.067941174202405,22.14582458739762,0.36356274166496017,swift-array,1.4472150976320097,swift-transcode,0.36356274166496017,"{""o3-run1"": 15.452649397320911, ""o3-run2"": 15.665857924846689}","{""o3-run1"": 0.3639802161926149, ""o3-run2"": 0.3643425902996673}"
o3,String->UTF16,Mixed,16,23,16,16,simdutf,22,44.72019834519834,43.67173817173817,46.13967113967114,1.0,swift-array,2.0055692157865854,swift-span,1.0627534265318617,"{""o3-run1"": 44.82257607257607, ""o3-run2"": 44.592673092673095}","{""o3-run1"": 1.0, ""o3-run2"": 1.0}"
o3,String->UTF16,Mixed,16,23,16,16,swift-array,22,89.689453125,85.759765625,94.365875,2.0055692157865854,swift-array,2.0055692157865854,swift-span,1.0627534265318617,"{""o3-run1"": 90.005859375, ""o3-run2"": 89.505203125}","{""o3-run1"": 2.0080474453155883, ""o3-run2"": 2.007172858621619}"
o3,String->UTF16,Mixed,16,23,16,16,swift-span,22,47.52654402654403,45.488670488670486,48.96854196854197,1.0627534265318617,swift-array,2.0055692157865854,swift-span,1.0627534265318617,"{""o3-run1"": 47.46091896091896, ""o3-run2"": 47.59298646054884}","{""o3-run1"": 1.0588619200304534, ""o3-run2"": 1.067282653400043}"
o3,String->UTF16,Mixed,16,23,16,16,swift-temporary,22,49.961135260127584,48.0559734398506,51.43801843801844,1.1171939550552545,swift-array,2.0055692157865854,swift-span,1.0627534265318617,"{""o3-run1"": 50.021185869170516, ""o3-run2"": 49.90108465108465}","{""o3-run1"": 1.1159819504389246, ""o3-run2"": 1.1190422369921522}"
o3,String->UTF16,Mixed,16,23,16,16,swift-transcode,22,49.136924832702185,48.09081510599804,50.328284376483886,1.0987635710694041,swift-array,2.0055692157865854,swift-span,1.0627534265318617,"{""o3-run1"": 49.205793076918454, ""o3-run2"": 49.1155262748353}","{""o3-run1"": 1.0977903857476898, ""o3-run2"": 1.1014259264691926}"
o3,String->UTF16,Mixed,128,218,128,116,simdutf,22,131.76873538744155,125.8446957514136,239.1355812626446,1.0,swift-array,3.0897431029558398,swift-temporary,2.7831795586685812,"{""o3-run1"": 131.464522487939, ""o3-run2"": 132.02621910487642}","{""o3-run1"": 1.0, ""o3-run2"": 1.0}"
o3,String->UTF16,Mixed,128,218,128,116,swift-array,22,407.13154134856063,397.2503900156006,453.94565782631304,3.0897431029558398,swift-array,3.0897431029558398,swift-temporary,2.7831795586685812,"{""o3-run1"": 405.61622464898596, ""o3-run2"": 407.22980477471805}","{""o3-run1"": 3.0853664317397764, ""o3-run2"": 3.0844616132741844}"
o3,String->UTF16,Mixed,128,218,128,116,swift-span,22,378.57884801680916,366.6522289410772,1352.8434350536727,2.8730551818962837,swift-array,3.0897431029558398,swift-temporary,2.7831795586685812,"{""o3-run1"": 378.0625322270661, ""o3-run2"": 379.09516380655225}","{""o3-run1"": 2.875776103486405, ""o3-run2"": 2.871362721562253}"
o3,String->UTF16,Mixed,128,218,128,116,swift-temporary,22,366.73605080193664,358.53012927439534,779.7752293577981,2.7831795586685812,swift-array,3.0897431029558398,swift-temporary,2.7831795586685812,"{""o3-run1"": 366.4273352793995, ""o3-run2"": 367.0447663244738}","{""o3-run1"": 2.787271640628495, ""o3-run2"": 2.7800899610168184}"
o3,String->UTF16,Mixed,128,218,128,116,swift-transcode,22,402.95053125000004,395.29522336286504,743.0213753339896,3.058013193077999,swift-array,3.0897431029558398,swift-temporary,2.7831795586685812,"{""o3-run1"": 409.4809918904983, ""o3-run2"": 402.528625}","{""o3-run1"": 3.1147642279540886, ""o3-run2"": 3.048853687768239}"
o3,String->UTF16,Mixed,1024,1790,1023,923,simdutf,22,947.5374251497005,921.3758158708348,985.8868659109127,1.0,swift-array,3.0451976382498964,swift-array,3.0451976382498964,"{""o3-run1"": 940.8373983739838, ""o3-run2"": 949.0469461077844}","{""o3-run1"": 1.0, ""o3-run2"": 1.0}"
o3,String->UTF16,Mixed,1024,1790,1023,923,swift-array,22,2885.438729219256,2792.4897119341563,3389.832098765432,3.0451976382498964,swift-array,3.0451976382498964,swift-array,3.0451976382498964,"{""o3-run1"": 2886.660082304527, ""o3-run2"": 2884.2173761339845}","{""o3-run1"": 3.0681816935566553, ""o3-run2"": 3.0390671272508585}"
o3,String->UTF16,Mixed,1024,1790,1023,923,swift-span,22,2975.21261682243,2931.9080962800876,3126.5125808770667,3.1399420622909737,swift-array,3.0451976382498964,swift-array,3.0451976382498964,"{""o3-run1"": 2977.174694464414, ""o3-run2"": 2971.9945295404814}","{""o3-run1"": 3.1643881287135915, ""o3-run2"": 3.131556917947185}"
o3,String->UTF16,Mixed,1024,1790,1023,923,swift-temporary,22,2899.2001745200696,2782.2500885582713,3029.8884165781083,3.0597210174173624,swift-array,3.0451976382498964,swift-array,3.0451976382498964,"{""o3-run1"": 2905.6114063053487, ""o3-run2"": 2898.0802792321115}","{""o3-run1"": 3.08832473212376, ""o3-run2"": 3.053674310968146}"
o3,String->UTF16,Mixed,1024,1790,1023,923,swift-transcode,22,3306.8090822318663,3221.6260032102728,3403.617695473251,3.4898981237700735,swift-array,3.0451976382498964,swift-array,3.0451976382498964,"{""o3-run1"": 3285.0288924558586, ""o3-run2"": 3347.033744855967}","{""o3-run1"": 3.49160109720687, ""o3-run2"": 3.5267314842355972}"
o3,String->UTF16,Mixed,16384,28670,16383,14747,simdutf,22,14360.327731804104,14041.739583333334,14764.736933797909,1.0,swift-array,3.156612521285663,swift-array,3.156612521285663,"{""o3-run1"": 14359.881944444445, ""o3-run2"": 14360.773519163764}","{""o3-run1"": 1.0, ""o3-run2"": 1.0}"
o3,String->UTF16,Mixed,16384,28670,16383,14747,swift-array,22,45329.99032797858,43968.055555555555,47311.572222222225,3.156612521285663,swift-array,3.156612521285663,swift-array,3.156612521285663,"{""o3-run1"": 45248.83888888889, ""o3-run2"": 45433.23493975904}","{""o3-run1"": 3.151059254104437, ""o3-run2"": 3.163703882602881}"
o3,String->UTF16,Mixed,16384,28670,16383,14747,swift-span,22,47452.94540229885,46531.13218390805,84222.94252873563,3.3044472444179576,swift-array,3.156612521285663,swift-array,3.156612521285663,"{""o3-run1"": 47441.81034482759, ""o3-run2"": 47464.08045977011}","{""o3-run1"": 3.3037743992861923, ""o3-run2"": 3.305120047776784}"
o3,String->UTF16,Mixed,16384,28670,16383,14747,swift-temporary,22,45859.56008287293,44350.13812154696,74918.05555555556,3.193489796288343,swift-array,3.156612521285663,swift-array,3.156612521285663,"{""o3-run1"": 46136.572222222225, ""o3-run2"": 45676.7955801105}","{""o3-run1"": 3.2128796323476427, ""o3-run2"": 3.180664016402529}"
o3,String->UTF16,Mixed,16384,28670,16383,14747,swift-transcode,22,52436.97793872794,51120.12987012987,54405.717948717946,3.651516798087743,swift-array,3.156612521285663,swift-array,3.156612521285663,"{""o3-run1"": 52307.16025641026, ""o3-run2"": 52578.18831168831}","{""o3-run1"": 3.6425898526726304, ""o3-run2"": 3.6612365094070483}"
o3,String->UTF16,Mixed,262144,458750,262143,235931,simdutf,22,229320.45588235295,222801.4705882353,322106.6176470588,1.0,swift-array,3.2029993569526836,swift-temporary,3.170081784474346,"{""o3-run1"": 231627.4411764706, ""o3-run2"": 228229.17647058822}","{""o3-run1"": 1.0, ""o3-run2"": 1.0}"
o3,String->UTF16,Mixed,262144,458750,262143,235931,swift-array,22,734513.2727272727,709840.9090909091,1595579.5454545454,3.2029993569526836,swift-array,3.2029993569526836,swift-temporary,3.170081784474346,"{""o3-run1"": 739083.3636363636, ""o3-run2"": 729852.2727272727}","{""o3-run1"": 3.1908281673468744, ""o3-run2"": 3.197892066272817}"
o3,String->UTF16,Mixed,262144,458750,262143,235931,swift-span,22,759145.8,741129.2,962450.0,3.310414664400722,swift-array,3.2029993569526836,swift-temporary,3.170081784474346,"{""o3-run1"": 763129.1, ""o3-run2"": 756050.0}","{""o3-run1"": 3.2946402901312233, ""o3-run2"": 3.3126789996432895}"
o3,String->UTF16,Mixed,262144,458750,262143,235931,swift-temporary,22,726964.6,710675.0,1341320.9,3.170081784474346,swift-array,3.2029993569526836,swift-temporary,3.170081784474346,"{""o3-run1"": 734475.0, ""o3-run2"": 726812.5}","{""o3-run1"": 3.1709325815175053, ""o3-run2"": 3.184573117423766}"
o3,String->UTF16,Mixed,262144,458750,262143,235931,swift-transcode,22,846233.8333333333,806314.8888888889,1279777.7777777778,3.6901803202740537,swift-array,3.2029993569526836,swift-temporary,3.170081784474346,"{""o3-run1"": 854046.2222222222, ""o3-run2"": 845222.2222222222}","{""o3-run1"": 3.6871547597486423, ""o3-run2"": 3.703392507886237}"
o3,String->UTF16,Mixed,1048576,1835003,1048576,943720,simdutf,22,927114.625,888468.75,970265.625,1.0,swift-array,3.1642527481431975,swift-array,3.1642527481431975,"{""o3-run1"": 932437.5, ""o3-run2"": 924489.625}","{""o3-run1"": 1.0, ""o3-run2"": 1.0}"
o3,String->UTF16,Mixed,1048576,1835003,1048576,943720,swift-array,22,2933625.0,2857375.0,6916271.0,3.1642527481431975,swift-array,3.1642527481431975,swift-array,3.1642527481431975,"{""o3-run1"": 2931062.5, ""o3-run2"": 2936187.5}","{""o3-run1"": 3.1434412494135, ""o3-run2"": 3.1760091412599682}"
o3,String->UTF16,Mixed,1048576,1835003,1048576,943720,swift-span,22,3081312.75,2997375.0,4358062.5,3.323551011828769,swift-array,3.1642527481431975,swift-array,3.1642527481431975,"{""o3-run1"": 3085479.5, ""o3-run2"": 3077146.0}","{""o3-run1"": 3.309046987063476, ""o3-run2"": 3.3284808361153866}"
o3,String->UTF16,Mixed,1048576,1835003,1048576,943720,swift-temporary,22,2956708.25,2835187.5,3285750.0,3.189150694284431,swift-array,3.1642527481431975,swift-array,3.1642527481431975,"{""o3-run1"": 2959646.0, ""o3-run2"": 2949520.5}","{""o3-run1"": 3.1740958509283463, ""o3-run2"": 3.1904311527563114}"
o3,String->UTF16,Mixed,1048576,1835003,1048576,943720,swift-transcode,22,3401698.0,3260250.0,3656708.5,3.6691234376763284,swift-array,3.1642527481431975,swift-array,3.1642527481431975,"{""o3-run1"": 3429750.0, ""o3-run2"": 3360729.5}","{""o3-run1"": 3.678262618137945, ""o3-run2"": 3.6352268420535276}"
o3,String->UTF32,ASCII,0,0,0,0,simdutf,22,27.014229,25.84752934752935,74.80688905688906,1.0,swift-array,0.3310387396691186,swift-temporary,0.07848487920939738,"{""o3-run1"": 27.039541, ""o3-run2"": 26.54927654927655}","{""o3-run1"": 1.0, ""o3-run2"": 1.0}"
o3,String->UTF32,ASCII,0,0,0,0,swift-array,22,8.942756321292954,8.596125,11.7345,0.3310387396691186,swift-array,0.3310387396691186,swift-temporary,0.07848487920939738,"{""o3-run1"": 8.963792, ""o3-run2"": 8.798618208241527}","{""o3-run1"": 0.331506810711025, ""o3-run2"": 0.33140707965849575}"
o3,String->UTF32,ASCII,0,0,0,0,swift-span,22,4.5787295,4.411291,13.130667,0.16949325113072816,swift-array,0.3310387396691186,swift-temporary,0.07848487920939738,"{""o3-run1"": 4.646625, ""o3-run2"": 4.517834}","{""o3-run1"": 0.17184555758546347, ""o3-run2"": 0.17016787601028277}"
o3,String->UTF32,ASCII,0,0,0,0,swift-temporary,22,2.1202085,2.058791,4.959625,0.07848487920939738,swift-array,0.3310387396691186,swift-temporary,0.07848487920939738,"{""o3-run1"": 2.119709, ""o3-run2"": 2.163458}","{""o3-run1"": 0.07839293573807336, ""o3-run2"": 0.08148839747043701}"
o3,String->UTF32,ASCII,0,0,0,0,swift-transcode,22,5.2165205,5.008042,11.455042,0.19310269784120063,swift-array,0.3310387396691186,swift-temporary,0.07848487920939738,"{""o3-run1"": 5.23275, ""o3-run2"": 5.151083}","{""o3-run1"": 0.19352214595654565, ""o3-run2"": 0.19401971238046273}"
o3,String->UTF32,ASCII,7,7,7,7,simdutf,22,42.549011455163026,41.614794833220934,47.33706489599004,1.0,swift-array,1.7335600099039112,swift-transcode,0.4073446240032997,"{""o3-run1"": 42.70621243935993, ""o3-run2"": 42.114084141723296}","{""o3-run1"": 1.0, ""o3-run2"": 1.0}"
o3,String->UTF32,ASCII,7,7,7,7,swift-array,22,73.76126471961405,72.20046687762618,77.3559993774965,1.7335600099039112,swift-array,1.7335600099039112,swift-transcode,0.4073446240032997,"{""o3-run1"": 74.17777662499351, ""o3-run2"": 73.58725942833428}","{""o3-run1"": 1.7369317574186935, ""o3-run2"": 1.7473313483607222}"
o3,String->UTF32,ASCII,7,7,7,7,swift-span,22,24.371872901552646,23.590490003638767,60.65851446025799,0.5727952793271133,swift-array,1.7335600099039112,swift-transcode,0.4073446240032997,"{""o3-run1"": 24.419678045930475, ""o3-run2"": 24.341876195946206}","{""o3-run1"": 0.5718062232890553, ""o3-run2"": 0.5779984699187654}"
o3,String->UTF32,ASCII,7,7,7,7,swift-temporary,22,22.519470803348852,21.935827336437608,25.273070410610977,0.5292595534699849,swift-array,1.7335600099039112,swift-transcode,0.4073446240032997,"{""o3-run1"": 22.632557382557383, ""o3-run2"": 22.440345585814402}","{""o3-run1"": 0.5299593686678292, ""o3-run2"": 0.5328465771758832}"
o3,String->UTF32,ASCII,7,7,7,7,swift-transcode,22,17.332111072915474,16.915387841206385,31.14235302106277,0.4073446240032997,swift-array,1.7335600099039112,swift-transcode,0.4073446240032997,"{""o3-run1"": 17.288920294191293, ""o3-run2"": 17.385746550949726}","{""o3-run1"": 0.4048338475049841, ""o3-run2"": 0.41282499442330994}"
o3,String->UTF32,ASCII,16,16,16,16,simdutf,22,37.295404063670375,36.06247906889259,44.05740055143433,1.0,swift-array,3.8391239399401513,swift-transcode,0.9037814625724586,"{""o3-run1"": 37.258575035699764, ""o3-run2"": 37.8094156722957}","{""o3-run1"": 1.0, ""o3-run2"": 1.0}"
o3,String->UTF32,ASCII,16,16,16,16,swift-array,22,143.18167859057814,138.54382527366303,207.96864958068815,3.8391239399401513,swift-array,3.8391239399401513,swift-transcode,0.9037814625724586,"{""o3-run1"": 144.22825717793975, ""o3-run2"": 142.36390109461533}","{""o3-run1"": 3.871008406514357, ""o3-run2"": 3.765302863406334}"
o3,String->UTF32,ASCII,16,16,16,16,swift-span,22,41.514526764526764,39.943793443793446,51.856050106050105,1.113127148150843,swift-array,3.8391239399401513,swift-transcode,0.9037814625724586,"{""o3-run1"": 41.379228879228876, ""o3-run2"": 41.757449757449756}","{""o3-run1"": 1.1105961202107395, ""o3-run2"": 1.1044193361614663}"
o3,String->UTF32,ASCII,16,16,16,16,swift-temporary,22,50.5624731015326,48.768170268170266,109.78280852829798,1.355729328343321,swift-array,3.8391239399401513,swift-transcode,0.9037814625724586,"{""o3-run1"": 50.16248766248766, ""o3-run2"": 50.94153654614307}","{""o3-run1"": 1.3463340349013309, ""o3-run2"": 1.3473240895248677}"
o3,String->UTF32,ASCII,16,16,16,16,swift-transcode,22,33.70689483189483,32.68106743106743,58.11208761208761,0.9037814625724586,swift-array,3.8391239399401513,swift-transcode,0.9037814625724586,"{""o3-run1"": 33.743531993531995, ""o3-run2"": 33.67178542178542}","{""o3-run1"": 0.9056581461099952, ""o3-run2"": 0.8905661413449967}"
o3,String->UTF32,ASCII,128,128,128,128,simdutf,22,47.129147546236624,46.0180741987355,49.41971793645213,1.0,swift-array,12.512444549931365,swift-transcode,4.3097719683580555,"{""o3-run1"": 46.8464530964531, ""o3-run2"": 47.331905917340514}","{""o3-run1"": 1.0, ""o3-run2"": 1.0}"
o3,String->UTF32,ASCII,128,128,128,128,swift-array,22,589.7008453578196,565.85609375,618.03390625,12.512444549931365,swift-array,12.512444549931365,swift-transcode,4.3097719683580555,"{""o3-run1"": 585.8536656464072, ""o3-run2"": 590.185546875}","{""o3-run1"": 12.505827590408636, ""o3-run2"": 12.469084762943798}"
o3,String->UTF32,ASCII,128,128,128,128,swift-span,22,280.19033105814503,272.23480673066393,297.6792404787021,5.945160174672392,swift-array,12.512444549931365,swift-transcode,4.3097719683580555,"{""o3-run1"": 280.1066905135599, ""o3-run2"": 281.5482157797097}","{""o3-run1"": 5.979250764979851, ""o3-run2"": 5.948381125226604}"
o3,String->UTF32,ASCII,128,128,128,128,swift-temporary,22,292.66756654980145,281.95753058641543,307.82515351802374,6.209905796888781,swift-array,12.512444549931365,swift-transcode,4.3097719683580555,"{""o3-run1"": 292.8717479960624, ""o3-run2"": 292.4633851035404}","{""o3-run1"": 6.251737936126411, ""o3-run2"": 6.178990248444518}"
o3,String->UTF32,ASCII,128,128,128,128,swift-transcode,22,203.11587898738145,198.74969302714425,214.03519084567756,4.3097719683580555,swift-array,12.512444549931365,swift-transcode,4.3097719683580555,"{""o3-run1"": 201.79329623533715, ""o3-run2"": 204.76395746793114}","{""o3-run1"": 4.307546951737432, ""o3-run2"": 4.326129563122321}"
o3,String->UTF32,ASCII,1024,1024,1024,1024,simdutf,22,99.1360625,96.92253125,103.46028125,1.0,swift-array,39.40893609580232,swift-transcode,16.11929732487364,"{""o3-run1"": 98.84115625, ""o3-run2"": 99.21875}","{""o3-run1"": 1.0, ""o3-run2"": 1.0}"
o3,String->UTF32,ASCII,1024,1024,1024,1024,swift-array,22,3906.846751851964,3838.90503875969,4053.7789382071364,39.40893609580232,swift-array,39.40893609580232,swift-transcode,16.11929732487364,"{""o3-run1"": 3906.310562015504, ""o3-run2"": 3907.3829416884246}","{""o3-run1"": 39.521093340260315, ""o3-run2"": 39.38149736504869}"
o3,String->UTF32,ASCII,1024,1024,1024,1024,swift-span,22,2154.682161458333,2097.157291666667,2227.9513020833333,21.734594930662425,swift-array,39.40893609580232,swift-transcode,16.11929732487364,"{""o3-run1"": 2152.582552083333, ""o3-run2"": 2173.3743912918935}","{""o3-run1"": 21.778200840131646, ""o3-run2"": 21.904875754752943}"
o3,String->UTF32,ASCII,1024,1024,1024,1024,swift-temporary,22,2216.8517465475225,2160.709169054441,2485.151909017059,22.361708652161997,swift-array,39.40893609580232,swift-transcode,16.11929732487364,"{""o3-run1"": 2216.1183319794204, ""o3-run2"": 2219.9736389684813}","{""o3-run1"": 22.42100776698897, ""o3-run2"": 22.37453746361934}"
o3,String->UTF32,ASCII,1024,1024,1024,1024,swift-transcode,22,1598.0036670547556,1549.0555127216653,1650.2505782575174,16.11929732487364,swift-array,39.40893609580232,swift-transcode,16.11929732487364,"{""o3-run1"": 1598.9543176561294, ""o3-run2"": 1597.053016453382}","{""o3-run1"": 16.177009439386534, ""o3-run2"": 16.096282370553773}"
o3,String->UTF32,ASCII,16384,16384,16384,16384,simdutf,22,905.2221614526361,867.0285495515204,938.110807263181,1.0,swift-array,71.85469989023399,swift-transcode,28.000314007846125,"{""o3-run1"": 912.4051629840297, ""o3-run2"": 902.9980310654124}","{""o3-run1"": 1.0, ""o3-run2"": 1.0}"
o3,String->UTF32,ASCII,16384,16384,16384,16384,swift-array,22,65044.4667451681,61045.64893617021,120374.04580152672,71.85469989023399,swift-array,71.85469989023399,swift-transcode,28.000314007846125,"{""o3-run1"": 66441.15267175573, ""o3-run2"": 62916.67021276596}","{""o3-run1"": 72.81979033794516, ""o3-run2"": 69.67531273410754}"
o3,String->UTF32,ASCII,16384,16384,16384,16384,swift-span,22,34715.28953288342,33865.903930131004,71045.67248908296,38.350021697629224,swift-array,71.85469989023399,swift-transcode,28.000314007846125,"{""o3-run1"": 34995.670995671, ""o3-run2"": 34585.152838427945}","{""o3-run1"": 38.355406584085216, ""o3-run2"": 38.30036350978779}"
o3,String->UTF32,ASCII,16384,16384,16384,16384,swift-temporary,22,35663.62359550562,35036.51685393258,43622.66292134832,39.3976474662034,swift-array,71.85469989023399,swift-transcode,28.000314007846125,"{""o3-run1"": 35732.6797752809, ""o3-run2"": 35530.71120689655}","{""o3-run1"": 39.16317139023724, ""o3-run2"": 39.3474957691494}"
o3,String->UTF32,ASCII,16384,16384,16384,16384,swift-transcode,22,25346.504767534992,24263.270700636942,26601.54491017964,28.000314007846125,swift-array,71.85469989023399,swift-transcode,28.000314007846125,"{""o3-run1"": 25297.904191616766, ""o3-run2"": 25888.66878980892}","{""o3-run1"": 27.72661227483603, ""o3-run2"": 28.66968464954888}"
o3,String->UTF32,ASCII,262144,262144,262144,262144,simdutf,22,18137.59222222222,17648.88888888889,24484.640176600442,1.0,swift-array,56.610666670628156,swift-transcode,21.89565159114284,"{""o3-run1"": 18101.573333333334, ""o3-run2"": 18442.512141280353}","{""o3-run1"": 1.0, ""o3-run2"": 1.0}"
o3,String->UTF32,ASCII,262144,262144,262144,262144,swift-array,22,1026781.1875,970952.4285714285,2253398.714285714,56.610666670628156,swift-array,56.610666670628156,swift-transcode,21.89565159114284,"{""o3-run1"": 1026557.25, ""o3-run2"": 1028250.0}","{""o3-run1"": 56.71094059595556, ""o3-run2"": 55.75433499097129}"
o3,String->UTF32,ASCII,262144,262144,262144,262144,swift-span,22,546745.5357142857,538753.0,662705.3571428572,30.144328365945494,swift-array,56.610666670628156,swift-transcode,21.89565159114284,"{""o3-run1"": 545937.5, ""o3-run2"": 548014.8571428572}","{""o3-run1"": 30.159671203534426, ""o3-run2"": 29.714761901456}"
o3,String->UTF32,ASCII,262144,262144,262144,262144,swift-temporary,22,561197.9285714286,547235.1428571428,573113.1428571428,30.941148179737308,swift-array,56.610666670628156,swift-transcode,21.89565159114284,"{""o3-run1"": 560398.7857142857, ""o3-run2"": 561991.0714285715}","{""o3-run1"": 30.958567821413258, ""o3-run2"": 30.472587851556963}"
o3,String->UTF32,ASCII,262144,262144,262144,262144,swift-transcode,22,397134.4,387987.5,850983.35,21.89565159114284,swift-array,56.610666670628156,swift-transcode,21.89565159114284,"{""o3-run1"": 396997.95, ""o3-run2"": 397270.85}","{""o3-run1"": 21.931681997439632, ""o3-run2"": 21.541037736978268}"
o3,String->UTF32,ASCII,1048576,1048576,1048576,1048576,simdutf,22,73262.7478440367,70851.25,94200.6880733945,1.0,swift-array,57.11150104425919,swift-transcode,21.61830871224845,"{""o3-run1"": 72966.25, ""o3-run2"": 74681.95412844037}","{""o3-run1"": 1.0, ""o3-run2"": 1.0}"
o3,String->UTF32,ASCII,1048576,1048576,1048576,1048576,swift-array,22,4184145.5,4014042.0,4344083.0,57.11150104425919,swift-array,57.11150104425919,swift-transcode,21.61830871224845,"{""o3-run1"": 4195542.0, ""o3-run2"": 4149166.0}","{""o3-run1"": 57.49976187620989, ""o3-run2"": 55.557812438385504}"
o3,String->UTF32,ASCII,1048576,1048576,1048576,1048576,swift-span,22,2188145.6666666665,2157264.0,2243500.0,29.8670979598641,swift-array,57.11150104425919,swift-transcode,21.61830871224845,"{""o3-run1"": 2186638.6666666665, ""o3-run2"": 2194861.0}","{""o3-run1"": 29.967809318235027, ""o3-run2"": 29.389442544918}"
o3,String->UTF32,ASCII,1048576,1048576,1048576,1048576,swift-temporary,22,2233909.666666667,2207736.0,2521666.6666666665,30.49175375488593,swift-array,57.11150104425919,swift-transcode,21.61830871224845,"{""o3-run1"": 2233583.3333333335, ""o3-run2"": 2234708.3333333335}","{""o3-run1"": 30.611184394611666, ""o3-run2"": 29.923002945129316}"
o3,String->UTF32,ASCII,1048576,1048576,1048576,1048576,swift-transcode,22,1583816.7,1559200.0,1643333.2,21.61830871224845,swift-array,57.11150104425919,swift-transcode,21.61830871224845,"{""o3-run1"": 1582925.0, ""o3-run2"": 1584541.6}","{""o3-run1"": 21.693933839275008, ""o3-run2"": 21.21719521793519}"
o3,String->UTF32,CJK,0,0,0,0,simdutf,22,26.768789768789766,26.097776097776098,35.163041,1.0,swift-array,0.33258442104645286,swift-temporary,0.07903093558852535,"{""o3-run1"": 26.632791, ""o3-run2"": 26.852023352023352}","{""o3-run1"": 1.0, ""o3-run2"": 1.0}"
o3,String->UTF32,CJK,0,0,0,0,swift-array,22,8.902882447367155,8.599712128589697,12.932667,0.33258442104645286,swift-array,0.33258442104645286,swift-temporary,0.07903093558852535,"{""o3-run1"": 8.902708, ""o3-run2"": 8.903056894734307}","{""o3-run1"": 0.3342761935840671, ""o3-run2"": 0.33156000119683515}"
o3,String->UTF32,CJK,0,0,0,0,swift-span,22,4.546875,4.416667,8.899542,0.16985732411785334,swift-array,0.33258442104645286,swift-temporary,0.07903093558852535,"{""o3-run1"": 4.564167, ""o3-run2"": 4.521625}","{""o3-run1"": 0.17137396527461204, ""o3-run2"": 0.16839047623051046}"
o3,String->UTF32,CJK,0,0,0,0,swift-temporary,22,2.1155625000000002,2.019416,3.96475,0.07903093558852535,swift-array,0.33258442104645286,swift-temporary,0.07903093558852535,"{""o3-run1"": 2.131208, ""o3-run2"": 2.108166}","{""o3-run1"": 0.08002195489012022, ""o3-run2"": 0.07851050821617678}"
o3,String->UTF32,CJK,0,0,0,0,swift-transcode,22,5.164979499999999,4.985083,11.753167,0.19294781514635173,swift-array,0.33258442104645286,swift-temporary,0.07903093558852535,"{""o3-run1"": 5.135666, ""o3-run2"": 5.195167}","{""o3-run1"": 0.19283243727628843, ""o3-run2"": 0.19347394912825197}"
o3,String->UTF32,CJK,7,21,7,7,simdutf,22,43.96726096726097,41.95541695541696,45.91392091392091,1.0,swift-array,1.7961724086746786,swift-span,0.7121763914669713,"{""o3-run1"": 43.47048447048447, ""o3-run2"": 44.52091602091602}","{""o3-run1"": 1.0, ""o3-run2"": 1.0}"
o3,String->UTF32,CJK,7,21,7,7,swift-array,22,78.97278103439332,77.08149608341547,81.80300876692431,1.7961724086746786,swift-array,1.7961724086746786,swift-span,0.7121763914669713,"{""o3-run1"": 78.55388286559112, ""o3-run2"": 79.20621465995747}","{""o3-run1"": 1.8070625120115127, ""o3-run2"": 1.7790787283609848}"
o3,String->UTF32,CJK,7,21,7,7,swift-span,22,31.312445258350536,30.313744027690422,31.997041180613458,0.7121763914669713,swift-array,1.7961724086746786,swift-span,0.7121763914669713,"{""o3-run1"": 31.016618940278857, ""o3-run2"": 31.439479798265996}","{""o3-run1"": 0.7135098519856267, ""o3-run2"": 0.7061732463791999}"
o3,String->UTF32,CJK,7,21,7,7,swift-temporary,22,39.13161827410771,37.9706652313263,40.4040081831315,0.8900171949134155,swift-array,1.7961724086746786,swift-span,0.7121763914669713,"{""o3-run1"": 39.01352971399212, ""o3-run2"": 39.36697563482291}","{""o3-run1"": 0.897471702678664, ""o3-run2"": 0.8842355268774843}"
o3,String->UTF32,CJK,7,21,7,7,swift-transcode,22,35.65037852537853,34.11300636300636,36.971393388715015,0.8108391958262903,swift-array,1.7961724086746786,swift-span,0.7121763914669713,"{""o3-run1"": 35.236286986286984, ""o3-run2"": 35.86612777588611}","{""o3-run1"": 0.8105795786612792, ""o3-run2"": 0.805601748154421}"
o3,String->UTF32,CJK,16,48,16,16,simdutf,22,53.88330430203354,52.39248967025845,56.071809571809574,1.0,swift-array,3.272137399151036,swift-temporary,1.304340203288128,"{""o3-run1"": 53.8367495746577, ""o3-run2"": 53.95605745605746}","{""o3-run1"": 1.0, ""o3-run2"": 1.0}"
o3,String->UTF32,CJK,16,48,16,16,swift-array,22,176.31357519651985,158.09830076820307,201.5331374639245,3.272137399151036,swift-array,3.272137399151036,swift-temporary,1.304340203288128,"{""o3-run1"": 192.80679129507814, ""o3-run2"": 162.59256012024048}","{""o3-run1"": 3.5813230333994217, ""o3-run2"": 3.013425513023409}"
o3,String->UTF32,CJK,16,48,16,16,swift-span,22,87.31874676763739,85.52409375,91.3982233982234,1.6205158146610177,swift-array,3.272137399151036,swift-temporary,1.304340203288128,"{""o3-run1"": 86.66471875, ""o3-run2"": 88.11389361389361}","{""o3-run1"": 1.609768781263779, ""o3-run2"": 1.6330676807818056}"
o3,String->UTF32,CJK,16,48,16,16,swift-temporary,22,70.28216008715049,67.73839709916662,71.92682471338901,1.304340203288128,swift-array,3.272137399151036,swift-temporary,1.304340203288128,"{""o3-run1"": 69.93291390098051, ""o3-run2"": 70.30097006795663}","{""o3-run1"": 1.298980983315153, ""o3-run2"": 1.3029300764832694}"
o3,String->UTF32,CJK,16,48,16,16,swift-transcode,22,75.71154746447715,73.064453125,78.12240625,1.4051021637442496,swift-array,3.272137399151036,swift-temporary,1.304340203288128,"{""o3-run1"": 75.8039543039543, ""o3-run2"": 75.619140625}","{""o3-run1"": 1.408033636927388, ""o3-run2"": 1.401494923653109}"
o3,String->UTF32,CJK,128,362,128,128,simdutf,22,152.2565030883921,147.86407009698135,156.01342267869072,1.0,swift-array,8.170732016321425,swift-temporary,3.0988259724846583,"{""o3-run1"": 151.63955695379735, ""o3-run2"": 152.94305277221108}","{""o3-run1"": 1.0, ""o3-run2"": 1.0}"
o3,String->UTF32,CJK,128,362,128,128,swift-array,22,1244.0470844774673,1209.2823453400097,1275.3862057825877,8.170732016321425,swift-array,8.170732016321425,swift-temporary,3.0988259724846583,"{""o3-run1"": 1236.4252947827492, ""o3-run2"": 1245.4840898077855}","{""o3-run1"": 8.153712129081677, ""o3-run2"": 8.14344991310441}"
o3,String->UTF32,CJK,128,362,128,128,swift-span,22,626.6399532904472,616.630859375,1231.6178125,4.115685967952732,swift-array,8.170732016321425,swift-temporary,3.0988259724846583,"{""o3-run1"": 622.477265625, ""o3-run2"": 630.4784892446223}","{""o3-run1"": 4.104979453446048, ""o3-run2"": 4.1223087797497975}"
o3,String->UTF32,CJK,128,362,128,128,swift-temporary,22,471.81640625,457.1501688899067,737.1519436651972,3.0988259724846583,swift-array,8.170732016321425,swift-temporary,3.0988259724846583,"{""o3-run1"": 471.75, ""o3-run2"": 472.32163508329995}","{""o3-run1"": 3.110995636473247, ""o3-run2"": 3.0882189581161428}"
o3,String->UTF32,CJK,128,362,128,128,swift-transcode,22,621.357421875,605.983125,644.62890625,4.080991020227705,swift-array,8.170732016321425,swift-temporary,3.0988259724846583,"{""o3-run1"": 620.78125, ""o3-run2"": 623.701171875}","{""o3-run1"": 4.093794933660642, ""o3-run2"": 4.0779960944281815}"
o3,String->UTF32,CJK,1024,2888,1024,1024,simdutf,22,804.278568817936,770.8643077980075,828.1804649032406,1.0,swift-array,11.674644684896132,swift-temporary,4.27298761334559,"{""o3-run1"": 802.4638726668957, ""o3-run2"": 811.768822243049}","{""o3-run1"": 1.0, ""o3-run2"": 1.0}"
o3,String->UTF32,CJK,1024,2888,1024,1024,swift-array,22,9389.666518626185,9151.765046296296,9679.7,11.674644684896132,swift-array,11.674644684896132,swift-temporary,4.27298761334559,"{""o3-run1"": 9363.039351851852, ""o3-run2"": 9463.177906976744}","{""o3-run1"": 11.667864025747198, ""o3-run2"": 11.657478887681897}"
o3,String->UTF32,CJK,1024,2888,1024,1024,swift-span,22,4731.625524266028,4628.769322947873,4863.615937687237,5.883068016123059,swift-array,11.674644684896132,swift-temporary,4.27298761334559,"{""o3-run1"": 4717.370281605752, ""o3-run2"": 4752.889398280802}","{""o3-run1"": 5.878607676041687, ""o3-run2"": 5.854978989150873}"
o3,String->UTF32,CJK,1024,2888,1024,1024,swift-temporary,22,3436.6723622383597,3330.877402819308,3561.1113924050633,4.27298761334559,swift-array,11.674644684896132,swift-temporary,4.27298761334559,"{""o3-run1"": 3420.297736010252, ""o3-run2"": 3465.1194092827004}","{""o3-run1"": 4.262245133408048, ""o3-run2"": 4.268603713687861}"
o3,String->UTF32,CJK,1024,2888,1024,1024,swift-transcode,22,4654.900925032044,4521.886428165815,4801.580352072686,5.787672462631254,swift-array,11.674644684896132,swift-temporary,4.27298761334559,"{""o3-run1"": 4661.602138435565, ""o3-run2"": 4648.400340715502}","{""o3-run1"": 5.809111534134579, ""o3-run2"": 5.726261237615923}"
o3,String->UTF32,CJK,16384,46176,16384,16384,simdutf,22,11975.57930513595,11621.557971014492,12438.285507246377,1.0,swift-array,12.600091374433974,swift-temporary,4.574309111546537,"{""o3-run1"": 11873.671014492753, ""o3-run2"": 11990.37009063444}","{""o3-run1"": 1.0, ""o3-run2"": 1.0}"
o3,String->UTF32,CJK,16384,46176,16384,16384,swift-array,22,150893.3935064935,145959.0909090909,262666.67272727273,12.600091374433974,swift-array,12.600091374433974,swift-temporary,4.574309111546537,"{""o3-run1"": 150374.25454545455, ""o3-run2"": 151475.0}","{""o3-run1"": 12.664512463071521, ""o3-run2"": 12.633054597565394}"
o3,String->UTF32,CJK,16384,46176,16384,16384,swift-span,22,75957.95982142858,73067.50925925926,143420.38392857142,6.342737823868996,swift-array,12.600091374433974,swift-temporary,4.574309111546537,"{""o3-run1"": 74672.8425925926, ""o3-run2"": 76301.71428571429}","{""o3-run1"": 6.288943200586281, ""o3-run2"": 6.363582917704334}"
o3,String->UTF32,CJK,16384,46176,16384,16384,swift-temporary,22,54780.001531531525,53066.386666666665,57506.18918918919,4.574309111546537,swift-array,12.600091374433974,swift-temporary,4.574309111546537,"{""o3-run1"": 54604.44, ""o3-run2"": 54984.23648648649}","{""o3-run1"": 4.5987833024303075, ""o3-run2"": 4.5856996965785175}"
o3,String->UTF32,CJK,16384,46176,16384,16384,swift-transcode,22,74290.45201465202,71219.84761904762,77776.84615384616,6.203495473725532,swift-array,12.600091374433974,swift-temporary,4.574309111546537,"{""o3-run1"": 73820.23809523809, ""o3-run2"": 75146.23076923077}","{""o3-run1"": 6.217136890952652, ""o3-run2"": 6.267215290370958}"
o3,String->UTF32,CJK,262144,738772,262144,262144,simdutf,22,189548.26829268294,182839.43902439025,199723.83720930232,1.0,swift-array,12.712130556701839,swift-temporary,4.620256460263941,"{""o3-run1"": 192423.46511627908, ""o3-run2"": 184209.36585365853}","{""o3-run1"": 1.0, ""o3-run2"": 1.0}"
o3,String->UTF32,CJK,262144,738772,262144,262144,swift-array,22,2409562.333333333,2334444.3333333335,2546152.6666666665,12.712130556701839,swift-array,12.712130556701839,swift-temporary,4.620256460263941,"{""o3-run1"": 2461694.3333333335, ""o3-run2"": 2380694.6666666665}","{""o3-run1"": 12.79310884379804, ""o3-run2"": 12.923852463386483}"
o3,String->UTF32,CJK,262144,738772,262144,262144,swift-span,22,1217347.1666666667,1162666.6666666667,1278201.3333333333,6.422359737874005,swift-array,12.712130556701839,swift-temporary,4.620256460263941,"{""o3-run1"": 1244972.1666666667, ""o3-run2"": 1208514.0}","{""o3-run1"": 6.469960230236711, ""o3-run2"": 6.5605459005818405}"
o3,String->UTF32,CJK,262144,738772,262144,262144,swift-temporary,22,875761.6111111111,843703.7777777778,914027.7777777778,4.620256460263941,swift-array,12.712130556701839,swift-temporary,4.620256460263941,"{""o3-run1"": 884486.1111111111, ""o3-run2"": 863597.2222222222}","{""o3-run1"": 4.5965605628015656, ""o3-run2"": 4.688128739926774}"
o3,String->UTF32,CJK,262144,738772,262144,262144,swift-transcode,22,1200493.0,1145201.5,1268236.0,6.333442192921064,swift-array,12.712130556701839,swift-temporary,4.620256460263941,"{""o3-run1"": 1225083.3333333333, ""o3-run2"": 1183118.0}","{""o3-run1"": 6.366600521371085, ""o3-run2"": 6.422681032081206}"
o3,String->UTF32,CJK,1048576,2955080,1048576,1048576,simdutf,22,760278.740909091,735905.2727272727,1579375.0,1.0,swift-array,12.767576518571481,swift-temporary,4.648350085094089,"{""o3-run1"": 763708.2727272727, ""o3-run2"": 758070.9}","{""o3-run1"": 1.0, ""o3-run2"": 1.0}"
o3,String->UTF32,CJK,1048576,2955080,1048576,1048576,swift-array,22,9706917.0,9578583.0,9957083.0,12.767576518571481,swift-array,12.767576518571481,swift-temporary,4.648350085094089,"{""o3-run1"": 9681083.0, ""o3-run2"": 9802958.0}","{""o3-run1"": 12.676414994730854, ""o3-run2"": 12.931452717681156}"
o3,String->UTF32,CJK,1048576,2955080,1048576,1048576,swift-span,22,4875625.0,4675042.0,4973041.0,6.41294401336285,swift-array,12.767576518571481,swift-temporary,4.648350085094089,"{""o3-run1"": 4886084.0, ""o3-run2"": 4851084.0}","{""o3-run1"": 6.397840869984743, ""o3-run2"": 6.399248408031491}"
o3,String->UTF32,CJK,1048576,2955080,1048576,1048576,swift-temporary,22,3534041.75,3450250.0,3653979.0,4.648350085094089,swift-array,12.767576518571481,swift-temporary,4.648350085094089,"{""o3-run1"": 3539687.5, ""o3-run2"": 3523146.0}","{""o3-run1"": 4.634868609396425, ""o3-run2"": 4.647515159861697}"
o3,String->UTF32,CJK,1048576,2955080,1048576,1048576,swift-transcode,22,4828354.0,4670250.0,4976000.0,6.350768133048906,swift-array,12.767576518571481,swift-temporary,4.648350085094089,"{""o3-run1"": 4861875.0, ""o3-run2"": 4774833.0}","{""o3-run1"": 6.366141593095222, ""o3-run2"": 6.2986628295585545}"
o3,String->UTF32,Emoji,0,0,0,0,simdutf,22,26.74288022609159,25.869837351050094,27.755731781517575,1.0,swift-array,0.33198247496565136,swift-temporary,0.07962089281327911,"{""o3-run1"": 26.760918852589967, ""o3-run2"": 26.724841599593212}","{""o3-run1"": 1.0, ""o3-run2"": 1.0}"
o3,String->UTF32,Emoji,0,0,0,0,swift-array,22,8.878167565167864,8.75883323816303,9.02227432066842,0.33198247496565136,swift-array,0.33198247496565136,swift-temporary,0.07962089281327911,"{""o3-run1"": 8.9213308495933, ""o3-run2"": 8.801341138855841}","{""o3-run1"": 0.3333716192159029, ""o3-run2"": 0.329331835552949}"
o3,String->UTF32,Emoji,0,0,0,0,swift-span,22,4.5167085,4.416375,4.723375,0.16889386864146708,swift-array,0.33198247496565136,swift-temporary,0.07962089281327911,"{""o3-run1"": 4.519958, ""o3-run2"": 4.513459}","{""o3-run1"": 0.1689014500921201, ""o3-run2"": 0.1688862769562197}"
o3,String->UTF32,Emoji,0,0,0,0,swift-temporary,22,2.129292,2.063542,2.179541,0.07962089281327911,swift-array,0.33198247496565136,swift-temporary,0.07962089281327911,"{""o3-run1"": 2.112667, ""o3-run2"": 2.132667}","{""o3-run1"": 0.07894598132588158, ""o3-run2"": 0.07980092200181504}"
o3,String->UTF32,Emoji,0,0,0,0,swift-transcode,22,5.1423125,5.013917,5.288208,0.19228716041523913,swift-array,0.33198247496565136,swift-temporary,0.07962089281327911,"{""o3-run1"": 5.142125, ""o3-run2"": 5.1425}","{""o3-run1"": 0.1921505396853119, ""o3-run2"": 0.19242396557659208}"
o3,String->UTF32,Emoji,7,12,6,3,simdutf,22,44.64387612180319,42.83127042589614,47.233324687451365,1.0,swift-array,1.3799237741110852,swift-span,0.4442464210305501,"{""o3-run1"": 43.88952637858588, ""o3-run2"": 45.374892358769515}","{""o3-run1"": 1.0, ""o3-run2"": 1.0}"
o3,String->UTF32,Emoji,7,12,6,3,swift-array,22,61.605146028946415,58.99172070342895,64.69367640192976,1.3799237741110852,swift-array,1.3799237741110852,swift-span,0.4442464210305501,"{""o3-run1"": 61.09353115111273, ""o3-run2"": 62.83265030865799}","{""o3-run1"": 1.3919842885550218, ""o3-run2"": 1.3847448895713899}"
o3,String->UTF32,Emoji,7,12,6,3,swift-span,22,19.8328821880423,19.20201773895995,20.870208589806342,0.4442464210305501,swift-array,1.3799237741110852,swift-span,0.4442464210305501,"{""o3-run1"": 19.67092283478531, ""o3-run2"": 19.896641995817326}","{""o3-run1"": 0.44819173178371186, ""o3-run2"": 0.4384945277335064}"
o3,String->UTF32,Emoji,7,12,6,3,swift-temporary,22,20.735312632452782,20.20241919910114,22.29585154755008,0.4644604015986431,swift-array,1.3799237741110852,swift-span,0.4442464210305501,"{""o3-run1"": 20.704537189605922, ""o3-run2"": 20.769322892676186}","{""o3-run1"": 0.4717420965314373, ""o3-run2"": 0.4577272102037756}"
o3,String->UTF32,Emoji,7,12,6,3,swift-transcode,22,20.838911463911465,20.109053109053107,22.06128495296592,0.4667809624562181,swift-array,1.3799237741110852,swift-span,0.4442464210305501,"{""o3-run1"": 20.61020811020811, ""o3-run2"": 21.081675419693667}","{""o3-run1"": 0.4695928575858141, ""o3-run2"": 0.46461102878229205}"
o3,String->UTF32,Emoji,16,34,16,9,simdutf,22,47.604009960056025,46.00171188462935,49.11941692172019,1.0,swift-array,2.009381669322872,swift-span,0.8333813050156827,"{""o3-run1"": 47.58347253203299, ""o3-run2"": 47.62454738807906}","{""o3-run1"": 1.0, ""o3-run2"": 1.0}"
o3,String->UTF32,Emoji,16,34,16,9,swift-array,22,95.65462500000001,92.34765625,97.435546875,2.009381669322872,swift-array,2.009381669322872,swift-span,0.8333813050156827,"{""o3-run1"": 95.970046875, ""o3-run2"": 95.359375}","{""o3-run1"": 2.0168777470032975, ""o3-run2"": 2.002315617258118}"
o3,String->UTF32,Emoji,16,34,16,9,swift-span,22,39.67229194449105,38.62188922133105,42.33757533757534,0.8333813050156827,swift-array,2.009381669322872,swift-span,0.8333813050156827,"{""o3-run1"": 39.5896713851105, ""o3-run2"": 39.922788172788174}","{""o3-run1"": 0.83200467049686, ""o3-run2"": 0.838281734154208}"
o3,String->UTF32,Emoji,16,34,16,9,swift-temporary,22,49.312439694973285,47.42611402189137,97.85539243658246,1.0358883576478282,swift-array,2.009381669322872,swift-span,0.8333813050156827,"{""o3-run1"": 49.059334958759145, ""o3-run2"": 49.952015355086374}","{""o3-run1"": 1.0310162825071796, ""o3-run2"": 1.0488711829225679}"
o3,String->UTF32,Emoji,16,34,16,9,swift-transcode,22,50.47401047880894,48.0062561601909,51.691134512631635,1.0602890496233637,swift-array,2.009381669322872,swift-span,0.8333813050156827,"{""o3-run1"": 50.199719873424286, ""o3-run2"": 50.84772526845464}","{""o3-run1"": 1.0549822701491582, ""o3-run2"": 1.0676789189010198}"
o3,String->UTF32,Emoji,128,272,128,77,simdutf,22,145.05231323144585,139.38685941603183,151.72078209094929,1.0,swift-array,5.083227852212861,swift-temporary,2.1043009286438474,"{""o3-run1"": 143.8249832999332, ""o3-run2"": 146.22820519487271}","{""o3-run1"": 1.0, ""o3-run2"": 1.0}"
o3,String->UTF32,Emoji,128,272,128,77,swift-array,22,737.3339586459897,717.0018751171948,754.8284267766735,5.083227852212861,swift-array,5.083227852212861,swift-temporary,2.1043009286438474,"{""o3-run1"": 735.6073870268467, ""o3-run2"": 747.5467841740109}","{""o3-run1"": 5.114600886083943, ""o3-run2"": 5.1121928439030215}"
o3,String->UTF32,Emoji,128,272,128,77,swift-span,22,364.6717058079032,354.9977499648432,378.67580743449116,2.5140702528889154,swift-array,5.083227852212861,swift-temporary,2.1043009286438474,"{""o3-run1"": 362.4236628697323, ""o3-run2"": 368.45108517320585}","{""o3-run1"": 2.519893655151223, ""o3-run2"": 2.51969915572844}"
o3,String->UTF32,Emoji,128,272,128,77,swift-temporary,22,305.23371743486973,295.8312458249833,318.50855878423516,2.1043009286438474,swift-array,5.083227852212861,swift-temporary,2.1043009286438474,"{""o3-run1"": 304.07339679358716, ""o3-run2"": 308.3336673346693}","{""o3-run1"": 2.1141903848476122, ""o3-run2"": 2.1085786215030464}"
o3,String->UTF32,Emoji,128,272,128,77,swift-transcode,22,378.95109204368174,369.448777951118,397.0042656916514,2.6125132622947307,swift-array,5.083227852212861,swift-temporary,2.1043009286438474,"{""o3-run1"": 376.2979199167967, ""o3-run2"": 389.3596306192284}","{""o3-run1"": 2.6163599069020123, ""o3-run2"": 2.662684877382881}"
o3,String->UTF32,Emoji,1024,2180,1024,622,simdutf,22,837.3275646371976,795.954128440367,875.3996038365304,1.0,swift-array,6.700351097479479,swift-temporary,2.5768750495815027,"{""o3-run1"": 834.1152001668057, ""o3-run2"": 838.7110091743119}","{""o3-run1"": 1.0, ""o3-run2"": 1.0}"
o3,String->UTF32,Emoji,1024,2180,1024,622,swift-array,22,5610.388666666667,5478.736588720771,5846.5,6.700351097479479,swift-array,6.700351097479479,swift-temporary,2.5768750495815027,"{""o3-run1"": 5547.111416781293, ""o3-run2"": 5708.333333333333}","{""o3-run1"": 6.650294126844813, ""o3-run2"": 6.806078936477812}"
o3,String->UTF32,Emoji,1024,2180,1024,622,swift-span,22,2688.347204574333,2626.36724647194,5079.786213468869,3.2106278571387485,swift-array,6.700351097479479,swift-temporary,2.5768750495815027,"{""o3-run1"": 2664.5198555956677, ""o3-run2"": 2711.351334180432}","{""o3-run1"": 3.194426687180403, ""o3-run2"": 3.2327599191164587}"
o3,String->UTF32,Emoji,1024,2180,1024,622,swift-temporary,22,2157.6885096404376,2099.21875,2218.9400729546637,2.5768750495815027,swift-array,6.700351097479479,swift-temporary,2.5768750495815027,"{""o3-run1"": 2127.9080729166667, ""o3-run2"": 2160.1529442417927}","{""o3-run1"": 2.5510961465408246, ""o3-run2"": 2.575562882342995}"
o3,String->UTF32,Emoji,1024,2180,1024,622,swift-transcode,22,2874.949660125142,2793.672052251633,2996.574415308292,3.4334826435229298,swift-array,6.700351097479479,swift-temporary,2.5768750495815027,"{""o3-run1"": 2825.4125128910277, ""o3-run2"": 2899.4358610914246}","{""o3-run1"": 3.387316898584277, ""o3-run2"": 3.457014191271723}"
o3,String->UTF32,Emoji,16384,34904,16384,9972,simdutf,22,12924.73889739663,12471.018264840182,13219.939117199392,1.0,swift-array,7.0008654145842195,swift-temporary,2.697421193114759,"{""o3-run1"": 12921.197549770292, ""o3-run2"": 12989.598173515982}","{""o3-run1"": 1.0, ""o3-run2"": 1.0}"
o3,String->UTF32,Emoji,16384,34904,16384,9972,swift-array,22,90484.35753931545,87132.69565217392,93610.95652173914,7.0008654145842195,swift-array,7.0008654145842195,swift-temporary,2.697421193114759,"{""o3-run1"": 90202.12765957447, ""o3-run2"": 91688.41304347826}","{""o3-run1"": 6.980941767365676, ""o3-run2"": 7.058602723402054}"
o3,String->UTF32,Emoji,16384,34904,16384,9972,swift-span,22,42877.0412371134,41104.80927835051,44333.762886597935,3.3174396463629856,swift-array,7.0008654145842195,swift-temporary,2.697421193114759,"{""o3-run1"": 42969.71649484536, ""o3-run2"": 42784.365979381444}","{""o3-run1"": 3.3255212087992, ""o3-run2"": 3.293740530527952}"
o3,String->UTF32,Emoji,16384,34904,16384,9972,swift-temporary,22,34863.464617312355,33957.46887966805,35574.460396039605,2.697421193114759,swift-array,7.0008654145842195,swift-temporary,2.697421193114759,"{""o3-run1"": 34625.6887966805, ""o3-run2"": 35371.49504950495}","{""o3-run1"": 2.679758487037145, ""o3-run2"": 2.7230630676184115}"
o3,String->UTF32,Emoji,16384,34904,16384,9972,swift-transcode,22,46472.48854961832,44180.97709923664,47421.75572519084,3.5956230078256404,swift-array,7.0008654145842195,swift-temporary,2.697421193114759,"{""o3-run1"": 46122.00552486188, ""o3-run2"": 46616.091603053435}","{""o3-run1"": 3.5694838150417274, ""o3-run2"": 3.588724684193641}"
o3,String->UTF32,Emoji,262144,558480,262144,159565,simdutf,22,203781.2543859649,200181.61538461538,210842.1052631579,1.0,swift-array,7.058917192037232,swift-temporary,2.677645491912519,"{""o3-run1"": 203125.0, ""o3-run2"": 204317.97368421053}","{""o3-run1"": 1.0, ""o3-run2"": 1.0}"
o3,String->UTF32,Emoji,262144,558480,262144,159565,swift-array,22,1438475.0,1389800.0,1500225.0,7.058917192037232,swift-array,7.058917192037232,swift-temporary,2.677645491912519,"{""o3-run1"": 1445441.6, ""o3-run2"": 1437933.4}","{""o3-run1"": 7.116020184615385, ""o3-run2"": 7.037723476165826}"
o3,String->UTF32,Emoji,262144,558480,262144,159565,swift-span,22,680541.6666666667,665635.4166666666,704784.75,3.3395695237880427,swift-array,7.058917192037232,swift-temporary,2.677645491912519,"{""o3-run1"": 683632.5454545454, ""o3-run2"": 680270.8333333334}","{""o3-run1"": 3.365575608391608, ""o3-run2"": 3.3294713189782574}"
o3,String->UTF32,Emoji,262144,558480,262144,159565,swift-temporary,22,545653.9571428571,530342.2857142857,565852.8,2.677645491912519,swift-array,7.058917192037232,swift-temporary,2.677645491912519,"{""o3-run1"": 540979.1428571428, ""o3-run2"": 547908.3333333334}","{""o3-run1"": 2.663281934065934, ""o3-run2"": 2.681645297540826}"
o3,String->UTF32,Emoji,262144,558480,262144,159565,swift-transcode,22,735386.3181818181,711829.5454545454,761575.7272727273,3.6087044433880306,swift-array,7.058917192037232,swift-temporary,2.677645491912519,"{""o3-run1"": 729242.3636363636, ""o3-run2"": 743969.7272727273}","{""o3-run1"": 3.5901162517482517, ""o3-run2"": 3.641234854955007}"
o3,String->UTF32,Emoji,1048576,2233922,1048576,638263,simdutf,22,817858.8333333333,795888.8888888889,849310.2222222222,1.0,swift-array,7.113849924793461,swift-temporary,2.669045982466819,"{""o3-run1"": 811879.6666666666, ""o3-run2"": 826375.0}","{""o3-run1"": 1.0, ""o3-run2"": 1.0}"
o3,String->UTF32,Emoji,1048576,2233922,1048576,638263,swift-array,22,5818125.0,5487208.0,6011834.0,7.113849924793461,swift-array,7.113849924793461,swift-temporary,2.669045982466819,"{""o3-run1"": 5749917.0, ""o3-run2"": 5895000.0}","{""o3-run1"": 7.082228113443741, ""o3-run2"": 7.133565270004538}"
o3,String->UTF32,Emoji,1048576,2233922,1048576,638263,swift-span,22,2740291.5,2679229.0,2886916.5,3.35056783434305,swift-array,7.113849924793461,swift-temporary,2.669045982466819,"{""o3-run1"": 2734833.5, ""o3-run2"": 2746104.0}","{""o3-run1"": 3.368520745479934, ""o3-run2"": 3.323072454999244}"
o3,String->UTF32,Emoji,1048576,2233922,1048576,638263,swift-temporary,22,2182902.833333333,2103236.0,2248430.6666666665,2.669045982466819,swift-array,7.113849924793461,swift-temporary,2.669045982466819,"{""o3-run1"": 2176139.0, ""o3-run2"": 2189666.6666666665}","{""o3-run1"": 2.680371352240624, ""o3-run2"": 2.649725205465638}"
o3,String->UTF32,Emoji,1048576,2233922,1048576,638263,swift-transcode,22,2898458.5,2829687.5,3038271.0,3.5439593996763503,swift-array,7.113849924793461,swift-temporary,2.669045982466819,"{""o3-run1"": 2911937.5, ""o3-run2"": 2893500.0}","{""o3-run1"": 3.586661446954988, ""o3-run2"": 3.5014369989411587}"
o3,String->UTF32,Latin,0,0,0,0,simdutf,22,26.84939727408375,26.000322876574025,27.63071632474208,1.0,swift-array,0.3347430613851718,swift-temporary,0.07897447299670753,"{""o3-run1"": 26.72529353580599, ""o3-run2"": 26.958335958335958}","{""o3-run1"": 1.0, ""o3-run2"": 1.0}"
o3,String->UTF32,Latin,0,0,0,0,swift-array,22,8.987649439873481,8.684466019417476,9.365589796087514,0.3347430613851718,swift-array,0.3347430613851718,swift-temporary,0.07897447299670753,"{""o3-run1"": 8.997333210876826, ""o3-run2"": 8.871306338664398}","{""o3-run1"": 0.33665984617988903, ""o3-run2"": 0.32907470076695317}"
o3,String->UTF32,Latin,0,0,0,0,swift-span,22,4.589667,4.473209,4.806333,0.170941155704458,swift-array,0.3347430613851718,swift-temporary,0.07897447299670753,"{""o3-run1"": 4.598125, ""o3-run2"": 4.581209}","{""o3-run1"": 0.1720514311223384, ""o3-run2"": 0.16993663878513302}"
o3,String->UTF32,Latin,0,0,0,0,swift-temporary,22,2.1204169999999998,2.069125,2.20675,0.07897447299670753,swift-array,0.3347430613851718,swift-temporary,0.07897447299670753,"{""o3-run1"": 2.115834, ""o3-run2"": 2.125}","{""o3-run1"": 0.07916971976997184, ""o3-run2"": 0.07882534008345998}"
o3,String->UTF32,Latin,0,0,0,0,swift-transcode,22,5.2149160000000006,5.015875,5.453333,0.1942284196090194,swift-array,0.3347430613851718,swift-temporary,0.07897447299670753,"{""o3-run1"": 5.215292, ""o3-run2"": 5.1885}","{""o3-run1"": 0.19514442350325023, ""o3-run2"": 0.19246365977554455}"
o3,String->UTF32,Latin,7,7,7,7,simdutf,22,42.7896869122237,41.409015925714584,45.20975255485812,1.0,swift-array,1.6918946526530372,swift-transcode,0.4062608894207792,"{""o3-run1"": 42.88108404528472, ""o3-run2"": 42.12187581055144}","{""o3-run1"": 1.0, ""o3-run2"": 1.0}"
o3,String->UTF32,Latin,7,7,7,7,swift-array,22,72.39564247548893,69.3494838408466,129.90783835659076,1.6918946526530372,swift-array,1.6918946526530372,swift-transcode,0.4062608894207792,"{""o3-run1"": 72.55624837889714, ""o3-run2"": 71.80751154225243}","{""o3-run1"": 1.6920339117890268, ""o3-run2"": 1.704755786879387}"
o3,String->UTF32,Latin,7,7,7,7,swift-span,22,24.614510079816384,24.044147294147294,37.46666246666247,0.5752439864846212,swift-array,1.6918946526530372,swift-transcode,0.4062608894207792,"{""o3-run1"": 24.73377735666205, ""o3-run2"": 24.515555765555767}","{""o3-run1"": 0.5767992556004847, ""o3-run2"": 0.5820148151952595}"
o3,String->UTF32,Latin,7,7,7,7,swift-temporary,22,22.48456760956761,21.736334236334237,23.452865452865453,0.5254669812305744,swift-array,1.6918946526530372,swift-transcode,0.4062608894207792,"{""o3-run1"": 22.48948948948949, ""o3-run2"": 22.47964572964573}","{""o3-run1"": 0.524461775866939, ""o3-run2"": 0.5336810219647109}"
o3,String->UTF32,Latin,7,7,7,7,swift-transcode,22,17.383776262996676,17.017019716122352,20.007286042190405,0.4062608894207792,swift-array,1.6918946526530372,swift-transcode,0.4062608894207792,"{""o3-run1"": 17.31209499978429, ""o3-run2"": 17.54973221117062}","{""o3-run1"": 0.4037233522711737, ""o3-run2"": 0.4166417538027699}"
o3,String->UTF32,Latin,16,17,16,16,simdutf,22,38.85277672777673,37.81710031710032,39.613453018414894,1.0,swift-array,3.651233089429531,swift-transcode,0.9782485176267459,"{""o3-run1"": 38.77039652799405, ""o3-run2"": 38.86032361032361}","{""o3-run1"": 1.0, ""o3-run2"": 1.0}"
o3,String->UTF32,Latin,16,17,16,16,swift-array,22,141.860544004676,138.53314963259854,145.44308592627425,3.651233089429531,swift-array,3.651233089429531,swift-transcode,0.9782485176267459,"{""o3-run1"": 141.11607492750215, ""o3-run2"": 142.63598029392116}","{""o3-run1"": 3.63978931259085, ""o3-run2"": 3.6704784479980135}"
o3,String->UTF32,Latin,16,17,16,16,swift-span,22,42.306511056511056,41.52601377601378,43.80845355845356,1.0888928570777072,swift-array,3.651233089429531,swift-transcode,0.9782485176267459,"{""o3-run1"": 42.268448518448515, ""o3-run2"": 42.344573594573596}","{""o3-run1"": 1.09022481851401, ""o3-run2"": 1.0896608586997036}"
o3,String->UTF32,Latin,16,17,16,16,swift-temporary,22,53.2004876277429,52.313212636821085,54.72151268350884,1.369284054019971,swift-array,3.651233089429531,swift-transcode,0.9782485176267459,"{""o3-run1"": 53.23183067904757, ""o3-run2"": 53.13210154263095}","{""o3-run1"": 1.3730019666064464, ""o3-run2"": 1.3672583397765607}"
o3,String->UTF32,Latin,16,17,16,16,swift-transcode,22,38.00767123963052,36.61270741941637,38.81022806022806,0.9782485176267459,swift-array,3.651233089429531,swift-transcode,0.9782485176267459,"{""o3-run1"": 37.95258916650772, ""o3-run2"": 38.062753312753316}","{""o3-run1"": 0.9789063967685799, ""o3-run2"": 0.9794759738604335}"
o3,String->UTF32,Latin,128,144,128,128,simdutf,22,102.00388877613219,98.01144368937075,106.07096875,1.0,swift-array,12.000801237332485,swift-transcode,2.6613000289020827,"{""o3-run1"": 101.77846137884525, ""o3-run2"": 102.6640625}","{""o3-run1"": 1.0, ""o3-run2"": 1.0}"
o3,String->UTF32,Latin,128,144,128,128,swift-array,22,1224.1283946373323,1197.7913372292885,1266.4916125132236,12.000801237332485,swift-array,12.000801237332485,swift-transcode,2.6613000289020827,"{""o3-run1"": 1217.9800618769336, ""o3-run2"": 1231.8396554329756}","{""o3-run1"": 11.96697263228713, ""o3-run2"": 11.998742553490668}"
o3,String->UTF32,Latin,128,144,128,128,swift-span,22,330.70265714632717,319.2848817848818,343.79637181830964,3.242059308857527,swift-array,12.000801237332485,swift-transcode,2.6613000289020827,"{""o3-run1"": 326.28484015984014, ""o3-run2"": 331.255191487367}","{""o3-run1"": 3.2058338840997527, ""o3-run2"": 3.226593448777336}"
o3,String->UTF32,Latin,128,144,128,128,swift-temporary,22,342.9877654338349,334.3587399803122,352.6930108282942,3.3624969552542234,swift-array,12.000801237332485,swift-transcode,2.6613000289020827,"{""o3-run1"": 342.14597103079734, ""o3-run2"": 346.3452397693714}","{""o3-run1"": 3.3616736428864185, ""o3-run2"": 3.373578166842671}"
o3,String->UTF32,Latin,128,144,128,128,swift-transcode,22,271.4629521480454,261.1873562798847,278.0672336387196,2.6613000289020827,swift-array,12.000801237332485,swift-transcode,2.6613000289020827,"{""o3-run1"": 269.883563893857, ""o3-run2"": 271.778515895901}","{""o3-run1"": 2.6516765948080305, ""o3-run2"": 2.647260485098191}"
o3,String->UTF32,Latin,1024,1153,1024,1024,simdutf,22,668.4801404891607,635.9533933633484,1427.1823411705852,1.0,swift-array,14.284673926656716,swift-transcode,3.203527114673429,"{""o3-run1"": 663.1707230728383, ""o3-run2"": 672.704352176088}","{""o3-run1"": 1.0, ""o3-run2"": 1.0}"
o3,String->UTF32,Latin,1024,1153,1024,1024,swift-array,22,9549.020833333332,9325.974770642202,9944.107638888889,14.284673926656716,swift-array,14.284673926656716,swift-transcode,3.203527114673429,"{""o3-run1"": 9418.577981651377, ""o3-run2"": 9581.25925925926}","{""o3-run1"": 14.202342856768274, ""o3-run2"": 14.242897683455533}"
o3,String->UTF32,Latin,1024,1153,1024,1024,swift-span,22,2636.012138905962,2533.2538414259375,2694.6552504038773,3.9432916241566405,swift-array,14.284673926656716,swift-transcode,3.203527114673429,"{""o3-run1"": 2629.3663183773815, ""o3-run2"": 2648.0478190630047}","{""o3-run1"": 3.9648407670864403, ""o3-run2"": 3.936421416773959}"
o3,String->UTF32,Latin,1024,1153,1024,1024,swift-temporary,22,2628.562156590925,2540.3425484588497,2679.753226797787,3.932146966501463,swift-array,14.284673926656716,swift-transcode,3.203527114673429,"{""o3-run1"": 2622.0606927232284, ""o3-run2"": 2646.3583282114323}","{""o3-run1"": 3.9538245605502076, ""o3-run2"": 3.933909925884823}"
o3,String->UTF32,Latin,1024,1153,1024,1024,swift-transcode,22,2141.4942556777296,2069.6075529471805,2201.365841205004,3.203527114673429,swift-array,14.284673926656716,swift-transcode,3.203527114673429,"{""o3-run1"": 2136.386833375861, ""o3-run2"": 2144.9131988766912}","{""o3-run1"": 3.2214733839226106, ""o3-run2"": 3.1884931202514886}"
o3,String->UTF32,Latin,16384,18464,16384,16384,simdutf,22,9896.886281588448,9650.3706377858,10188.604240282686,1.0,swift-array,15.215091592002372,swift-transcode,3.4098199211180273,"{""o3-run1"": 9847.724428399519, ""o3-run2"": 9964.418138987043}","{""o3-run1"": 1.0, ""o3-run2"": 1.0}"
o3,String->UTF32,Latin,16384,18464,16384,16384,swift-array,22,150582.03125,148202.25,158359.375,15.215091592002372,swift-array,15.215091592002372,swift-transcode,3.4098199211180273,"{""o3-run1"": 150342.26785714287, ""o3-run2"": 150751.72916666666}","{""o3-run1"": 15.266701353215764, ""o3-run2"": 15.129004731027043}"
o3,String->UTF32,Latin,16384,18464,16384,16384,swift-span,22,41622.24346479874,40626.0505050505,44605.3216080402,4.20558974616392,swift-array,15.215091592002372,swift-transcode,3.4098199211180273,"{""o3-run1"": 41364.055555555555, ""o3-run2"": 42031.61809045226}","{""o3-run1"": 4.200366882349709, ""o3-run2"": 4.218170845922077}"
o3,String->UTF32,Latin,16384,18464,16384,16384,swift-temporary,22,41392.41293532338,40291.87064676617,43105.15476190476,4.182367237292325,swift-array,15.215091592002372,swift-transcode,3.4098199211180273,"{""o3-run1"": 41060.32338308458, ""o3-run2"": 41816.96428571428}","{""o3-run1"": 4.16952400340043, ""o3-run2"": 4.196628814892877}"
o3,String->UTF32,Latin,16384,18464,16384,16384,swift-transcode,22,33746.600000000006,32429.081632653062,34470.74693877551,3.4098199211180273,swift-array,15.215091592002372,swift-transcode,3.4098199211180273,"{""o3-run1"": 33712.07346938775, ""o3-run2"": 33779.08163265306}","{""o3-run1"": 3.4233363976114775, ""o3-run2"": 3.389970308500819}"
o3,String->UTF32,Latin,262144,295432,262144,262144,simdutf,22,160358.98291666666,154786.66,164031.66,1.0,swift-array,15.061433558242175,swift-transcode,3.33364771601639,"{""o3-run1"": 158740.84, ""o3-run2"": 160534.72916666666}","{""o3-run1"": 1.0, ""o3-run2"": 1.0}"
o3,String->UTF32,Latin,262144,295432,262144,262144,swift-array,22,2415236.166666667,2327389.0,2483403.0,15.061433558242175,swift-array,15.061433558242175,swift-transcode,3.33364771601639,"{""o3-run1"": 2411083.3333333335, ""o3-run2"": 2420166.6666666665}","{""o3-run1"": 15.18880291507424, ""o3-run2"": 15.075657954074579}"
o3,String->UTF32,Latin,262144,295432,262144,262144,swift-span,22,670635.7045454546,651406.25,708905.2727272727,4.182090035417362,swift-array,15.061433558242175,swift-transcode,3.33364771601639,"{""o3-run1"": 670680.5, ""o3-run2"": 670590.9090909091}","{""o3-run1"": 4.225002841108816, ""o3-run2"": 4.177232631044611}"
o3,String->UTF32,Latin,262144,295432,262144,262144,swift-temporary,22,648651.0416666667,636187.5,664680.5833333334,4.0449934881649225,swift-array,15.061433558242175,swift-transcode,3.33364771601639,"{""o3-run1"": 648996.5833333334, ""o3-run2"": 648305.5}","{""o3-run1"": 4.088403358161223, ""o3-run2"": 4.038412768161407}"
o3,String->UTF32,Latin,262144,295432,262144,262144,swift-transcode,22,534580.3571428572,518380.9285714286,548294.6428571428,3.33364771601639,swift-array,15.061433558242175,swift-transcode,3.33364771601639,"{""o3-run1"": 538178.5714285715, ""o3-run2"": 534410.7142857143}","{""o3-run1"": 3.3902968601436876, ""o3-run2"": 3.328941451235083}"
o3,String->UTF32,Latin,1048576,1181728,1048576,1048576,simdutf,22,645449.625,628260.4166666666,681500.0,1.0,swift-array,15.095097467908515,swift-transcode,3.3316248343935437,"{""o3-run1"": 651812.5, ""o3-run2"": 642989.5833333334}","{""o3-run1"": 1.0, ""o3-run2"": 1.0}"
o3,String->UTF32,Latin,1048576,1181728,1048576,1048576,swift-array,22,9743125.0,9530208.0,15135167.0,15.095097467908515,swift-array,15.095097467908515,swift-transcode,3.3316248343935437,"{""o3-run1"": 9748250.0, ""o3-run2"": 9738000.0}","{""o3-run1"": 14.955604564195992, ""o3-run2"": 15.144879874285158}"
o3,String->UTF32,Latin,1048576,1181728,1048576,1048576,swift-span,22,2704041.833333333,2627666.6666666665,2785896.0,4.189392523596761,swift-array,15.095097467908515,swift-transcode,3.3316248343935437,"{""o3-run1"": 2726333.0, ""o3-run2"": 2688305.6666666665}","{""o3-run1"": 4.182695176910538, ""o3-run2"": 4.180947462212646}"
o3,String->UTF32,Latin,1048576,1181728,1048576,1048576,swift-temporary,22,2634833.333333333,2577000.0,2731069.3333333335,4.082167269573257,swift-array,15.095097467908515,swift-transcode,3.3316248343935437,"{""o3-run1"": 2637833.3333333335, ""o3-run2"": 2627166.6666666665}","{""o3-run1"": 4.046920446191709, ""o3-run2"": 4.085861940479854}"
o3,String->UTF32,Latin,1048576,1181728,1048576,1048576,swift-transcode,22,2150396.0,2076027.6666666667,2262500.0,3.3316248343935437,swift-array,15.095097467908515,swift-transcode,3.3316248343935437,"{""o3-run1"": 2169139.0, ""o3-run2"": 2134916.6666666665}","{""o3-run1"": 3.3278573209320164, ""o3-run2"": 3.3202974387221147}"
o3,String->UTF32,Mixed,0,0,0,0,simdutf,22,26.70119595119595,26.117849964511016,40.843702529336454,1.0,swift-array,0.3342265890374583,swift-temporary,0.07935429199024684,"{""o3-run1"": 26.775462525462526, ""o3-run2"": 26.604579737447846}","{""o3-run1"": 1.0, ""o3-run2"": 1.0}"
o3,String->UTF32,Mixed,0,0,0,0,swift-array,22,8.924249645989013,8.581759074076322,11.123045475483673,0.3342265890374583,swift-array,0.3342265890374583,swift-temporary,0.07935429199024684,"{""o3-run1"": 8.910077208108893, ""o3-run2"": 8.991069752960044}","{""o3-run1"": 0.33277024438460107, ""o3-run2"": 0.3379519557042456}"
o3,String->UTF32,Mixed,0,0,0,0,swift-span,22,4.5699380000000005,4.417458,4.877708,0.1711510603627218,swift-array,0.3342265890374583,swift-temporary,0.07935429199024684,"{""o3-run1"": 4.574209, ""o3-run2"": 4.557834}","{""o3-run1"": 0.1708358537466939, ""o3-run2"": 0.17131764699836707}"
o3,String->UTF32,Mixed,0,0,0,0,swift-temporary,22,2.1188545,2.060208,4.394917,0.07935429199024684,swift-array,0.3342265890374583,swift-temporary,0.07935429199024684,"{""o3-run1"": 2.123709, ""o3-run2"": 2.114}","{""o3-run1"": 0.07931549260747324, ""o3-run2"": 0.0794600035355715}"
o3,String->UTF32,Mixed,0,0,0,0,swift-transcode,22,5.148292,5.005333,5.481959,0.19281128865575803,swift-array,0.3342265890374583,swift-temporary,0.07935429199024684,"{""o3-run1"": 5.157584, ""o3-run2"": 5.107875}","{""o3-run1"": 0.19262352592771528, ""o3-run2"": 0.19199232051052853}"
o3,String->UTF32,Mixed,7,7,7,7,simdutf,22,42.070620186914255,41.118950044094,50.65980596655409,1.0,swift-array,1.688913827433659,swift-transcode,0.406873980042147,"{""o3-run1"": 41.98873268662136, ""o3-run2"": 42.30473398557818}","{""o3-run1"": 1.0, ""o3-run2"": 1.0}"
o3,String->UTF32,Mixed,7,7,7,7,swift-array,22,71.05365216238911,69.27037402085386,77.04690563884422,1.688913827433659,swift-array,1.688913827433659,swift-transcode,0.406873980042147,"{""o3-run1"": 70.365234375, ""o3-run2"": 71.57450848161021}","{""o3-run1"": 1.6758122923157452, ""o3-run2"": 1.69187941250287}"
o3,String->UTF32,Mixed,7,7,7,7,swift-span,22,24.084816946897163,23.385712635712636,25.52756058472148,0.5724854266443299,swift-array,1.688913827433659,swift-transcode,0.406873980042147,"{""o3-run1"": 23.82692832692833, ""o3-run2"": 24.439026759263758}","{""o3-run1"": 0.5674600494556048, ""o3-run2"": 0.5776901177914296}"
o3,String->UTF32,Mixed,7,7,7,7,swift-temporary,22,22.200628950628953,21.53333228333228,23.325773325773326,0.5276991128724622,swift-array,1.688913827433659,swift-transcode,0.406873980042147,"{""o3-run1"": 22.105367605367604, ""o3-run2"": 22.35736785736786}","{""o3-run1"": 0.5264595092771379, ""o3-run2"": 0.5284838303200194}"
o3,String->UTF32,Mixed,7,7,7,7,swift-transcode,22,17.117440678291295,16.734757318189978,17.834420918449524,0.406873980042147,swift-array,1.688913827433659,swift-transcode,0.406873980042147,"{""o3-run1"": 16.902909254076878, ""o3-run2"": 17.394747378060845}","{""o3-run1"": 0.4025582143721751, ""o3-run2"": 0.4111773255444833}"
o3,String->UTF32,Mixed,16,23,16,16,simdutf,22,44.92931212153861,43.65132541370545,46.382134149504594,1.0,swift-array,3.2562255694933113,swift-transcode,0.9951755795964952,"{""o3-run1"": 44.877044877044874, ""o3-run2"": 44.993162836540954}","{""o3-run1"": 1.0, ""o3-run2"": 1.0}"
o3,String->UTF32,Mixed,16,23,16,16,swift-array,22,146.2999749498998,141.70353206412827,160.67197011260026,3.2562255694933113,swift-array,3.2562255694933113,swift-transcode,0.9951755795964952,"{""o3-run1"": 147.6136583326802, ""o3-run2"": 146.14731546426185}","{""o3-run1"": 3.2892909668431907, ""o3-run2"": 3.2482116448494947}"
o3,String->UTF32,Mixed,16,23,16,16,swift-span,22,47.80786030786031,46.62923412923413,50.75836325836326,1.064068378757612,swift-array,3.2562255694933113,swift-transcode,0.9951755795964952,"{""o3-run1"": 48.264610764610765, ""o3-run2"": 47.8017388017388}","{""o3-run1"": 1.075485493682733, ""o3-run2"": 1.0624222834789663}"
o3,String->UTF32,Mixed,16,23,16,16,swift-temporary,22,57.880647390340286,57.135366135366134,59.86668136668137,1.2882602616698633,swift-array,3.2562255694933113,swift-transcode,0.9951755795964952,"{""o3-run1"": 57.94737394737395, ""o3-run2"": 57.85478030813923}","{""o3-run1"": 1.291247543284979, ""o3-run2"": 1.2858571538596701}"
o3,String->UTF32,Mixed,16,23,16,16,swift-transcode,22,44.71255423142402,43.074853094623535,46.54726357835763,0.9951755795964952,swift-array,3.2562255694933113,swift-transcode,0.9951755795964952,"{""o3-run1"": 44.89850080406702, ""o3-run2"": 44.63452139052117}","{""o3-run1"": 1.0004781047210425, ""o3-run2"": 0.992028978995704}"
o3,String->UTF32,Mixed,128,218,128,116,simdutf,22,128.62049717795486,125.54448480293921,134.1699244687915,1.0,swift-array,8.078388177744685,swift-transcode,2.6099320727137862,"{""o3-run1"": 129.36535109561754, ""o3-run2"": 127.91816967267869}","{""o3-run1"": 1.0, ""o3-run2"": 1.0}"
o3,String->UTF32,Mixed,128,218,128,116,swift-array,22,1039.0463038180342,1020.6471703222312,1107.7939344706201,8.078388177744685,swift-array,8.078388177744685,swift-transcode,2.6099320727137862,"{""o3-run1"": 1040.826157595451, ""o3-run2"": 1037.2664500406174}","{""o3-run1"": 8.045633152776336, ""o3-run2"": 8.10882811014893}"
o3,String->UTF32,Mixed,128,218,128,116,swift-span,22,364.78809152366097,362.4263130525221,378.93915756630264,2.8361583070150385,swift-array,8.078388177744685,swift-transcode,2.6099320727137862,"{""o3-run1"": 365.00696827873116, ""o3-run2"": 364.56921476859077}","{""o3-run1"": 2.8215203312743635, ""o3-run2"": 2.8500190059118475}"
o3,String->UTF32,Mixed,128,218,128,116,swift-temporary,22,361.1897628792975,351.3801872074883,812.9104983319432,2.8081819834638635,swift-array,8.078388177744685,swift-transcode,2.6099320727137862,"{""o3-run1"": 363.938741549662, ""o3-run2"": 358.7820579649708}","{""o3-run1"": 2.8132628904679793, ""o3-run2"": 2.804777920783532}"
o3,String->UTF32,Mixed,128,218,128,116,swift-transcode,22,335.69076079313743,327.63010359536867,369.8873580494322,2.6099320727137862,swift-array,8.078388177744685,swift-transcode,2.6099320727137862,"{""o3-run1"": 336.5480961923848, ""o3-run2"": 335.0755168049501}","{""o3-run1"": 2.601531966188015, ""o3-run2"": 2.6194520892720137}"
o3,String->UTF32,Mixed,1024,1790,1023,923,simdutf,22,928.9947007740789,904.2495804363462,967.5137856629105,1.0,swift-array,8.489886483029116,swift-transcode,2.8667409134233126,"{""o3-run1"": 929.3334931671062, ""o3-run2"": 928.6559083810515}","{""o3-run1"": 1.0, ""o3-run2"": 1.0}"
o3,String->UTF32,Mixed,1024,1790,1023,923,swift-array,22,7887.059552907531,7702.296472831268,8210.875,8.489886483029116,swift-array,8.489886483029116,swift-transcode,2.8667409134233126,"{""o3-run1"": 7871.067683508103, ""o3-run2"": 7895.75}","{""o3-run1"": 8.469583568632647, ""o3-run2"": 8.50234185637698}"
o3,String->UTF32,Mixed,1024,1790,1023,923,swift-span,22,2870.166312433581,2814.758416574177,3006.7449521785334,3.089540026484579,swift-array,8.489886483029116,swift-transcode,2.8667409134233126,"{""o3-run1"": 2845.325934147244, ""o3-run2"": 2900.844137442437}","{""o3-run1"": 3.061684481477757, ""o3-run2"": 3.12370180522466}"
o3,String->UTF32,Mixed,1024,1790,1023,923,swift-temporary,22,2773.7025979150435,2716.9751976994967,2857.2821710999283,2.9857033582687538,swift-array,8.489886483029116,swift-transcode,2.8667409134233126,"{""o3-run1"": 2752.1416247304096, ""o3-run2"": 2799.956369982548}","{""o3-run1"": 2.961414438374857, ""o3-run2"": 3.015063324007468}"
o3,String->UTF32,Mixed,1024,1790,1023,923,swift-transcode,22,2663.1871170625,2618.0253417805934,2736.8152717572525,2.8667409134233126,swift-array,8.489886483029116,swift-transcode,2.8667409134233126,"{""o3-run1"": 2665.041013671224, ""o3-run2"": 2661.333220453776}","{""o3-run1"": 2.867690697974247, ""o3-run2"": 2.865790435871283}"
o3,String->UTF32,Mixed,16384,28670,16383,14747,simdutf,22,14182.979131886477,13647.642361111111,14724.262103505844,1.0,swift-array,9.032728512726788,swift-transcode,3.040858441455333,"{""o3-run1"": 14093.388888888889, ""o3-run2"": 14189.622704507512}","{""o3-run1"": 1.0, ""o3-run2"": 1.0}"
o3,String->UTF32,Mixed,16384,28670,16383,14747,swift-array,22,128111.0,126223.953125,136559.234375,9.032728512726788,swift-array,9.032728512726788,swift-transcode,3.040858441455333,"{""o3-run1"": 128114.578125, ""o3-run2"": 128107.421875}","{""o3-run1"": 9.090402538030046, ""o3-run2"": 9.028247229879133}"
o3,String->UTF32,Mixed,16384,28670,16383,14747,swift-span,22,46306.02542372882,45120.293785310736,47644.536723163845,3.264901188469115,swift-array,9.032728512726788,swift-transcode,3.040858441455333,"{""o3-run1"": 46510.59322033898, ""o3-run2"": 45917.61016949153}","{""o3-run1"": 3.300170994146592, ""o3-run2"": 3.2359993726193452}"
o3,String->UTF32,Mixed,16384,28670,16383,14747,swift-temporary,22,44411.165730337074,43366.57377049181,85826.30898876404,3.131300223835974,swift-array,9.032728512726788,swift-transcode,3.040858441455333,"{""o3-run1"": 44677.43258426966, ""o3-run2"": 44047.13114754098}","{""o3-run1"": 3.1700986140737935, ""o3-run2"": 3.1041791642246315}"
o3,String->UTF32,Mixed,16384,28670,16383,14747,swift-transcode,22,43128.43181818182,41583.806818181816,45393.9375,3.040858441455333,swift-array,9.032728512726788,swift-transcode,3.040858441455333,"{""o3-run1"": 43269.88636363636, ""o3-run2"": 43067.232954545456}","{""o3-run1"": 3.07022581330669, ""o3-run2"": 3.0351217824040244}"
o3,String->UTF32,Mixed,262144,458750,262143,235931,simdutf,22,227373.3392857143,223313.08571428573,232129.61111111112,1.0,swift-array,9.11185031561659,swift-transcode,3.094271787981402,"{""o3-run1"": 227844.91666666666, ""o3-run2"": 226650.0}","{""o3-run1"": 1.0, ""o3-run2"": 1.0}"
o3,String->UTF32,Mixed,262144,458750,262143,235931,swift-array,22,2071791.8333333335,1995041.6666666667,2148013.6666666665,9.11185031561659,swift-array,9.11185031561659,swift-transcode,3.094271787981402,"{""o3-run1"": 2064458.3333333333, ""o3-run2"": 2077361.0}","{""o3-run1"": 9.060804882268238, ""o3-run2"": 9.165501875137878}"
o3,String->UTF32,Mixed,262144,458750,262143,235931,swift-span,22,741704.5454545454,715458.4,759345.9,3.2620559111485337,swift-array,9.11185031561659,swift-transcode,3.094271787981402,"{""o3-run1"": 734733.4, ""o3-run2"": 744075.7272727273}","{""o3-run1"": 3.2247083268261054, ""o3-run2"": 3.2829284238814354}"
o3,String->UTF32,Mixed,262144,458750,262143,235931,swift-temporary,22,716698.8954545455,700719.7272727273,749129.1,3.1520797368153675,swift-array,9.11185031561659,swift-transcode,3.094271787981402,"{""o3-run1"": 716356.0909090909, ""o3-run2"": 717041.7}","{""o3-run1"": 3.1440512318170697, ""o3-run2"": 3.1636518861681004}"
o3,String->UTF32,Mixed,262144,458750,262143,235931,swift-transcode,22,703554.9090909091,671840.9090909091,735643.9090909091,3.094271787981402,swift-array,9.11185031561659,swift-transcode,3.094271787981402,"{""o3-run1"": 703196.9090909091, ""o3-run2"": 703912.9090909091}","{""o3-run1"": 3.0862962377153864, ""o3-run2"": 3.1057264905842006}"
o3,String->UTF32,Mixed,1048576,1835003,1048576,943720,simdutf,22,919778.0694444445,891703.125,1011453.125,1.0,swift-array,8.963122489949681,swift-transcode,3.031562550392402,"{""o3-run1"": 906802.0, ""o3-run2"": 926625.0}","{""o3-run1"": 1.0, ""o3-run2"": 1.0}"
o3,String->UTF32,Mixed,1048576,1835003,1048576,943720,swift-array,22,8244083.5,7899375.0,8548333.0,8.963122489949681,swift-array,8.963122489949681,swift-transcode,3.031562550392402,"{""o3-run1"": 8181625.0, ""o3-run2"": 8336750.0}","{""o3-run1"": 9.022504361481337, ""o3-run2"": 8.996897342506408}"
o3,String->UTF32,Mixed,1048576,1835003,1048576,943720,swift-span,22,2964572.75,2846541.5,3099896.0,3.2231391989924623,swift-array,8.963122489949681,swift-transcode,3.031562550392402,"{""o3-run1"": 2961041.5, ""o3-run2"": 2971729.5}","{""o3-run1"": 3.265367191514796, ""o3-run2"": 3.2070465398624037}"
o3,String->UTF32,Mixed,1048576,1835003,1048576,943720,swift-temporary,22,2810364.75,2726458.0,2891583.5,3.055481363778862,swift-array,8.963122489949681,swift-transcode,3.031562550392402,"{""o3-run1"": 2808125.0, ""o3-run2"": 2862520.5}","{""o3-run1"": 3.096734458018399, ""o3-run2"": 3.0891898016997166}"
o3,String->UTF32,Mixed,1048576,1835003,1048576,943720,swift-transcode,22,2788364.75,2715729.0,2894229.5,3.031562550392402,swift-array,8.963122489949681,swift-transcode,3.031562550392402,"{""o3-run1"": 2758271.0, ""o3-run2"": 2846666.5}","{""o3-run1"": 3.0417566348552385, ""o3-run2"": 3.0720803992985295}"
o3,UTF16->String,ASCII,0,0,0,0,foundation-materialized,22,4.512875,4.385958,5.496208,0.649449377451063,swift-decoding,13.194344845540778,swift-decoding,13.194344845540778,"{""o3-run1"": 4.583208, ""o3-run2"": 4.473542}","{""o3-run1"": 0.6575700481899639, ""o3-run2"": 0.6465784778614533}"
o3,UTF16->String,ASCII,0,0,0,0,simdutf,22,6.948771,6.814833,8.025333,1.0,swift-decoding,13.194344845540778,swift-decoding,13.194344845540778,"{""o3-run1"": 6.969916, ""o3-run2"": 6.918792}","{""o3-run1"": 1.0, ""o3-run2"": 1.0}"
o3,UTF16->String,ASCII,0,0,0,0,swift-decoding,22,91.68448082669323,88.39727371409485,115.43928452855246,13.194344845540778,swift-decoding,13.194344845540778,swift-decoding,13.194344845540778,"{""o3-run1"": 91.91274485391766, ""o3-run2"": 91.07016115564463}","{""o3-run1"": 13.187066365493884, ""o3-run2"": 13.162725683276015}"
o3,UTF16->String,ASCII,7,14,7,7,foundation-materialized,22,42.99383459494365,41.04243398869119,83.05359238626288,1.5214387024214342,swift-decoding,5.1888357635112525,swift-decoding,5.1888357635112525,"{""o3-run1"": 42.61036468330134, ""o3-run2"": 43.22510134736907}","{""o3-run1"": 1.5016303282779875, ""o3-run2"": 1.5315458055213387}"
o3,UTF16->String,ASCII,7,14,7,7,simdutf,22,28.258670248441256,27.33033979518794,29.575340014316392,1.0,swift-decoding,5.1888357635112525,swift-decoding,5.1888357635112525,"{""o3-run1"": 28.37606825120886, ""o3-run2"": 28.223185484586423}","{""o3-run1"": 1.0, ""o3-run2"": 1.0}"
o3,UTF16->String,ASCII,7,14,7,7,swift-decoding,22,146.6295988143834,141.00397105311285,228.46301448220274,5.1888357635112525,swift-decoding,5.1888357635112525,swift-decoding,5.1888357635112525,"{""o3-run1"": 147.45997243961415, ""o3-run2"": 145.7827154688194}","{""o3-run1"": 5.196631581731981, ""o3-run2"": 5.165352987827542}"
o3,UTF16->String,ASCII,16,32,16,16,foundation-materialized,22,199.74609375,190.819,230.638,3.1074871510404654,swift-decoding,2.991162910598807,swift-decoding,2.991162910598807,"{""o3-run1"": 196.94659375, ""o3-run2"": 204.30728125}","{""o3-run1"": 3.0969488943488943, ""o3-run2"": 3.153168417158729}"
o3,UTF16->String,ASCII,16,32,16,16,simdutf,22,64.2789765625,60.591140625,70.23828125,1.0,swift-decoding,2.991162910598807,swift-decoding,2.991162910598807,"{""o3-run1"": 63.59375, ""o3-run2"": 64.79428125}","{""o3-run1"": 1.0, ""o3-run2"": 1.0}"
o3,UTF16->String,ASCII,16,32,16,16,swift-decoding,22,192.268890625,185.77475,216.5841241777385,2.991162910598807,swift-decoding,2.991162910598807,swift-decoding,2.991162910598807,"{""o3-run1"": 188.66146875, ""o3-run2"": 194.86947817269441}","{""o3-run1"": 2.9666668304668304, ""o3-run2"": 3.0075104532885675}"
o3,UTF16->String,ASCII,128,256,128,128,foundation-materialized,22,286.5589263448145,276.4164440069376,584.1474615898463,3.7522711673889053,swift-decoding,4.639640155329925,swift-decoding,4.639640155329925,"{""o3-run1"": 286.72273714094854, ""o3-run2"": 286.39511554868045}","{""o3-run1"": 3.7150965814542745, ""o3-run2"": 3.779454829664154}"
o3,UTF16->String,ASCII,128,256,128,128,simdutf,22,76.3694609375,74.90315920527053,79.010421875,1.0,swift-decoding,4.639640155329925,swift-decoding,4.639640155329925,"{""o3-run1"": 77.177734375, ""o3-run2"": 75.77683249468278}","{""o3-run1"": 1.0, ""o3-run2"": 1.0}"
o3,UTF16->String,ASCII,128,256,128,128,swift-decoding,22,354.3268176065251,346.0952514883045,694.1651432053626,4.639640155329925,swift-decoding,4.639640155329925,swift-decoding,4.639640155329925,"{""o3-run1"": 357.2009093892092, ""o3-run2"": 349.86091970187033}","{""o3-run1"": 4.628289652214984, ""o3-run2"": 4.616990552177275}"
o3,UTF16->String,ASCII,1024,2048,1024,1024,foundation-materialized,22,886.0957667906366,856.5503172172391,930.3310408069693,6.554840178383929,swift-decoding,11.800621459842324,swift-decoding,11.800621459842324,"{""o3-run1"": 883.5366440603807, ""o3-run2"": 906.5891792755617}","{""o3-run1"": 6.594210391379368, ""o3-run2"": 6.5083714000403505}"
o3,UTF16->String,ASCII,1024,2048,1024,1024,simdutf,22,135.18190263627451,130.8563376753507,142.39315150412105,1.0,swift-decoding,11.800621459842324,swift-decoding,11.800621459842324,"{""o3-run1"": 133.9867234468938, ""o3-run2"": 139.295858142014}","{""o3-run1"": 1.0, ""o3-run2"": 1.0}"
o3,UTF16->String,ASCII,1024,2048,1024,1024,swift-decoding,22,1595.2304612319367,1543.9932673267326,1667.4537393986122,11.800621459842324,swift-decoding,11.800621459842324,swift-decoding,11.800621459842324,"{""o3-run1"": 1589.90099009901, ""o3-run2"": 1626.5821125674634}","{""o3-run1"": 11.866108441178309, ""o3-run2"": 11.677175001923898}"
o3,UTF16->String,ASCII,16384,32768,16384,16384,foundation-materialized,22,10546.483492493997,10265.493718592965,21984.762925598992,9.532840029251451,swift-decoding,20.570135523986185,swift-decoding,20.570135523986185,"{""o3-run1"": 10474.194723618091, ""o3-run2"": 10582.861286254729}","{""o3-run1"": 9.470759075930008, ""o3-run2"": 9.550546708321445}"
o3,UTF16->String,ASCII,16384,32768,16384,16384,simdutf,22,1106.3317395584304,1068.081141892842,2593.317817465898,1.0,swift-decoding,20.570135523986185,swift-decoding,20.570135523986185,"{""o3-run1"": 1105.9509211081422, ""o3-run2"": 1108.0895795246802}","{""o3-run1"": 1.0, ""o3-run2"": 1.0}"
o3,UTF16->String,ASCII,16384,32768,16384,16384,swift-decoding,22,22757.3938172043,21930.107526881722,40694.66935483871,20.570135523986185,swift-decoding,20.570135523986185,swift-decoding,20.570135523986185,"{""o3-run1"": 22759.857526881722, ""o3-run2"": 22677.197802197803}","{""o3-run1"": 20.57944624168021, ""o3-run2"": 20.465130456262646}"
o3,UTF16->String,ASCII,262144,524288,262144,262144,foundation-materialized,22,164517.3541666667,158624.19607843139,168008.17647058822,11.052793714428109,swift-decoding,24.01294880402808,swift-decoding,24.01294880402808,"{""o3-run1"": 164546.0, ""o3-run2"": 164061.27450980392}","{""o3-run1"": 11.017471455791782, ""o3-run2"": 11.10033606997565}"
o3,UTF16->String,ASCII,262144,524288,262144,262144,simdutf,22,14884.685122812782,14520.110038610039,20260.777992277992,1.0,swift-decoding,24.01294880402808,swift-decoding,24.01294880402808,"{""o3-run1"": 14935.005791505791, ""o3-run2"": 14779.847517730497}","{""o3-run1"": 1.0, ""o3-run2"": 1.0}"
o3,UTF16->String,ASCII,262144,524288,262144,262144,swift-decoding,22,357425.18181818177,344588.7826086957,417924.2272727273,24.01294880402808,swift-decoding,24.01294880402808,swift-decoding,24.01294880402808,"{""o3-run1"": 357757.5909090909, ""o3-run2"": 351514.47826086957}","{""o3-run1"": 23.954298773192555, ""o3-run2"": 23.78336297713347}"
o3,UTF16->String,ASCII,1048576,2097152,1048576,1048576,foundation-materialized,22,650766.369047619,630267.8571428572,1124940.4285714286,10.82914189427323,swift-decoding,23.92238635212926,swift-decoding,23.92238635212926,"{""o3-run1"": 647024.3333333334, ""o3-run2"": 659672.7142857143}","{""o3-run1"": 10.803162248818419, ""o3-run2"": 10.697395366795368}"
o3,UTF16->String,ASCII,1048576,2097152,1048576,1048576,simdutf,22,60093.992248062015,57242.51282051282,110465.82051282052,1.0,swift-decoding,23.92238635212926,swift-decoding,23.92238635212926,"{""o3-run1"": 59892.124031007756, ""o3-run2"": 61666.666666666664}","{""o3-run1"": 1.0, ""o3-run2"": 1.0}"
o3,UTF16->String,ASCII,1048576,2097152,1048576,1048576,swift-decoding,22,1437591.7000000002,1383966.6,3694125.0,23.92238635212926,swift-decoding,23.92238635212926,swift-decoding,23.92238635212926,"{""o3-run1"": 1434608.2, ""o3-run2"": 1438166.8}","{""o3-run1"": 23.953202916250973, ""o3-run2"": 23.321623783783785}"
o3,UTF16->String,CJK,0,0,0,0,foundation-materialized,22,4.590333,4.364709,4.750708,0.6597182345179926,swift-decoding,13.141542914396414,swift-decoding,13.141542914396414,"{""o3-run1"": 4.649667, ""o3-run2"": 4.550833}","{""o3-run1"": 0.6628296298936189, ""o3-run2"": 0.65525573693778}"
o3,UTF16->String,CJK,0,0,0,0,simdutf,22,6.9580205,6.835125,8.167458,1.0,swift-decoding,13.141542914396414,swift-decoding,13.141542914396414,"{""o3-run1"": 7.014875, ""o3-run2"": 6.945125}","{""o3-run1"": 1.0, ""o3-run2"": 1.0}"
o3,UTF16->String,CJK,0,0,0,0,swift-decoding,22,91.43912499999999,89.71940625,96.028,13.141542914396414,swift-decoding,13.141542914396414,swift-decoding,13.141542914396414,"{""o3-run1"": 92.3359375, ""o3-run2"": 90.827484375}","{""o3-run1"": 13.162877100447265, ""o3-run2"": 13.077876118140422}"
o3,UTF16->String,CJK,7,14,7,7,foundation-materialized,22,755.5101302868272,734.0785526165121,1850.7338829726325,10.371864396447332,swift-decoding,3.3893150869302646,swift-decoding,3.3893150869302646,"{""o3-run1"": 753.3303561204626, ""o3-run2"": 758.7739546221638}","{""o3-run1"": 10.34091806306743, ""o3-run2"": 10.417700474760556}"
o3,UTF16->String,CJK,7,14,7,7,simdutf,22,72.84226841083765,69.67304125192675,137.56522193484338,1.0,swift-decoding,3.3893150869302646,swift-decoding,3.3893150869302646,"{""o3-run1"": 72.84946573660423, ""o3-run2"": 72.83507108507108}","{""o3-run1"": 1.0, ""o3-run2"": 1.0}"
o3,UTF16->String,CJK,7,14,7,7,swift-decoding,22,246.88539929107588,239.34498563166127,500.25849666388655,3.3893150869302646,swift-decoding,3.3893150869302646,swift-decoding,3.3893150869302646,"{""o3-run1"": 249.30718306922435, ""o3-run2"": 246.35182423338549}","{""o3-run1"": 3.422223904436357, ""o3-run2"": 3.3823242095232873}"
o3,UTF16->String,CJK,16,32,16,16,foundation-materialized,22,1265.525595408153,1223.8867711193668,1301.53640625,15.380772851136877,swift-decoding,3.9563025420775504,swift-decoding,3.9563025420775504,"{""o3-run1"": 1255.8013245033112, ""o3-run2"": 1274.71359375}","{""o3-run1"": 15.261541917723518, ""o3-run2"": 15.493501997230673}"
o3,UTF16->String,CJK,16,32,16,16,simdutf,22,82.27971426771387,80.396484375,84.9274326609743,1.0,swift-decoding,3.9563025420775504,swift-decoding,3.9563025420775504,"{""o3-run1"": 82.28535041042775, ""o3-run2"": 82.274078125}","{""o3-run1"": 1.0, ""o3-run2"": 1.0}"
o3,UTF16->String,CJK,16,32,16,16,swift-decoding,22,325.52344271877087,320.17334669338675,334.72152638610555,3.9563025420775504,swift-decoding,3.9563025420775504,swift-decoding,3.9563025420775504,"{""o3-run1"": 323.189796259185, ""o3-run2"": 327.9953593024891}","{""o3-run1"": 3.9276711425200204, ""o3-run2"": 3.986618468142077}"
o3,UTF16->String,CJK,128,256,128,128,foundation-materialized,22,7381.430750220737,7182.840731070496,7756.799637352675,54.93330525772329,swift-decoding,5.544701787659457,swift-decoding,5.544701787659457,"{""o3-run1"": 7352.843342036554, ""o3-run2"": 7436.423390752493}","{""o3-run1"": 55.483343027806335, ""o3-run2"": 54.489542003309346}"
o3,UTF16->String,CJK,128,256,128,128,simdutf,22,134.37077407940882,130.7265625,292.7460754843019,1.0,swift-decoding,5.544701787659457,swift-decoding,5.544701787659457,"{""o3-run1"": 132.5234375, ""o3-run2"": 136.4743236472946}","{""o3-run1"": 1.0, ""o3-run2"": 1.0}"
o3,UTF16->String,CJK,128,256,128,128,swift-decoding,22,745.045871247283,709.6068816801051,779.6595598349381,5.544701787659457,swift-decoding,5.544701787659457,swift-decoding,5.544701787659457,"{""o3-run1"": 737.7062628914307, ""o3-run2"": 754.9432599724897}","{""o3-run1"": 5.566609777168138, ""o3-run2"": 5.531760405888301}"
o3,UTF16->String,CJK,1024,2048,1024,1024,foundation-materialized,22,57260.46191042999,55205.41958041958,72291.07092198581,22.27337339722168,swift-decoding,1.5513296633350824,swift-decoding,1.5513296633350824,"{""o3-run1"": 57266.55319148936, ""o3-run2"": 57254.37062937063}","{""o3-run1"": 22.33235069565134, ""o3-run2"": 22.043665179488773}"
o3,UTF16->String,CJK,1024,2048,1024,1024,simdutf,22,2570.803303534278,2444.8865560447002,3486.6448538754767,1.0,swift-decoding,1.5513296633350824,swift-decoding,1.5513296633350824,"{""o3-run1"": 2564.2868487928845, ""o3-run2"": 2597.316288520149}","{""o3-run1"": 1.0, ""o3-run2"": 1.0}"
o3,UTF16->String,CJK,1024,2048,1024,1024,swift-decoding,22,3988.1634233725486,3841.2031648800407,4070.337407013815,1.5513296633350824,swift-decoding,1.5513296633350824,swift-decoding,1.5513296633350824,"{""o3-run1"": 3986.621745788668, ""o3-run2"": 3989.7051009564293}","{""o3-run1"": 1.5546707450710262, ""o3-run2"": 1.536087506396693}"
o3,UTF16->String,CJK,16384,32768,16384,16384,foundation-materialized,22,895309.875,874697.875,907500.0,22.865333919768748,swift-decoding,1.4721616409497758,swift-decoding,1.4721616409497758,"{""o3-run1"": 900125.0, ""o3-run2"": 891729.125}","{""o3-run1"": 22.955359511601557, ""o3-run2"": 22.791443521491132}"
o3,UTF16->String,CJK,16384,32768,16384,16384,simdutf,22,39155.775207198676,38562.09708737864,39680.6213592233,1.0,swift-decoding,1.4721616409497758,swift-decoding,1.4721616409497758,"{""o3-run1"": 39211.97572815534, ""o3-run2"": 39125.60975609756}","{""o3-run1"": 1.0, ""o3-run2"": 1.0}"
o3,UTF16->String,CJK,16384,32768,16384,16384,swift-decoding,22,57643.630281690144,55837.44366197183,59131.85,1.4721616409497758,swift-decoding,1.4721616409497758,swift-decoding,1.4721616409497758,"{""o3-run1"": 57917.264285714286, ""o3-run2"": 57553.69718309859}","{""o3-run1"": 1.477029994286363, ""o3-run2"": 1.4709980890234968}"
o3,UTF16->String,CJK,262144,524288,262144,262144,foundation-materialized,22,14344417.0,13946500.0,14746959.0,22.827241588909015,swift-decoding,1.4846714492127933,swift-decoding,1.4846714492127933,"{""o3-run1"": 14287750.0, ""o3-run2"": 14411208.0}","{""o3-run1"": 22.68645838626086, ""o3-run2"": 22.998137642130462}"
o3,UTF16->String,CJK,262144,524288,262144,262144,simdutf,22,628390.2916666667,609125.0,716875.0,1.0,swift-decoding,1.4846714492127933,swift-decoding,1.4846714492127933,"{""o3-run1"": 629792.0, ""o3-run2"": 626625.0}","{""o3-run1"": 1.0, ""o3-run2"": 1.0}"
o3,UTF16->String,CJK,262144,524288,262144,262144,swift-decoding,22,932953.125,913434.4285714285,1026583.4285714285,1.4846714492127933,swift-decoding,1.4846714492127933,swift-decoding,1.4846714492127933,"{""o3-run1"": 938125.0, ""o3-run2"": 927781.25}","{""o3-run1"": 1.4895790991311417, ""o3-run2"": 1.4806004388589666}"
o3,UTF16->String,CJK,1048576,2097152,1048576,1048576,foundation-materialized,22,57071333.5,55704333.0,64890958.0,22.741358193591232,swift-decoding,1.4694089656317448,swift-decoding,1.4694089656317448,"{""o3-run1"": 56771208.0, ""o3-run2"": 57486417.0}","{""o3-run1"": 22.634167682774887, ""o3-run2"": 22.89421382938121}"
o3,UTF16->String,CJK,1048576,2097152,1048576,1048576,simdutf,22,2509583.3333333335,2390347.3333333335,2575625.0,1.0,swift-decoding,1.4694089656317448,swift-decoding,1.4694089656317448,"{""o3-run1"": 2508208.3333333335, ""o3-run2"": 2510958.3333333335}","{""o3-run1"": 1.0, ""o3-run2"": 1.0}"
o3,UTF16->String,CJK,1048576,2097152,1048576,1048576,swift-decoding,22,3687604.25,3607396.0,3866250.0,1.4694089656317448,swift-decoding,1.4694089656317448,swift-decoding,1.4694089656317448,"{""o3-run1"": 3685125.0, ""o3-run2"": 3703500.0}","{""o3-run1"": 1.469226041164842, ""o3-run2"": 1.4749348688249837}"
o3,UTF16->String,Emoji,0,0,0,0,foundation-materialized,22,4.572271000000001,4.282459,4.707542,0.6568077129822734,swift-decoding,13.009415759850743,swift-decoding,13.009415759850743,"{""o3-run1"": 4.560917, ""o3-run2"": 4.574125}","{""o3-run1"": 0.6547984853651095, ""o3-run2"": 0.657453797309975}"
o3,UTF16->String,Emoji,0,0,0,0,simdutf,22,6.961354,6.80475,14.128958,1.0,swift-decoding,13.009415759850743,swift-decoding,13.009415759850743,"{""o3-run1"": 6.965375, ""o3-run2"": 6.957333}","{""o3-run1"": 1.0, ""o3-run2"": 1.0}"
o3,UTF16->String,Emoji,0,0,0,0,swift-decoding,22,90.5631484375,88.720046875,94.166671875,13.009415759850743,swift-decoding,13.009415759850743,swift-decoding,13.009415759850743,"{""o3-run1"": 90.563140625, ""o3-run2"": 90.56315625}","{""o3-run1"": 13.00190450980744, ""o3-run2"": 13.01693569216825}"
o3,UTF16->String,Emoji,7,12,6,3,foundation-materialized,22,694.6215544721545,676.1594787174198,1196.3052690793174,23.3314703564472,swift-decoding,5.0311579155358155,swift-decoding,5.0311579155358155,"{""o3-run1"": 694.8598349896869, ""o3-run2"": 692.1408974245509}","{""o3-run1"": 23.42441351943172, ""o3-run2"": 23.131266493951728}"
o3,UTF16->String,Emoji,7,12,6,3,simdutf,22,29.771872233513534,29.003201987242306,30.448342828015235,1.0,swift-decoding,5.0311579155358155,swift-decoding,5.0311579155358155,"{""o3-run1"": 29.663916, ""o3-run2"": 29.922308733312512}","{""o3-run1"": 1.0, ""o3-run2"": 1.0}"
o3,UTF16->String,Emoji,7,12,6,3,swift-decoding,22,149.78699064796257,145.65414161656648,158.01045841683367,5.0311579155358155,swift-decoding,5.0311579155358155,swift-decoding,5.0311579155358155,"{""o3-run1"": 150.2370991983968, ""o3-run2"": 149.74914412157648}","{""o3-run1"": 5.064641472096834, ""o3-run2"": 5.004598590845389}"
o3,UTF16->String,Emoji,16,32,16,9,foundation-materialized,22,1402.2792660841892,1335.3830248457562,1454.0493251124813,18.81366239282807,swift-decoding,4.289718512263702,swift-decoding,4.289718512263702,"{""o3-run1"": 1403.4378856094713, ""o3-run2"": 1401.1206465589069}","{""o3-run1"": 18.991273294328746, ""o3-run2"": 18.494601289081967}"
o3,UTF16->String,Emoji,16,32,16,9,simdutf,22,74.53515625,71.416015625,77.14448122930851,1.0,swift-decoding,4.289718512263702,swift-decoding,4.289718512263702,"{""o3-run1"": 73.89909375, ""o3-run2"": 75.758359137271}","{""o3-run1"": 1.0, ""o3-run2"": 1.0}"
o3,UTF16->String,Emoji,16,32,16,9,swift-decoding,22,319.73483958009257,309.9018897768898,332.1764901764902,4.289718512263702,swift-decoding,4.289718512263702,swift-decoding,4.289718512263702,"{""o3-run1"": 321.31450400801606, ""o3-run2"": 314.411297036297}","{""o3-run1"": 4.348016838948259, ""o3-run2"": 4.150186205413937}"
o3,UTF16->String,Emoji,128,256,128,77,foundation-materialized,22,8599.353814401798,8407.632780082988,8938.53734439834,50.70132685704018,swift-decoding,3.600428553452923,swift-decoding,3.600428553452923,"{""o3-run1"": 8628.038541666667, ""o3-run2"": 8570.66908713693}","{""o3-run1"": 51.11476378115751, ""o3-run2"": 50.3998764337193}"
o3,UTF16->String,Emoji,128,256,128,77,simdutf,22,169.6080625,160.58937109902544,174.21875,1.0,swift-decoding,3.600428553452923,swift-decoding,3.600428553452923,"{""o3-run1"": 168.79738657517245, ""o3-run2"": 170.053375}","{""o3-run1"": 1.0, ""o3-run2"": 1.0}"
o3,UTF16->String,Emoji,128,256,128,77,swift-decoding,22,610.6617111208279,593.61,637.9749307681096,3.600428553452923,swift-decoding,3.600428553452923,swift-decoding,3.600428553452923,"{""o3-run1"": 609.736328125, ""o3-run2"": 610.8165719282904}","{""o3-run1"": 3.6122379646764213, ""o3-run2"": 3.5919109040222836}"
o3,UTF16->String,Emoji,1024,2048,1024,622,foundation-materialized,22,66185.4803375751,64789.858695652176,69834.69565217392,27.319686129143296,swift-decoding,1.3209863134054989,swift-decoding,1.3209863134054989,"{""o3-run1"": 66368.90243902439, ""o3-run2"": 65847.82608695653}","{""o3-run1"": 27.18043236804058, ""o3-run2"": 27.23956967294772}"
o3,UTF16->String,Emoji,1024,2048,1024,622,simdutf,22,2422.6296021377675,2354.922249539029,2556.699446834665,1.0,swift-decoding,1.3209863134054989,swift-decoding,1.3209863134054989,"{""o3-run1"": 2441.7897971727107, ""o3-run2"": 2417.3592636579574}","{""o3-run1"": 1.0, ""o3-run2"": 1.0}"
o3,UTF16->String,Emoji,1024,2048,1024,622,swift-decoding,22,3200.260546875,3135.1890625,6240.559765625,1.3209863134054989,swift-decoding,1.3209863134054989,swift-decoding,1.3209863134054989,"{""o3-run1"": 3208.18671875, ""o3-run2"": 3174.690625}","{""o3-run1"": 1.313866870303366, ""o3-run2"": 1.3132887083552678}"
o3,UTF16->String,Emoji,16384,32768,16384,9972,foundation-materialized,22,1057550.6428571427,1028017.8571428572,1119964.2857142857,28.0237772566159,swift-decoding,1.2842010840110134,swift-decoding,1.2842010840110134,"{""o3-run1"": 1048684.5714285714, ""o3-run2"": 1068845.142857143}","{""o3-run1"": 27.789327980372033, ""o3-run2"": 28.322567457072772}"
o3,UTF16->String,Emoji,16384,32768,16384,9972,simdutf,22,37737.61949265688,36734.83410138249,39158.410138248844,1.0,swift-decoding,1.2842010840110134,swift-decoding,1.2842010840110134,"{""o3-run1"": 37736.95327102804, ""o3-run2"": 37738.28571428572}","{""o3-run1"": 1.0, ""o3-run2"": 1.0}"
o3,UTF16->String,Emoji,16384,32768,16384,9972,swift-decoding,22,48462.691860465115,46937.619883040934,61856.59302325582,1.2842010840110134,swift-decoding,1.2842010840110134,swift-decoding,1.2842010840110134,"{""o3-run1"": 47825.783625731, ""o3-run2"": 49221.41860465116}","{""o3-run1"": 1.2673461814006193, ""o3-run2"": 1.3042833735825614}"
o3,UTF16->String,Emoji,262144,524288,262144,159565,foundation-materialized,22,16997208.5,16608000.0,17364875.0,28.070819891166327,swift-decoding,1.2796203815299403,swift-decoding,1.2796203815299403,"{""o3-run1"": 16997500.0, ""o3-run2"": 16996917.0}","{""o3-run1"": 28.164422847128176, ""o3-run2"": 27.92074163431439}"
o3,UTF16->String,Emoji,262144,524288,262144,159565,simdutf,22,605511.6510989012,581907.7142857143,621613.0714285715,1.0,swift-decoding,1.2796203815299403,swift-decoding,1.2796203815299403,"{""o3-run1"": 603509.6153846154, ""o3-run2"": 608755.9285714285}","{""o3-run1"": 1.0, ""o3-run2"": 1.0}"
o3,UTF16->String,Emoji,262144,524288,262144,159565,swift-decoding,22,774825.05,749675.0,807129.1,1.2796203815299403,swift-decoding,1.2796203815299403,swift-decoding,1.2796203815299403,"{""o3-run1"": 775170.9, ""o3-run2"": 774400.0}","{""o3-run1"": 1.2844383589580182, ""o3-run2"": 1.2721026008194933}"
o3,UTF16->String,Emoji,1048576,2097152,1048576,638263,foundation-materialized,22,67752729.5,66822708.0,70453625.0,27.993299851527865,swift-decoding,1.272348444079387,swift-decoding,1.272348444079387,"{""o3-run1"": 68110250.0, ""o3-run2"": 67405166.0}","{""o3-run1"": 28.072712909375053, ""o3-run2"": 28.48941830249893}"
o3,UTF16->String,Emoji,1048576,2097152,1048576,638263,simdutf,22,2420319.5,2316666.6666666665,2562319.6666666665,1.0,swift-decoding,1.272348444079387,swift-decoding,1.272348444079387,"{""o3-run1"": 2426208.3333333335, ""o3-run2"": 2365972.0}","{""o3-run1"": 1.0, ""o3-run2"": 1.0}"
o3,UTF16->String,Emoji,1048576,2097152,1048576,638263,swift-decoding,22,3079489.75,2975583.5,6323208.0,1.272348444079387,swift-decoding,1.272348444079387,swift-decoding,1.272348444079387,"{""o3-run1"": 3136771.0, ""o3-run2"": 3068875.0}","{""o3-run1"": 1.292869601057892, ""o3-run2"": 1.2970884693479043}"
o3,UTF16->String,Latin,0,0,0,0,foundation-materialized,22,4.5285205,4.466792,4.655125,0.6527773543429102,swift-decoding,13.134524587575738,swift-decoding,13.134524587575738,"{""o3-run1"": 4.508166, ""o3-run2"": 4.536791}","{""o3-run1"": 0.6491980078937728, ""o3-run2"": 0.6546202053931243}"
o3,UTF16->String,Latin,0,0,0,0,simdutf,22,6.9373125,6.73125,7.260084,1.0,swift-decoding,13.134524587575738,swift-decoding,13.134524587575738,"{""o3-run1"": 6.944208, ""o3-run2"": 6.930417}","{""o3-run1"": 1.0, ""o3-run2"": 1.0}"
o3,UTF16->String,Latin,0,0,0,0,swift-decoding,22,91.11830160294652,89.85734685734685,171.96436296436298,13.134524587575738,swift-decoding,13.134524587575738,swift-decoding,13.134524587575738,"{""o3-run1"": 90.73321573321573, ""o3-run2"": 91.22140374539607}","{""o3-run1"": 13.06602793770229, ""o3-run2"": 13.162469696325065}"
o3,UTF16->String,Latin,7,14,7,7,foundation-materialized,22,43.57966262841502,41.988229488229486,46.42054642054642,1.5264073180864521,swift-decoding,5.109886913578886,swift-decoding,5.109886913578886,"{""o3-run1"": 43.66473466473467, ""o3-run2"": 43.23718420916118}","{""o3-run1"": 1.5286333143080517, ""o3-run2"": 1.5151588445265725}"
o3,UTF16->String,Latin,7,14,7,7,simdutf,22,28.55048066924085,27.563840063840065,29.63039255528173,1.0,swift-decoding,5.109886913578886,swift-decoding,5.109886913578886,"{""o3-run1"": 28.564557802078166, ""o3-run2"": 28.536403536403537}","{""o3-run1"": 1.0, ""o3-run2"": 1.0}"
o3,UTF16->String,Latin,7,14,7,7,swift-decoding,22,145.88972754814077,141.94436835989376,153.672515625,5.109886913578886,swift-decoding,5.109886913578886,swift-decoding,5.109886913578886,"{""o3-run1"": 145.84976759628154, ""o3-run2"": 145.9296875}","{""o3-run1"": 5.105969733782137, ""o3-run2"": 5.113807958099531}"
o3,UTF16->String,Latin,16,32,16,16,foundation-materialized,22,694.0774407619817,669.1472904556534,713.5767777396084,10.018446718328331,swift-decoding,3.5061525923439003,swift-decoding,3.5061525923439003,"{""o3-run1"": 696.5724264284896, ""o3-run2"": 692.0120007500469}","{""o3-run1"": 10.077377534690694, ""o3-run2"": 9.957846726736854}"
o3,UTF16->String,Latin,16,32,16,16,simdutf,22,69.27994531249999,66.654953125,71.283859375,1.0,swift-decoding,3.5061525923439003,swift-decoding,3.5061525923439003,"{""o3-run1"": 69.122390625, ""o3-run2"": 69.494140625}","{""o3-run1"": 1.0, ""o3-run2"": 1.0}"
o3,UTF16->String,Latin,16,32,16,16,swift-decoding,22,242.90605985486548,236.35343285761215,250.73565625,3.5061525923439003,swift-decoding,3.5061525923439003,swift-decoding,3.5061525923439003,"{""o3-run1"": 243.28646875, ""o3-run2"": 239.14570938423915}","{""o3-run1"": 3.519647780555912, ""o3-run2"": 3.4412355809204476}"
o3,UTF16->String,Latin,128,256,128,128,foundation-materialized,22,3358.6341307133707,3278.8158906450235,3456.166192604632,35.01328463496232,swift-decoding,4.3199731539548525,swift-decoding,4.3199731539548525,"{""o3-run1"": 3324.1670226398974, ""o3-run2"": 3405.7635107679803}","{""o3-run1"": 34.77839717873799, ""o3-run2"": 35.271163704084294}"
o3,UTF16->String,Latin,128,256,128,128,simdutf,22,95.92456593917001,93.415359375,102.94633016032064,1.0,swift-decoding,4.3199731539548525,swift-decoding,4.3199731539548525,"{""o3-run1"": 95.581375, ""o3-run2"": 96.55943136272545}","{""o3-run1"": 1.0, ""o3-run2"": 1.0}"
o3,UTF16->String,Latin,128,256,128,128,swift-decoding,22,414.39154966198646,403.93484139365574,429.81049979962216,4.3199731539548525,swift-decoding,4.3199731539548525,swift-decoding,4.3199731539548525,"{""o3-run1"": 413.0178367134685, ""o3-run2"": 419.1212572279155}","{""o3-run1"": 4.3211121069713485, ""o3-run2"": 4.340552251736931}"
o3,UTF16->String,Latin,1024,2048,1024,1024,foundation-materialized,22,24694.199115044248,23613.445427728613,25534.660766961653,36.64161194354294,swift-decoding,2.442588720700186,swift-decoding,2.442588720700186,"{""o3-run1"": 24561.037837837837, ""o3-run2"": 24832.964601769912}","{""o3-run1"": 36.53360072175137, ""o3-run2"": 36.581293573925}"
o3,UTF16->String,Latin,1024,2048,1024,1024,simdutf,22,673.9386671386849,658.161999562459,701.7976372784949,1.0,swift-decoding,2.442588720700186,swift-decoding,2.442588720700186,"{""o3-run1"": 672.2862612119886, ""o3-run2"": 678.8432604655279}","{""o3-run1"": 1.0, ""o3-run2"": 1.0}"
o3,UTF16->String,Latin,1024,2048,1024,1024,swift-decoding,22,1646.1549867966687,1595.982584603206,1694.308957952468,2.442588720700186,swift-decoding,2.442588720700186,swift-decoding,2.442588720700186,"{""o3-run1"": 1637.5501682169008, ""o3-run2"": 1647.0818606540727}","{""o3-run1"": 2.4357929987513764, ""o3-run2"": 2.426306566739072}"
o3,UTF16->String,Latin,16384,32768,16384,16384,foundation-materialized,22,392532.8849206349,378644.85714285716,429465.27777777775,40.209556832991716,swift-decoding,2.4087624121075617,swift-decoding,2.4087624121075617,"{""o3-run1"": 387190.4761904762, ""o3-run2"": 397053.27777777775}","{""o3-run1"": 39.73598459607508, ""o3-run2"": 40.576492482001136}"
o3,UTF16->String,Latin,16384,32768,16384,16384,simdutf,22,9762.178840990455,9546.936754176611,10138.57398568019,1.0,swift-decoding,2.4087624121075617,swift-decoding,2.4087624121075617,"{""o3-run1"": 9744.0765625, ""o3-run2"": 9785.303102625297}","{""o3-run1"": 1.0, ""o3-run2"": 1.0}"
o3,UTF16->String,Latin,16384,32768,16384,16384,swift-decoding,22,23514.769452449567,23130.935754189944,24150.936599423632,2.4087624121075617,swift-decoding,2.4087624121075617,swift-decoding,2.4087624121075617,"{""o3-run1"": 23547.368715083798, ""o3-run2"": 23501.56195965418}","{""o3-run1"": 2.416582891569803, ""o3-run2"": 2.401720387521665}"
o3,UTF16->String,Latin,262144,524288,262144,262144,foundation-materialized,22,6180708.0,6021625.0,16846208.0,40.2326476524005,swift-decoding,2.4984375612677097,swift-decoding,2.4984375612677097,"{""o3-run1"": 6193542.0, ""o3-run2"": 6163333.0}","{""o3-run1"": 40.87655966880662, ""o3-run2"": 39.67994835680111}"
o3,UTF16->String,Latin,262144,524288,262144,262144,simdutf,22,153624.1923076923,145217.43636363637,158363.78846153847,1.0,swift-decoding,2.4984375612677097,swift-decoding,2.4984375612677097,"{""o3-run1"": 151518.18181818182, ""o3-run2"": 155326.13461538462}","{""o3-run1"": 1.0, ""o3-run2"": 1.0}"
o3,UTF16->String,Latin,262144,524288,262144,262144,swift-decoding,22,383820.4523809524,367197.2,391795.6666666667,2.4984375612677097,swift-decoding,2.4984375612677097,swift-decoding,2.4984375612677097,"{""o3-run1"": 376463.86666666664, ""o3-run2"": 384736.14285714284}","{""o3-run1"": 2.4846118277634446, ""o3-run2"": 2.476956912690955}"
o3,UTF16->String,Latin,1048576,2097152,1048576,1048576,foundation-materialized,22,24629791.5,24157375.0,25023583.0,40.32471768808998,swift-decoding,2.515759115211775,swift-decoding,2.515759115211775,"{""o3-run1"": 24495708.0, ""o3-run2"": 24808750.0}","{""o3-run1"": 40.2712864190197, ""o3-run2"": 40.30438573939164}"
o3,UTF16->String,Latin,1048576,2097152,1048576,1048576,simdutf,22,610786.4583333333,600184.0,632364.5833333334,1.0,swift-decoding,2.515759115211775,swift-decoding,2.515759115211775,"{""o3-run1"": 608267.3333333334, ""o3-run2"": 615534.75}","{""o3-run1"": 1.0, ""o3-run2"": 1.0}"
o3,UTF16->String,Latin,1048576,2097152,1048576,1048576,swift-decoding,22,1536591.6,1502366.6,1569625.0,2.515759115211775,swift-decoding,2.515759115211775,swift-decoding,2.515759115211775,"{""o3-run1"": 1533658.2, ""o3-run2"": 1537308.2}","{""o3-run1"": 2.5213555224073625, ""o3-run2"": 2.49751650901919}"
o3,UTF16->String,Malformed,0,0,0,0,simdutf,22,6.724209,6.388042,6.942958,1.0,swift-decoding,13.535064199875087,swift-decoding,13.535064199875087,"{""o3-run1"": 6.681209, ""o3-run2"": 6.7685}","{""o3-run1"": 1.0, ""o3-run2"": 1.0}"
o3,UTF16->String,Malformed,0,0,0,0,swift-decoding,22,91.01260050837786,88.9700625,93.041671875,13.535064199875087,swift-decoding,13.535064199875087,swift-decoding,13.535064199875087,"{""o3-run1"": 90.58074389168439, ""o3-run2"": 91.33528125}","{""o3-run1"": 13.557537848566687, ""o3-run2"": 13.494168759695647}"
o3,UTF16->String,Malformed,7,14,7,6,simdutf,22,38.895713255563,37.46782460569742,39.661140600364014,1.0,swift-decoding,4.010404894773685,swift-decoding,4.010404894773685,"{""o3-run1"": 38.91499644561276, ""o3-run2"": 38.76886340476661}","{""o3-run1"": 1.0, ""o3-run2"": 1.0}"
o3,UTF16->String,Malformed,7,14,7,6,swift-decoding,22,155.98755882582356,150.59410831751646,161.7612646577052,4.010404894773685,swift-decoding,4.010404894773685,swift-decoding,4.010404894773685,"{""o3-run1"": 155.37167520345284, ""o3-run2"": 156.12786979017707}","{""o3-run1"": 3.9925912731509268, ""o3-run2"": 4.027145912432945}"
o3,UTF16->String,Malformed,16,32,16,14,simdutf,22,98.9202578125,96.279296875,101.861328125,1.0,swift-decoding,2.7592352669345472,swift-decoding,2.7592352669345472,"{""o3-run1"": 99.22396875, ""o3-run2"": 98.0950625}","{""o3-run1"": 1.0, ""o3-run2"": 1.0}"
o3,UTF16->String,Malformed,16,32,16,14,swift-decoding,22,272.9442639705077,263.7697558126802,563.30078125,2.7592352669345472,swift-decoding,2.7592352669345472,swift-decoding,2.7592352669345472,"{""o3-run1"": 277.1640625, ""o3-run2"": 272.3625579443005}","{""o3-run1"": 2.793317642820047, ""o3-run2"": 2.7765164831237095}"
o3,UTF16->String,Malformed,128,256,128,112,simdutf,22,314.5586913086913,307.6975108225108,770.970362970363,1.0,swift-decoding,2.204679081030512,swift-decoding,2.204679081030512,"{""o3-run1"": 315.4293623043623, ""o3-run2"": 312.7272311022311}","{""o3-run1"": 1.0, ""o3-run2"": 1.0}"
o3,UTF16->String,Malformed,128,256,128,112,swift-decoding,22,693.5009664846061,676.8783048940559,1445.3185148185148,2.204679081030512,swift-decoding,2.204679081030512,swift-decoding,2.204679081030512,"{""o3-run1"": 694.1356976356976, ""o3-run2"": 690.7462966435402}","{""o3-run1"": 2.2006058426669743, ""o3-run2"": 2.208782056519197}"
o3,UTF16->String,Malformed,1024,2048,1024,896,simdutf,22,3829.4575299635226,3755.1896821261075,3897.5533395176253,1.0,swift-decoding,1.0438116476071768,swift-decoding,1.0438116476071768,"{""o3-run1"": 3822.498697238145, ""o3-run2"": 3845.6247680890538}","{""o3-run1"": 1.0, ""o3-run2"": 1.0}"
o3,UTF16->String,Malformed,1024,2048,1024,896,swift-decoding,22,3997.2323737929346,3922.8757425742574,4286.2093397745575,1.0438116476071768,swift-decoding,1.0438116476071768,swift-decoding,1.0438116476071768,"{""o3-run1"": 4007.850241545894, ""o3-run2"": 3991.6460396039606}","{""o3-run1"": 1.0484896291636856, ""o3-run2"": 1.0379707538620486}"
o3,UTF16->String,Malformed,16384,32768,16384,14336,simdutf,22,59921.12140650986,57948.97101449275,61668.77536231884,1.0,swift-decoding,1.024309972812656,swift-decoding,1.024309972812656,"{""o3-run1"": 59771.860655737706, ""o3-run2"": 60034.115942028984}","{""o3-run1"": 1.0, ""o3-run2"": 1.0}"
o3,UTF16->String,Malformed,16384,32768,16384,14336,swift-decoding,22,61377.80223880597,60258.204545454544,62882.26515151515,1.024309972812656,swift-decoding,1.024309972812656,swift-decoding,1.024309972812656,"{""o3-run1"": 61721.70895522388, ""o3-run2"": 61077.65151515151}","{""o3-run1"": 1.0326215091532207, ""o3-run2"": 1.0173823759498717}"
o3,UTF16->String,Malformed,262144,524288,262144,229376,simdutf,22,952382.8125,930177.125,1009635.375,1.0,swift-decoding,1.0270455846765925,swift-decoding,1.0270455846765925,"{""o3-run1"": 964708.375, ""o3-run2"": 948864.625}","{""o3-run1"": 1.0, ""o3-run2"": 1.0}"
o3,UTF16->String,Malformed,262144,524288,262144,229376,swift-decoding,22,978140.5625,956239.625,1027713.625,1.0270455846765925,swift-decoding,1.0270455846765925,swift-decoding,1.0270455846765925,"{""o3-run1"": 980510.375, ""o3-run2"": 975614.5}","{""o3-run1"": 1.0163800796276905, ""o3-run2"": 1.0281914556568066}"
o3,UTF16->String,Malformed,1048576,2097152,1048576,917504,simdutf,22,3809760.5,3705146.0,3889208.5,1.0,swift-decoding,1.0303961364500471,swift-decoding,1.0303961364500471,"{""o3-run1"": 3821583.5, ""o3-run2"": 3793104.0}","{""o3-run1"": 1.0, ""o3-run2"": 1.0}"
o3,UTF16->String,Malformed,1048576,2097152,1048576,917504,swift-decoding,22,3925562.5,3804375.0,3975500.0,1.0303961364500471,swift-decoding,1.0303961364500471,swift-decoding,1.0303961364500471,"{""o3-run1"": 3932562.5, ""o3-run2"": 3925104.0}","{""o3-run1"": 1.029040056301269, ""o3-run2"": 1.0347999949381825}"
o3,UTF16->String,Mixed,0,0,0,0,foundation-materialized,22,4.584728500000001,4.417625,4.704791,0.6508161199310081,swift-decoding,13.0440566952538,swift-decoding,13.0440566952538,"{""o3-run1"": 4.619083, ""o3-run2"": 4.582916}","{""o3-run1"": 0.655925668584139, ""o3-run2"": 0.6505241549312067}"
o3,UTF16->String,Mixed,0,0,0,0,simdutf,22,7.0445835,6.831791,7.269375,1.0,swift-decoding,13.0440566952538,swift-decoding,13.0440566952538,"{""o3-run1"": 7.042083, ""o3-run2"": 7.044959}","{""o3-run1"": 1.0, ""o3-run2"": 1.0}"
o3,UTF16->String,Mixed,0,0,0,0,swift-decoding,22,91.88994656844945,90.09138351403227,94.804046875,13.0440566952538,swift-decoding,13.0440566952538,swift-decoding,13.0440566952538,"{""o3-run1"": 92.192046875, ""o3-run2"": 91.7168127820719}","{""o3-run1"": 13.091587655953502, ""o3-run2"": 13.018785883930892}"
o3,UTF16->String,Mixed,7,14,7,7,foundation-materialized,22,44.02698502698503,41.73457495605291,47.326827968286345,1.5674050918654858,swift-decoding,5.192798918186401,swift-decoding,5.192798918186401,"{""o3-run1"": 44.61541611541612, ""o3-run2"": 42.97077198251341}","{""o3-run1"": 1.5629092653242564, ""o3-run2"": 1.5321010625479372}"
o3,UTF16->String,Mixed,7,14,7,7,simdutf,22,28.0890914897981,27.748381773361146,29.767000989129823,1.0,swift-decoding,5.192798918186401,swift-decoding,5.192798918186401,"{""o3-run1"": 28.546389163647174, ""o3-run2"": 28.04695658330236}","{""o3-run1"": 1.0, ""o3-run2"": 1.0}"
o3,UTF16->String,Mixed,7,14,7,7,swift-decoding,22,145.86100390106242,140.19532815631263,154.36168169672678,5.192798918186401,swift-decoding,5.192798918186401,swift-decoding,5.192798918186401,"{""o3-run1"": 148.67320056780227, ""o3-run2"": 143.76433847941567}","{""o3-run1"": 5.208126313822288, ""o3-run2"": 5.1258445119498335}"
o3,UTF16->String,Mixed,16,32,16,16,foundation-materialized,22,818.4090189090189,782.4204935957513,867.0207226908258,10.422655715657319,swift-decoding,3.1991799486124264,swift-decoding,3.1991799486124264,"{""o3-run1"": 804.3623867541394, ""o3-run2"": 827.4881694881694}","{""o3-run1"": 10.17593349094251, ""o3-run2"": 10.635625259847364}"
o3,UTF16->String,Mixed,16,32,16,16,simdutf,22,78.52211962442288,77.07284328474347,225.598953125,1.0,swift-decoding,3.1991799486124264,swift-decoding,3.1991799486124264,"{""o3-run1"": 79.0455625, ""o3-run2"": 77.80343414431707}","{""o3-run1"": 1.0, ""o3-run2"": 1.0}"
o3,UTF16->String,Mixed,16,32,16,16,swift-decoding,22,251.206390625,244.5169375,308.66015625,3.1991799486124264,swift-decoding,3.1991799486124264,swift-decoding,3.1991799486124264,"{""o3-run1"": 247.93359375, ""o3-run2"": 251.41015625}","{""o3-run1"": 3.136590921849661, ""o3-run2"": 3.231350376946871}"
o3,UTF16->String,Mixed,128,256,128,116,foundation-materialized,22,5669.743319268636,5479.869901547117,11797.942228335625,38.560118239506885,swift-decoding,3.5856434243926265,swift-decoding,3.5856434243926265,"{""o3-run1"": 5794.303301237965, ""o3-run2"": 5641.43811533052}","{""o3-run1"": 39.19169845461494, ""o3-run2"": 38.61209415085991}"
o3,UTF16->String,Mixed,128,256,128,116,simdutf,22,147.0364609375,141.716140625,279.9644497327989,1.0,swift-decoding,3.5856434243926265,swift-decoding,3.5856434243926265,"{""o3-run1"": 147.84516950567803, ""o3-run2"": 146.10546875}","{""o3-run1"": 1.0, ""o3-run2"": 1.0}"
o3,UTF16->String,Mixed,128,256,128,116,swift-decoding,22,527.2203193065102,517.8986271725164,810.9615176151761,3.5856434243926265,swift-decoding,3.5856434243926265,swift-decoding,3.5856434243926265,"{""o3-run1"": 529.909078590786, ""o3-run2"": 522.2661797524853}","{""o3-run1"": 3.5842163823312108, ""o3-run2"": 3.574583376109837}"
o3,UTF16->String,Mixed,1024,2046,1023,923,foundation-materialized,22,44671.52777777778,43333.333333333336,45734.72222222222,23.10765435842601,swift-decoding,1.3982377272740099,swift-decoding,1.3982377272740099,"{""o3-run1"": 44196.8085106383, ""o3-run2"": 45002.311111111114}","{""o3-run1"": 23.39667399708013, ""o3-run2"": 23.153035712155603}"
o3,UTF16->String,Mixed,1024,2046,1023,923,simdutf,22,1933.1917937178546,1851.802,1979.9167278961547,1.0,swift-decoding,1.3982377272740099,swift-decoding,1.3982377272740099,"{""o3-run1"": 1889.021, ""o3-run2"": 1943.6894440362478}","{""o3-run1"": 1.0, ""o3-run2"": 1.0}"
o3,UTF16->String,Mixed,1024,2046,1023,923,swift-decoding,22,2703.0617000328193,2602.3002953724977,2769.3206326383897,1.3982377272740099,swift-decoding,1.3982377272740099,swift-decoding,1.3982377272740099,"{""o3-run1"": 2703.861503117821, ""o3-run2"": 2697.220345075485}","{""o3-run1"": 1.4313559791647743, ""o3-run2"": 1.3876807086395766}"
o3,UTF16->String,Mixed,16384,32766,16383,14747,foundation-materialized,22,702236.7272727273,678810.6363636364,746234.8181818182,24.788204064153117,swift-decoding,1.3756421331037287,swift-decoding,1.3756421331037287,"{""o3-run1"": 694026.4545454546, ""o3-run2"": 708397.7272727273}","{""o3-run1"": 24.808908349984872, ""o3-run2"": 24.625645212261666}"
o3,UTF16->String,Mixed,16384,32766,16383,14747,simdutf,22,28329.47177033493,27199.636363636364,29284.940350877194,1.0,swift-decoding,1.3756421331037287,swift-decoding,1.3756421331037287,"{""o3-run1"": 27974.88888888889, ""o3-run2"": 28766.666666666668}","{""o3-run1"": 1.0, ""o3-run2"": 1.0}"
o3,UTF16->String,Mixed,16384,32766,16383,14747,swift-decoding,22,38971.21497584541,38047.81428571429,40843.80193236715,1.3756421331037287,swift-decoding,1.3756421331037287,swift-decoding,1.3756421331037287,"{""o3-run1"": 38438.490476190476, ""o3-run2"": 39042.270531400965}","{""o3-run1"": 1.3740355012261563, ""o3-run2"": 1.357205232841285}"
o3,UTF16->String,Mixed,262144,524286,262143,235931,foundation-materialized,22,11337354.5,10984833.0,19584250.0,24.55393633256762,swift-decoding,1.3658940954511696,swift-decoding,1.3658940954511696,"{""o3-run1"": 11422958.0, ""o3-run2"": 11302750.0}","{""o3-run1"": 24.73121201474588, ""o3-run2"": 24.779140807608606}"
o3,UTF16->String,Mixed,262144,524286,262143,235931,simdutf,22,461732.6666666666,447025.5,696517.1764705882,1.0,swift-decoding,1.3658940954511696,swift-decoding,1.3658940954511696,"{""o3-run1"": 461884.27777777775, ""o3-run2"": 456139.70588235295}","{""o3-run1"": 1.0, ""o3-run2"": 1.0}"
o3,UTF16->String,Mixed,262144,524286,262143,235931,swift-decoding,22,630677.923076923,613541.6923076923,687150.6923076923,1.3658940954511696,swift-decoding,1.3658940954511696,swift-decoding,1.3658940954511696,"{""o3-run1"": 634022.4615384615, ""o3-run2"": 627489.5833333334}","{""o3-run1"": 1.37268682231159, ""o3-run2"": 1.375652185594154}"
o3,UTF16->String,Mixed,1048576,2097152,1048576,943720,foundation-materialized,22,44604959.0,43738750.0,45286500.0,24.775584542976,swift-decoding,1.37121910003715,swift-decoding,1.37121910003715,"{""o3-run1"": 44179042.0, ""o3-run2"": 44979375.0}","{""o3-run1"": 24.826949794441266, ""o3-run2"": 24.874963275322745}"
o3,UTF16->String,Mixed,1048576,2097152,1048576,943720,simdutf,22,1800359.5,1729552.25,1834760.5,1.0,swift-decoding,1.37121910003715,swift-decoding,1.37121910003715,"{""o3-run1"": 1779479.25, ""o3-run2"": 1808218.75}","{""o3-run1"": 1.0, ""o3-run2"": 1.0}"
o3,UTF16->String,Mixed,1048576,2097152,1048576,943720,swift-decoding,22,2468687.3333333335,2419805.3333333335,2553055.6666666665,1.37121910003715,swift-decoding,1.37121910003715,swift-decoding,1.37121910003715,"{""o3-run1"": 2453236.3333333335, ""o3-run2"": 2500291.6666666665}","{""o3-run1"": 1.378625984727461, ""o3-run2"": 1.3827373854334086}"
o3,UTF32->String,ASCII,0,0,0,0,simdutf,22,6.905082999999999,6.639084,7.041166,1.0,swift-decoding,16.28579265448366,swift-decoding,16.28579265448366,"{""o3-run1"": 6.859209, ""o3-run2"": 6.92775}","{""o3-run1"": 1.0, ""o3-run2"": 1.0}"
o3,UTF32->String,ASCII,0,0,0,0,swift-decoding,22,112.45474999999999,108.41928125,114.882171875,16.28579265448366,swift-decoding,16.28579265448366,swift-decoding,16.28579265448366,"{""o3-run1"": 112.63671875, ""o3-run2"": 112.35546875}","{""o3-run1"": 16.421240226096042, ""o3-run2"": 16.218175995092203}"
o3,UTF32->String,ASCII,7,28,7,7,simdutf,22,30.671924848600106,30.102666642230083,38.251808001759436,1.0,swift-decoding,8.647000345880098,swift-decoding,8.647000345880098,"{""o3-run1"": 30.625757381375657, ""o3-run2"": 30.912128294044344}","{""o3-run1"": 1.0, ""o3-run2"": 1.0}"
o3,UTF32->String,ASCII,7,28,7,7,swift-decoding,22,265.2201447746535,258.80440871557965,328.3756502127969,8.647000345880098,swift-decoding,8.647000345880098,swift-decoding,8.647000345880098,"{""o3-run1"": 265.3489869411807, ""o3-run2"": 264.86391055642224}","{""o3-run1"": 8.66424244262271, ""o3-run2"": 8.568284526932816}"
o3,UTF32->String,ASCII,16,64,16,16,simdutf,22,72.31510156249999,66.990234375,91.16563780671267,1.0,swift-decoding,6.030763097460788,swift-decoding,6.030763097460788,"{""o3-run1"": 70.578765625, ""o3-run2"": 75.56067852881672}","{""o3-run1"": 1.0, ""o3-run2"": 1.0}"
o3,UTF32->String,ASCII,16,64,16,16,swift-decoding,22,436.11524589225394,414.7130016602737,751.0305146848343,6.030763097460788,swift-decoding,6.030763097460788,swift-decoding,6.030763097460788,"{""o3-run1"": 421.42085074712315, ""o3-run2"": 453.94887502146906}","{""o3-run1"": 5.970929740911336, ""o3-run2"": 6.007739526165659}"
o3,UTF32->String,ASCII,128,512,128,128,simdutf,22,99.63411718750001,97.4830625,103.494796875,1.0,swift-decoding,19.951679879816133,swift-decoding,19.951679879816133,"{""o3-run1"": 100.535796875, ""o3-run2"": 98.61328125}","{""o3-run1"": 1.0, ""o3-run2"": 1.0}"
o3,UTF32->String,ASCII,128,512,128,128,swift-decoding,22,1987.8680112330867,1960.875,2050.8999234107737,19.951679879816133,swift-decoding,19.951679879816133,swift-decoding,19.951679879816133,"{""o3-run1"": 2011.328823078887, ""o3-run2"": 1974.72925}","{""o3-run1"": 20.006096192579534, ""o3-run2"": 20.024982689641515}"
o3,UTF32->String,ASCII,1024,4096,1024,1024,simdutf,22,337.5101485960718,328.44067876060564,345.8315754933671,1.0,swift-decoding,43.05579444624812,swift-decoding,43.05579444624812,"{""o3-run1"": 336.159564993203, ""o3-run2"": 339.04242253785213}","{""o3-run1"": 1.0, ""o3-run2"": 1.0}"
o3,UTF32->String,ASCII,1024,4096,1024,1024,swift-decoding,22,14531.767581475127,14211.693548387097,15232.824372759856,43.05579444624812,swift-decoding,43.05579444624812,swift-decoding,43.05579444624812,"{""o3-run1"": 14541.665523156089, ""o3-run2"": 14473.193548387097}","{""o3-run1"": 43.25822328884235, ""o3-run2"": 42.68844423671273}"
o3,UTF32->String,ASCII,16384,65536,16384,16384,simdutf,22,4335.099085365853,4241.27743902439,7877.075203252032,1.0,swift-decoding,53.322164752215976,swift-decoding,53.322164752215976,"{""o3-run1"": 4374.280487804878, ""o3-run2"": 4323.215718157182}","{""o3-run1"": 1.0, ""o3-run2"": 1.0}"
o3,UTF32->String,ASCII,16384,65536,16384,16384,swift-decoding,22,231156.86764705883,222179.6875,466122.375,53.322164752215976,swift-decoding,53.322164752215976,swift-decoding,53.322164752215976,"{""o3-run1"": 231627.625, ""o3-run2"": 231109.08823529413}","{""o3-run1"": 52.95216565233028, ""o3-run2"": 53.45768134230575}"
o3,UTF32->String,ASCII,262144,1048576,262144,262144,simdutf,22,68803.01219512196,67223.57723577236,70997.28455284552,1.0,swift-decoding,54.04847667793897,swift-decoding,54.04847667793897,"{""o3-run1"": 69668.8275862069, ""o3-run2"": 68727.9756097561}","{""o3-run1"": 1.0, ""o3-run2"": 1.0}"
o3,UTF32->String,ASCII,262144,1048576,262144,262144,swift-decoding,22,3718698.0,3640792.0,3845604.0,54.04847667793897,swift-decoding,54.04847667793897,swift-decoding,54.04847667793897,"{""o3-run1"": 3695562.5, ""o3-run2"": 3755500.0}","{""o3-run1"": 53.04470633479773, ""o3-run2"": 54.64295967808046}"
o3,UTF32->String,ASCII,1048576,4194304,1048576,1048576,simdutf,22,274530.8793103448,263270.8214285714,287978.4482758621,1.0,swift-decoding,54.78686965118113,swift-decoding,54.78686965118113,"{""o3-run1"": 274956.8965517241, ""o3-run2"": 271569.9285714286}","{""o3-run1"": 1.0, ""o3-run2"": 1.0}"
o3,UTF32->String,ASCII,1048576,4194304,1048576,1048576,swift-decoding,22,15040687.5,14561792.0,18189125.0,54.78686965118113,swift-decoding,54.78686965118113,swift-decoding,54.78686965118113,"{""o3-run1"": 15280667.0, ""o3-run2"": 14751625.0}","{""o3-run1"": 55.574772597585834, ""o3-run2"": 54.3198029236879}"
o3,UTF32->String,CJK,0,0,0,0,simdutf,22,6.9930415,6.738875,7.243792,1.0,swift-decoding,16.138928195709152,swift-decoding,16.138928195709152,"{""o3-run1"": 7.038834, ""o3-run2"": 6.967791}","{""o3-run1"": 1.0, ""o3-run2"": 1.0}"
o3,UTF32->String,CJK,0,0,0,0,swift-decoding,22,112.86019463811422,109.04818227091633,269.9252672010688,16.138928195709152,swift-decoding,16.138928195709152,swift-decoding,16.138928195709152,"{""o3-run1"": 114.9251628256513, ""o3-run2"": 110.06063247011951}","{""o3-run1"": 16.32730120154152, ""o3-run2"": 15.795627691777712}"
o3,UTF32->String,CJK,7,28,7,7,simdutf,22,76.83844981109857,74.60921305182342,79.10225960225961,1.0,swift-decoding,4.71491686533256,swift-decoding,4.71491686533256,"{""o3-run1"": 76.13477200809254, ""o3-run2"": 77.7013902013902}","{""o3-run1"": 1.0, ""o3-run2"": 1.0}"
o3,UTF32->String,CJK,7,28,7,7,swift-decoding,22,362.2869029203581,352.00761129303476,369.3062217895389,4.71491686533256,swift-decoding,4.71491686533256,swift-decoding,4.71491686533256,"{""o3-run1"": 358.2101070891229, ""o3-run2"": 362.60333755214924}","{""o3-run1"": 4.7049475245167605, ""o3-run2"": 4.6666261261521385}"
o3,UTF32->String,CJK,16,64,16,16,simdutf,22,88.68326562499999,86.49609375,92.186203125,1.0,swift-decoding,6.465187689113176,swift-decoding,6.465187689113176,"{""o3-run1"": 88.162109375, ""o3-run2"": 89.893875}","{""o3-run1"": 1.0, ""o3-run2"": 1.0}"
o3,UTF32->String,CJK,16,64,16,16,swift-decoding,22,573.3539571491036,562.9159743477627,582.6458607095926,6.465187689113176,swift-decoding,6.465187689113176,swift-decoding,6.465187689113176,"{""o3-run1"": 572.1864159743477, ""o3-run2"": 575.6497298875748}","{""o3-run1"": 6.490162497593346, ""o3-run2"": 6.4036590912069915}"
o3,UTF32->String,CJK,128,512,128,128,simdutf,22,149.9313836005344,147.63902805611224,155.93393307506304,1.0,swift-decoding,16.44511981440693,swift-decoding,16.44511981440693,"{""o3-run1"": 149.37078323313293, ""o3-run2"": 153.0998933985076}","{""o3-run1"": 1.0, ""o3-run2"": 1.0}"
o3,UTF32->String,CJK,128,512,128,128,swift-decoding,22,2465.639567250594,2401.956947743468,4904.1665625,16.44511981440693,swift-decoding,16.44511981440693,swift-decoding,16.44511981440693,"{""o3-run1"": 2432.3289786223277, ""o3-run2"": 2501.9921875}","{""o3-run1"": 16.28383359834185, ""o3-run2"": 16.342220310941048}"
o3,UTF32->String,CJK,1024,4096,1024,1024,simdutf,22,2755.0721589906957,2597.975203684024,2876.7751996957018,1.0,swift-decoding,6.277887384781967,swift-decoding,6.277887384781967,"{""o3-run1"": 2758.147360963514, ""o3-run2"": 2751.9969570178773}","{""o3-run1"": 1.0, ""o3-run2"": 1.0}"
o3,UTF32->String,CJK,1024,4096,1024,1024,swift-decoding,22,17296.032751091705,16825.781659388645,22112.16485900217,6.277887384781967,swift-decoding,6.277887384781967,swift-decoding,6.277887384781967,"{""o3-run1"": 17215.926247288502, ""o3-run2"": 17446.417030567685}","{""o3-run1"": 6.241844250582172, ""o3-run2"": 6.339548082012778}"
o3,UTF32->String,CJK,16384,65536,16384,16384,simdutf,22,42409.647547602304,41039.48691099476,43305.348258706465,1.0,swift-decoding,6.333694073543877,swift-decoding,6.333694073543877,"{""o3-run1"": 42811.154228855725, ""o3-run2"": 42192.628272251306}","{""o3-run1"": 1.0, ""o3-run2"": 1.0}"
o3,UTF32->String,CJK,16384,65536,16384,16384,swift-decoding,22,268609.73333333334,262716.6666666667,279244.4666666667,6.333694073543877,swift-decoding,6.333694073543877,swift-decoding,6.333694073543877,"{""o3-run1"": 272306.9666666667, ""o3-run2"": 267909.73333333334}","{""o3-run1"": 6.360654637130184, ""o3-run2"": 6.349681077097743}"
o3,UTF32->String,CJK,262144,1048576,262144,262144,simdutf,22,671318.2272727273,650363.6363636364,697367.3636363636,1.0,swift-decoding,6.456854326166001,swift-decoding,6.456854326166001,"{""o3-run1"": 671560.6363636364, ""o3-run2"": 667098.4545454546}","{""o3-run1"": 1.0, ""o3-run2"": 1.0}"
o3,UTF32->String,CJK,262144,1048576,262144,262144,swift-decoding,22,4334604.0,4142791.0,4562125.0,6.456854326166001,swift-decoding,6.456854326166001,swift-decoding,6.456854326166001,"{""o3-run1"": 4331458.0, ""o3-run2"": 4337750.0}","{""o3-run1"": 6.449839024892763, ""o3-run2"": 6.502413504998512}"
o3,UTF32->String,CJK,1048576,4194304,1048576,1048576,simdutf,22,2712218.75,2659916.5,2764646.0,1.0,swift-decoding,6.368694081183532,swift-decoding,6.368694081183532,"{""o3-run1"": 2712271.0, ""o3-run2"": 2709833.0}","{""o3-run1"": 1.0, ""o3-run2"": 1.0}"
o3,UTF32->String,CJK,1048576,4194304,1048576,1048576,swift-decoding,22,17273291.5,16995708.0,17892250.0,6.368694081183532,swift-decoding,6.368694081183532,swift-decoding,6.368694081183532,"{""o3-run1"": 17184417.0, ""o3-run2"": 17420416.0}","{""o3-run1"": 6.3358038337614495, ""o3-run2"": 6.428593939183706}"
o3,UTF32->String,Emoji,0,0,0,0,simdutf,22,6.9314789999999995,6.757208,7.213,1.0,swift-decoding,16.392369822876187,swift-decoding,16.392369822876187,"{""o3-run1"": 6.886875, ""o3-run2"": 7.039875}","{""o3-run1"": 1.0, ""o3-run2"": 1.0}"
o3,UTF32->String,Emoji,0,0,0,0,swift-decoding,22,113.62336718750001,109.57878125,119.002609375,16.392369822876187,swift-decoding,16.392369822876187,swift-decoding,16.392369822876187,"{""o3-run1"": 112.5670625, ""o3-run2"": 114.038421875}","{""o3-run1"": 16.345158362827846, ""o3-run2"": 16.198927093875955}"
o3,UTF32->String,Emoji,7,12,6,3,simdutf,22,31.60835945653409,30.979183729183728,32.665532665532666,1.0,swift-decoding,6.748052501147619,swift-decoding,6.748052501147619,"{""o3-run1"": 31.60906230541157, ""o3-run2"": 31.607656607656608}","{""o3-run1"": 1.0, ""o3-run2"": 1.0}"
o3,UTF32->String,Emoji,7,12,6,3,swift-decoding,22,213.29486908783784,210.13087919682806,221.571625,6.748052501147619,swift-decoding,6.748052501147619,swift-decoding,6.748052501147619,"{""o3-run1"": 211.5885625, ""o3-run2"": 214.45654941617258}","{""o3-run1"": 6.693920890648356, ""o3-run2"": 6.784955685839197}"
o3,UTF32->String,Emoji,16,36,16,9,simdutf,22,78.35127617919022,75.283203125,82.88201483633345,1.0,swift-decoding,5.817556809054663,swift-decoding,5.817556809054663,"{""o3-run1"": 77.98959375, ""o3-run2"": 79.35277273434663}","{""o3-run1"": 1.0, ""o3-run2"": 1.0}"
o3,UTF32->String,Emoji,16,36,16,9,swift-decoding,22,455.8130002343705,442.190125,476.3935993587909,5.817556809054663,swift-decoding,5.817556809054663,swift-decoding,5.817556809054663,"{""o3-run1"": 452.3801875, ""o3-run2"": 468.9819659930154}","{""o3-run1"": 5.800519861023125, ""o3-run2"": 5.910089210909498}"
o3,UTF32->String,Emoji,128,308,128,77,simdutf,22,196.54971653995872,191.76225932021842,203.717560316823,1.0,swift-decoding,8.485184861455306,swift-decoding,8.485184861455306,"{""o3-run1"": 195.75397758445018, ""o3-run2"": 198.45694784100448}","{""o3-run1"": 1.0, ""o3-run2"": 1.0}"
o3,UTF32->String,Emoji,128,308,128,77,swift-decoding,22,1667.760679308189,1629.8620545947072,1717.0209356975006,8.485184861455306,swift-decoding,8.485184861455306,swift-decoding,8.485184861455306,"{""o3-run1"": 1657.2202542196292, ""o3-run2"": 1707.906002990814}","{""o3-run1"": 8.46583182967349, ""o3-run2"": 8.605926986033856}"
o3,UTF32->String,Emoji,1024,2488,1024,622,simdutf,22,2660.0428460525736,2634.8112753523546,2772.3014781711927,1.0,swift-decoding,4.174911014441329,swift-decoding,4.174911014441329,"{""o3-run1"": 2681.405293915435, ""o3-run2"": 2650.373910235712}","{""o3-run1"": 1.0, ""o3-run2"": 1.0}"
o3,UTF32->String,Emoji,1024,2488,1024,622,swift-decoding,22,11105.442176870749,10899.182076813655,11447.30867709815,4.174911014441329,swift-decoding,4.174911014441329,swift-decoding,4.174911014441329,"{""o3-run1"": 11254.918918918918, ""o3-run2"": 11042.914285714285}","{""o3-run1"": 4.197395650876891, ""o3-run2"": 4.166549573653243}"
o3,UTF32->String,Emoji,16384,39888,16384,9972,simdutf,22,42550.233502538074,40813.03045685279,56098.852040816324,1.0,swift-decoding,4.149262469875532,swift-decoding,4.149262469875532,"{""o3-run1"": 42065.98984771573, ""o3-run2"": 42897.53571428572}","{""o3-run1"": 1.0, ""o3-run2"": 1.0}"
o3,UTF32->String,Emoji,16384,39888,16384,9972,swift-decoding,22,176552.08695652173,172306.15217391305,183452.0,4.149262469875532,swift-decoding,4.149262469875532,swift-decoding,4.149262469875532,"{""o3-run1"": 177245.47826086957, ""o3-run2"": 175479.1739130435}","{""o3-run1"": 4.213510222926428, ""o3-run2"": 4.090658612228989}"
o3,UTF32->String,Emoji,262144,638260,262144,159565,simdutf,22,674501.7083333334,654451.4166666666,1112916.6363636365,1.0,swift-decoding,4.136587744001884,swift-decoding,4.136587744001884,"{""o3-run1"": 671121.5, ""o3-run2"": 679867.3636363636}","{""o3-run1"": 1.0, ""o3-run2"": 1.0}"
o3,UTF32->String,Emoji,262144,638260,262144,159565,swift-decoding,22,2790135.5,2720271.0,3325750.0,4.136587744001884,swift-decoding,4.136587744001884,swift-decoding,4.136587744001884,"{""o3-run1"": 2783104.0, ""o3-run2"": 2793437.5}","{""o3-run1"": 4.146945076264134, ""o3-run2"": 4.108797758814186}"
o3,UTF32->String,Emoji,1048576,2553052,1048576,638263,simdutf,22,2705871.583333333,2643021.0,3996055.6666666665,1.0,swift-decoding,4.125488463221293,swift-decoding,4.125488463221293,"{""o3-run1"": 2712347.3333333335, ""o3-run2"": 2697812.5}","{""o3-run1"": 1.0, ""o3-run2"": 1.0}"
o3,UTF32->String,Emoji,1048576,2553052,1048576,638263,swift-decoding,22,11163042.0,10958000.0,12215791.0,4.125488463221293,swift-decoding,4.125488463221293,swift-decoding,4.125488463221293,"{""o3-run1"": 11117500.0, ""o3-run2"": 11174292.0}","{""o3-run1"": 4.098848205527267, ""o3-run2"": 4.141982439476427}"
o3,UTF32->String,Latin,0,0,0,0,simdutf,22,7.010542,6.867708,7.272875,1.0,swift-decoding,16.071365142479035,swift-decoding,16.071365142479035,"{""o3-run1"": 7.002416, ""o3-run2"": 7.027875}","{""o3-run1"": 1.0, ""o3-run2"": 1.0}"
o3,UTF32->String,Latin,0,0,0,0,swift-decoding,22,112.66898032868525,109.05925,115.59309375,16.071365142479035,swift-decoding,16.071365142479035,swift-decoding,16.071365142479035,"{""o3-run1"": 112.2437333997344, ""o3-run2"": 113.765625}","{""o3-run1"": 16.02928666330798, ""o3-run2"": 16.187770129662237}"
o3,UTF32->String,Latin,7,28,7,7,simdutf,22,30.774895524895527,29.37924987924988,31.712972972972974,1.0,swift-decoding,8.553184417689295,swift-decoding,8.553184417689295,"{""o3-run1"": 30.76874776874777, ""o3-run2"": 30.78104328104328}","{""o3-run1"": 1.0, ""o3-run2"": 1.0}"
o3,UTF32->String,Latin,7,28,7,7,swift-decoding,22,263.22335685955244,258.0125668002672,270.57064128256513,8.553184417689295,swift-decoding,8.553184417689295,swift-decoding,8.553184417689295,"{""o3-run1"": 261.43086172344687, ""o3-run2"": 263.89321875}","{""o3-run1"": 8.496636382095007, ""o3-run2"": 8.57323828632282}"
o3,UTF32->String,Latin,16,64,16,16,simdutf,22,72.69436115578151,70.66200466200466,74.96715256523318,1.0,swift-decoding,6.457724059146844,swift-decoding,6.457724059146844,"{""o3-run1"": 73.47616330341859, ""o3-run2"": 71.32219282219282}","{""o3-run1"": 1.0, ""o3-run2"": 1.0}"
o3,UTF32->String,Latin,16,64,16,16,swift-decoding,22,469.44012499999997,461.9505,1018.862,6.457724059146844,swift-decoding,6.457724059146844,swift-decoding,6.457724059146844,"{""o3-run1"": 478.684875, ""o3-run2"": 464.7421875}","{""o3-run1"": 6.51483220515038, ""o3-run2"": 6.516095048544126}"
o3,UTF32->String,Latin,128,512,128,128,simdutf,22,117.12987498956245,111.9765625,120.88324565798263,1.0,swift-decoding,18.335877118051837,swift-decoding,18.335877118051837,"{""o3-run1"": 115.870453125, ""o3-run2"": 117.89812959251837}","{""o3-run1"": 1.0, ""o3-run2"": 1.0}"
o3,UTF32->String,Latin,128,512,128,128,swift-decoding,22,2147.6789946613903,2083.1380208333335,2217.3006774361647,18.335877118051837,swift-decoding,18.335877118051837,swift-decoding,18.335877118051837,"{""o3-run1"": 2133.6263020833335, ""o3-run2"": 2167.57868681605}","{""o3-run1"": 18.413894522200554, ""o3-run2"": 18.38518299066893}"
o3,UTF32->String,Latin,1024,4096,1024,1024,simdutf,22,875.3441260118136,854.2942463355939,903.3201082994898,1.0,swift-decoding,17.459790906426086,swift-decoding,17.459790906426086,"{""o3-run1"": 868.9427915117042, ""o3-run2"": 885.7648651463085}","{""o3-run1"": 1.0, ""o3-run2"": 1.0}"
o3,UTF32->String,Latin,1024,4096,1024,1024,swift-decoding,22,15283.325411334552,14723.566727605119,15687.53747714808,17.459790906426086,swift-decoding,17.459790906426086,swift-decoding,17.459790906426086,"{""o3-run1"": 15141.756855575868, ""o3-run2"": 15405.241316270567}","{""o3-run1"": 17.4254933736589, ""o3-run2"": 17.392021203873295}"
o3,UTF32->String,Latin,16384,65536,16384,16384,simdutf,22,12912.267857142857,12556.482919254659,26747.226624405706,1.0,swift-decoding,18.44519393451143,swift-decoding,18.44519393451143,"{""o3-run1"": 12818.905279503106, ""o3-run2"": 13043.713153724248}","{""o3-run1"": 1.0, ""o3-run2"": 1.0}"
o3,UTF32->String,Latin,16384,65536,16384,16384,swift-decoding,22,238169.2847593583,233410.33333333334,374115.20588235295,18.44519393451143,swift-decoding,18.44519393451143,swift-decoding,18.44519393451143,"{""o3-run1"": 236997.48484848486, ""o3-run2"": 239590.67647058822}","{""o3-run1"": 18.48812201049913, ""o3-run2"": 18.368287744980055}"
o3,UTF32->String,Latin,262144,1048576,262144,262144,simdutf,22,203391.15000000002,200262.5,209621.875,1.0,swift-decoding,18.80976384665704,swift-decoding,18.80976384665704,"{""o3-run1"": 202895.85, ""o3-run2"": 205579.175}","{""o3-run1"": 1.0, ""o3-run2"": 1.0}"
o3,UTF32->String,Latin,262144,1048576,262144,262144,swift-decoding,22,3825739.5,3667833.0,6685833.0,18.80976384665704,swift-decoding,18.80976384665704,swift-decoding,18.80976384665704,"{""o3-run1"": 3899250.0, ""o3-run2"": 3808729.5}","{""o3-run1"": 19.217987948003863, ""o3-run2"": 18.5268254919303}"
o3,UTF32->String,Latin,1048576,4194304,1048576,1048576,simdutf,22,817101.5625,791072.875,845569.4444444445,1.0,swift-decoding,18.82767786287277,swift-decoding,18.82767786287277,"{""o3-run1"": 810708.25, ""o3-run2"": 822685.2222222222}","{""o3-run1"": 1.0, ""o3-run2"": 1.0}"
o3,UTF32->String,Latin,1048576,4194304,1048576,1048576,swift-decoding,22,15384125.0,15098084.0,24700875.0,18.82767786287277,swift-decoding,18.82767786287277,swift-decoding,18.82767786287277,"{""o3-run1"": 15376000.0, ""o3-run2"": 15406209.0}","{""o3-run1"": 18.966132391029696, ""o3-run2"": 18.726736039314076}"
o3,UTF32->String,Malformed,0,0,0,0,simdutf,22,6.6504585,6.460792,6.761667,1.0,swift-decoding,16.868101784226493,swift-decoding,16.868101784226493,"{""o3-run1"": 6.6495, ""o3-run2"": 6.651417}","{""o3-run1"": 1.0, ""o3-run2"": 1.0}"
o3,UTF32->String,Malformed,0,0,0,0,swift-decoding,22,112.18061088977424,107.91201152304609,115.30525813413014,16.868101784226493,swift-decoding,16.868101784226493,swift-decoding,16.868101784226493,"{""o3-run1"": 112.09933183930943, ""o3-run2"": 112.27402722110888}","{""o3-run1"": 16.85830992395059, ""o3-run2"": 16.879715588589452}"
o3,UTF32->String,Malformed,7,28,8,7,simdutf,22,291.76300375065443,286.64634814030734,298.7450317301269,1.0,swift-decoding,0.9903566112159297,swift-decoding,0.9903566112159297,"{""o3-run1"": 293.25663827655313, ""o3-run2"": 289.61349782822936}","{""o3-run1"": 1.0, ""o3-run2"": 1.0}"
o3,UTF32->String,Malformed,7,28,8,7,swift-decoding,22,288.9494196726787,284.10957404095336,296.59269263058,0.9903566112159297,swift-decoding,0.9903566112159297,swift-decoding,0.9903566112159297,"{""o3-run1"": 289.83709895244004, ""o3-run2"": 287.53340013360054}","{""o3-run1"": 0.9883394307995568, ""o3-run2"": 0.9928176769721467}"
o3,UTF32->String,Malformed,16,64,18,16,simdutf,22,536.0992566681242,516.8333333333334,551.9694650925521,1.0,swift-decoding,0.9998639391762051,swift-decoding,0.9998639391762051,"{""o3-run1"": 538.83967351698, ""o3-run2"": 532.0697912103957}","{""o3-run1"": 1.0, ""o3-run2"": 1.0}"
o3,UTF32->String,Malformed,16,64,18,16,swift-decoding,22,536.0263145616261,512.5224457076228,549.5088075880759,0.9998639391762051,swift-decoding,0.9998639391762051,swift-decoding,0.9998639391762051,"{""o3-run1"": 537.5112466124662, ""o3-run2"": 533.0521789826556}","{""o3-run1"": 0.9975346527551632, ""o3-run2"": 1.0018463513405358}"
o3,UTF32->String,Malformed,128,512,144,128,simdutf,22,2028.0918490314652,1960.9049479166667,2068.63046875,1.0,swift-decoding,1.0014966167666626,swift-decoding,1.0014966167666626,"{""o3-run1"": 2040.2946132244065, ""o3-run2"": 2017.1658854166667}","{""o3-run1"": 1.0, ""o3-run2"": 1.0}"
o3,UTF32->String,Malformed,128,512,144,128,swift-decoding,22,2031.1271252970573,1975.5201958384332,2067.9489665731053,1.0014966167666626,swift-decoding,1.0014966167666626,swift-decoding,1.0014966167666626,"{""o3-run1"": 1990.7995104039167, ""o3-run2"": 2039.1255422301608}","{""o3-run1"": 0.9757411981094879, ""o3-run2"": 1.010886391135332}"
o3,UTF32->String,Malformed,1024,4096,1152,1024,simdutf,22,14295.597063956473,13829.478184991274,30311.051693404635,1.0,swift-decoding,0.9940678917668649,swift-decoding,0.9940678917668649,"{""o3-run1"": 14616.828877005348, ""o3-run2"": 14139.834205933683}","{""o3-run1"": 1.0, ""o3-run2"": 1.0}"
o3,UTF32->String,Malformed,1024,4096,1152,1024,swift-decoding,22,14210.794034915796,13795.211805555555,24720.891986062717,0.9940678917668649,swift-decoding,0.9940678917668649,swift-decoding,0.9940678917668649,"{""o3-run1"": 14288.327526132403, ""o3-run2"": 14141.564236111111}","{""o3-run1"": 0.9775258126343854, ""o3-run2"": 1.000122351517863}"
o3,UTF32->String,Malformed,16384,65536,18432,16384,simdutf,22,222270.8333333333,215233.77777777778,230781.25,1.0,swift-decoding,0.9825439545393563,swift-decoding,0.9825439545393563,"{""o3-run1"": 223611.11111111112, ""o3-run2"": 221385.41666666666}","{""o3-run1"": 1.0, ""o3-run2"": 1.0}"
o3,UTF32->String,Malformed,16384,65536,18432,16384,swift-decoding,22,218390.8635620915,212708.33333333334,224384.79411764705,0.9825439545393563,swift-decoding,0.9825439545393563,swift-decoding,0.9825439545393563,"{""o3-run1"": 221022.0588235294, ""o3-run2"": 216510.41666666666}","{""o3-run1"": 0.9884216295213737, ""o3-run2"": 0.977979579353503}"
o3,UTF32->String,Malformed,262144,1048576,294912,262144,simdutf,22,3496156.25,3380833.5,3556291.5,1.0,swift-decoding,0.9860978753452452,swift-decoding,0.9860978753452452,"{""o3-run1"": 3514187.5, ""o3-run2"": 3474354.5}","{""o3-run1"": 1.0, ""o3-run2"": 1.0}"
o3,UTF32->String,Malformed,262144,1048576,294912,262144,swift-decoding,22,3447552.25,3335812.5,3540625.0,0.9860978753452452,swift-decoding,0.9860978753452452,swift-decoding,0.9860978753452452,"{""o3-run1"": 3463604.0, ""o3-run2"": 3419208.0}","{""o3-run1"": 0.9856059188646025, ""o3-run2"": 0.984127555204859}"
o3,UTF32->String,Malformed,1048576,4194304,1179648,1048576,simdutf,22,14065770.5,13725875.0,14362292.0,1.0,swift-decoding,0.9873155544518517,swift-decoding,0.9873155544518517,"{""o3-run1"": 14067708.0, ""o3-run2"": 14054292.0}","{""o3-run1"": 1.0, ""o3-run2"": 1.0}"
o3,UTF32->String,Malformed,1048576,4194304,1179648,1048576,swift-decoding,22,13887354.0,13704750.0,15781292.0,0.9873155544518517,swift-decoding,0.9873155544518517,swift-decoding,0.9873155544518517,"{""o3-run1"": 13828625.0, ""o3-run2"": 13927083.0}","{""o3-run1"": 0.9830048363244389, ""o3-run2"": 0.9909487436293483}"
o3,UTF32->String,Mixed,0,0,0,0,simdutf,22,7.027792,6.854084,7.128167,1.0,swift-decoding,16.154125922316386,swift-decoding,16.154125922316386,"{""o3-run1"": 6.984958, ""o3-run2"": 7.059375}","{""o3-run1"": 1.0, ""o3-run2"": 1.0}"
o3,UTF32->String,Mixed,0,0,0,0,swift-decoding,22,113.5278369238477,108.3060287241149,117.40732032290931,16.154125922316386,swift-decoding,16.154125922316386,swift-decoding,16.154125922316386,"{""o3-run1"": 113.24471860387442, ""o3-run2"": 114.37351412075137}","{""o3-run1"": 16.212655624253493, ""o3-run2"": 16.201648746631445}"
o3,UTF32->String,Mixed,7,28,7,7,simdutf,22,31.41603404103404,30.33102858102858,34.346411096411096,1.0,swift-decoding,8.592436511038764,swift-decoding,8.592436511038764,"{""o3-run1"": 31.8487210987211, ""o3-run2"": 31.01943551943552}","{""o3-run1"": 1.0, ""o3-run2"": 1.0}"
o3,UTF32->String,Mixed,7,28,7,7,swift-decoding,22,269.9402779262176,257.8673416772137,318.35461491585806,8.592436511038764,swift-decoding,8.592436511038764,swift-decoding,8.592436511038764,"{""o3-run1"": 271.602875, ""o3-run2"": 265.892795199925}","{""o3-run1"": 8.52790522288527, ""o3-run2"": 8.571812824683008}"
o3,UTF32->String,Mixed,16,64,16,16,simdutf,22,83.19716242153862,79.20901320901321,125.44137573273849,1.0,swift-decoding,5.984671328855221,swift-decoding,5.984671328855221,"{""o3-run1"": 81.83795333795334, ""o3-run2"": 83.89401877885562}","{""o3-run1"": 1.0, ""o3-run2"": 1.0}"
o3,UTF32->String,Mixed,16,64,16,16,swift-decoding,22,497.9076725862932,481.1885109221277,566.684875,5.984671328855221,swift-decoding,5.984671328855221,swift-decoding,5.984671328855221,"{""o3-run1"": 496.1160580290145, ""o3-run2"": 502.0}","{""o3-run1"": 6.062175772899427, ""o3-run2"": 5.9837400485399375}"
o3,UTF32->String,Mixed,128,464,128,116,simdutf,22,198.91295153775903,195.47134375,485.98696875,1.0,swift-decoding,11.103251845175873,swift-decoding,11.103251845175873,"{""o3-run1"": 197.3709211928967, ""o3-run2"": 203.54296875}","{""o3-run1"": 1.0, ""o3-run2"": 1.0}"
o3,UTF32->String,Mixed,128,464,128,116,swift-decoding,22,2208.580596191002,2131.19900634833,2288.0325696936243,11.103251845175873,swift-decoding,11.103251845175873,swift-decoding,11.103251845175873,"{""o3-run1"": 2195.165332597295, ""o3-run2"": 2209.563897322661}","{""o3-run1"": 11.122030131540463, ""o3-run2"": 10.855515721776369}"
o3,UTF32->String,Mixed,1024,3692,1023,923,simdutf,22,2373.594532197968,2300.937552742616,2484.125198601843,1.0,swift-decoding,6.717060356707544,swift-decoding,6.717060356707544,"{""o3-run1"": 2352.2618846694795, ""o3-run2"": 2381.699396250397}","{""o3-run1"": 1.0, ""o3-run2"": 1.0}"
o3,UTF32->String,Mixed,1024,3692,1023,923,swift-decoding,22,15943.57773512476,15637.012096774193,16514.364919354837,6.717060356707544,swift-decoding,6.717060356707544,swift-decoding,6.717060356707544,"{""o3-run1"": 15925.704414587331, ""o3-run2"": 16056.032258064517}","{""o3-run1"": 6.770378977944915, ""o3-run2"": 6.741418452447089}"
o3,UTF32->String,Mixed,16384,58988,16383,14747,simdutf,22,35583.05726872246,34216.40969162995,37296.99118942731,1.0,swift-decoding,6.871262618148221,swift-decoding,6.871262618148221,"{""o3-run1"": 35283.220264317184, ""o3-run2"": 36504.59030837005}","{""o3-run1"": 1.0, ""o3-run2"": 1.0}"
o3,UTF32->String,Mixed,16384,58988,16383,14747,swift-decoding,22,244500.53125,240235.29411764705,257244.78125,6.871262618148221,swift-decoding,6.871262618148221,swift-decoding,6.871262618148221,"{""o3-run1"": 242101.73529411765, ""o3-run2"": 250470.0625}","{""o3-run1"": 6.8616677695647095, ""o3-run2"": 6.861330599362194}"
o3,UTF32->String,Mixed,262144,943724,262143,235931,simdutf,22,577854.1538461539,560317.3076923077,1296173.076923077,1.0,swift-decoding,6.938565680134354,swift-decoding,6.938565680134354,"{""o3-run1"": 572849.3846153846, ""o3-run2"": 579631.3846153846}","{""o3-run1"": 1.0, ""o3-run2"": 1.0}"
o3,UTF32->String,Mixed,262144,943724,262143,235931,swift-decoding,22,4009479.0,3838458.0,4222708.0,6.938565680134354,swift-decoding,6.938565680134354,swift-decoding,6.938565680134354,"{""o3-run1"": 4058521.0, ""o3-run2"": 4002083.0}","{""o3-run1"": 7.084795949854989, ""o3-run2"": 6.904531235235975}"
o3,UTF32->String,Mixed,1048576,3774880,1048576,943720,simdutf,22,2296881.833333333,2202708.3333333335,2381291.6666666665,1.0,swift-decoding,6.980142498986489,swift-decoding,6.980142498986489,"{""o3-run1"": 2276236.0, ""o3-run2"": 2336444.3333333335}","{""o3-run1"": 1.0, ""o3-run2"": 1.0}"
o3,UTF32->String,Mixed,1048576,3774880,1048576,943720,swift-decoding,22,16032562.5,15604917.0,16502166.0,6.980142498986489,swift-decoding,6.980142498986489,swift-decoding,6.980142498986489,"{""o3-run1"": 15926625.0, ""o3-run2"": 16080000.0}","{""o3-run1"": 6.996912886010062, ""o3-run2"": 6.88225256240501}"
o3,UTF8->String,ASCII,0,0,0,0,simdutf,22,10.233765588159535,9.763965214684344,15.029975221487765,1.0,swift-decoding,0.9394179418273674,swift-decoding,0.9394179418273674,"{""o3-run1"": 10.156857773348161, ""o3-run2"": 10.298041}","{""o3-run1"": 1.0, ""o3-run2"": 1.0}"
o3,UTF8->String,ASCII,0,0,0,0,swift-decoding,22,9.613783005972568,9.163316826876395,10.040794696408705,0.9394179418273674,swift-decoding,0.9394179418273674,swift-decoding,0.9394179418273674,"{""o3-run1"": 9.49676948399482, ""o3-run2"": 9.762651948158934}","{""o3-run1"": 0.9350105806260841, ""o3-run2"": 0.9480105923212905}"
o3,UTF8->String,ASCII,7,7,7,7,simdutf,22,15.339051830689558,14.998511633965395,18.970441471969107,1.0,swift-decoding,0.9608378125067845,swift-decoding,0.9608378125067845,"{""o3-run1"": 15.280492827301652, ""o3-run2"": 15.374356512078933}","{""o3-run1"": 1.0, ""o3-run2"": 1.0}"
o3,UTF8->String,ASCII,7,7,7,7,swift-decoding,22,14.738341006927943,14.470076408437832,30.792554747194092,0.9608378125067845,swift-decoding,0.9608378125067845,swift-decoding,0.9608378125067845,"{""o3-run1"": 15.336831426168976, ""o3-run2"": 14.652125}","{""o3-run1"": 1.0036869621617612, ""o3-run2"": 0.953023626614128}"
o3,UTF8->String,ASCII,16,16,16,16,simdutf,22,44.80987705555844,42.736162265912746,46.82609327177465,1.0,swift-decoding,0.9874398396035226,swift-decoding,0.9874398396035226,"{""o3-run1"": 44.135072884784975, ""o3-run2"": 45.183814908958865}","{""o3-run1"": 1.0, ""o3-run2"": 1.0}"
o3,UTF8->String,ASCII,16,16,16,16,swift-decoding,22,44.24705781239419,42.882580552580194,45.943672693672696,0.9874398396035226,swift-decoding,0.9874398396035226,swift-decoding,0.9874398396035226,"{""o3-run1"": 43.38055873022381, ""o3-run2"": 44.76023226023226}","{""o3-run1"": 0.9829044316629808, ""o3-run2"": 0.9906253456114742}"
o3,UTF8->String,ASCII,128,128,128,128,simdutf,22,56.075053200168384,54.42443566669912,59.622866628624784,1.0,swift-decoding,0.9905760565923107,swift-decoding,0.9905760565923107,"{""o3-run1"": 55.974352911723386, ""o3-run2"": 56.175753488613374}","{""o3-run1"": 1.0, ""o3-run2"": 1.0}"
o3,UTF8->String,ASCII,128,128,128,128,swift-decoding,22,55.54660507222683,53.56425792395082,57.21844685376355,0.9905760565923107,swift-decoding,0.9905760565923107,swift-decoding,0.9905760565923107,"{""o3-run1"": 55.921128806349536, ""o3-run2"": 55.328063099307606}","{""o3-run1"": 0.9990491340657784, ""o3-run2"": 0.9849100308111116}"
o3,UTF8->String,ASCII,1024,1024,1024,1024,simdutf,22,76.14082714538183,73.13671875,99.65234375,1.0,swift-decoding,0.987782930587217,swift-decoding,0.987782930587217,"{""o3-run1"": 75.42121875, ""o3-run2"": 76.51533001533002}","{""o3-run1"": 1.0, ""o3-run2"": 1.0}"
o3,UTF8->String,ASCII,1024,1024,1024,1024,swift-decoding,22,75.21060937499999,72.81734709757743,77.529296875,0.987782930587217,swift-decoding,0.987782930587217,swift-decoding,0.987782930587217,"{""o3-run1"": 74.06754162992166, ""o3-run2"": 75.983734375}","{""o3-run1"": 0.9820517734595965, ""o3-run2"": 0.9930524296213122}"
o3,UTF8->String,CJK,0,0,0,0,simdutf,22,10.25620616656161,9.918729611794445,10.578412269378523,1.0,swift-decoding,0.940482612140017,swift-decoding,0.940482612140017,"{""o3-run1"": 10.259407654047473, ""o3-run2"": 10.253532029943141}","{""o3-run1"": 1.0, ""o3-run2"": 1.0}"
o3,UTF8->String,CJK,0,0,0,0,swift-decoding,22,9.645783566174414,9.287667,17.777917,0.940482612140017,swift-decoding,0.940482612140017,swift-decoding,0.940482612140017,"{""o3-run1"": 9.711215528332493, ""o3-run2"": 9.587125}","{""o3-run1"": 0.9465668833717987, ""o3-run2"": 0.9350070758059712}"
o3,UTF8->String,CJK,7,21,7,7,simdutf,22,63.81936504642839,61.44465625,66.67903125,1.0,swift-decoding,0.9845365671812645,swift-decoding,0.9845365671812645,"{""o3-run1"": 63.58613892203144, ""o3-run2"": 65.203125}","{""o3-run1"": 1.0, ""o3-run2"": 1.0}"
o3,UTF8->String,CJK,7,21,7,7,swift-decoding,22,62.83249858249859,61.507749007749005,64.2985677985678,0.9845365671812645,swift-decoding,0.9845365671812645,swift-decoding,0.9845365671812645,"{""o3-run1"": 62.65733718835909, ""o3-run2"": 63.30784455784456}","{""o3-run1"": 0.9853930156883525, ""o3-run2"": 0.9709326747428833}"
o3,UTF8->String,CJK,16,48,16,16,simdutf,22,80.15532665532666,76.231109375,235.193359375,1.0,swift-decoding,0.9899173612492878,swift-decoding,0.9899173612492878,"{""o3-run1"": 80.340484375, ""o3-run2"": 80.02845502845503}","{""o3-run1"": 1.0, ""o3-run2"": 1.0}"
o3,UTF8->String,CJK,16,48,16,16,swift-decoding,22,79.34714945271567,76.5546875,81.81575,0.9899173612492878,swift-decoding,0.9899173612492878,swift-decoding,0.9899173612492878,"{""o3-run1"": 78.940109375, ""o3-run2"": 79.40161850910411}","{""o3-run1"": 0.9825694976711422, ""o3-run2"": 0.9921673294938902}"
o3,UTF8->String,CJK,128,362,128,128,simdutf,22,335.63708807950127,325.2082220034688,697.1847372615197,1.0,swift-decoding,0.998713853041544,swift-decoding,0.998713853041544,"{""o3-run1"": 334.13218956546194, ""o3-run2"": 336.2943327239488}","{""o3-run1"": 1.0, ""o3-run2"": 1.0}"
o3,UTF8->String,CJK,128,362,128,128,swift-decoding,22,335.2054094595228,320.435996993988,671.6905895123581,0.998713853041544,swift-decoding,0.998713853041544,swift-decoding,0.998713853041544,"{""o3-run1"": 332.65318136272543, ""o3-run2"": 335.36263066610417}","{""o3-run1"": 0.9955735836027653, ""o3-run2"": 0.9972295041361597}"
o3,UTF8->String,CJK,1024,2888,1024,1024,simdutf,22,2259.6621140142515,2160.938836104513,2333.13417721519,1.0,swift-decoding,1.002909194281691,swift-decoding,1.002909194281691,"{""o3-run1"": 2250.915380047506, ""o3-run2"": 2280.3445850914204}","{""o3-run1"": 1.0, ""o3-run2"": 1.0}"
o3,UTF8->String,CJK,1024,2888,1024,1024,swift-decoding,22,2266.2359101148954,2155.0501432664755,2352.841547277937,1.002909194281691,swift-decoding,1.002909194281691,swift-decoding,1.002909194281691,"{""o3-run1"": 2261.744022503516, ""o3-run2"": 2279.500859598854}","{""o3-run1"": 1.004810772786928, ""o3-run2"": 0.9996300008787783}"
o3,UTF8->String,Emoji,0,0,0,0,simdutf,22,10.424556365538757,10.077745658485794,10.826325356895834,1.0,swift-decoding,0.9316341494149357,swift-decoding,0.9316341494149357,"{""o3-run1"": 10.145103250582666, ""o3-run2"": 10.636095511511218}","{""o3-run1"": 1.0, ""o3-run2"": 1.0}"
o3,UTF8->String,Emoji,0,0,0,0,swift-decoding,22,9.711872702636754,9.34954443907703,10.099375,0.9316341494149357,swift-decoding,0.9316341494149357,swift-decoding,0.9316341494149357,"{""o3-run1"": 9.56018781255006, ""o3-run2"": 9.773166}","{""o3-run1"": 0.9423450482873091, ""o3-run2"": 0.9188678297804596}"
o3,UTF8->String,Emoji,7,12,6,3,simdutf,22,21.08858626552902,20.592280551257897,21.75563480301346,1.0,swift-decoding,0.9703253261863346,swift-decoding,0.9703253261863346,"{""o3-run1"": 20.9677956322156, ""o3-run2"": 21.22399499814746}","{""o3-run1"": 1.0, ""o3-run2"": 1.0}"
o3,UTF8->String,Emoji,7,12,6,3,swift-decoding,22,20.462789346908103,19.78346029889316,21.37404970722455,0.9703253261863346,swift-decoding,0.9703253261863346,swift-decoding,0.9703253261863346,"{""o3-run1"": 20.178875834779184, ""o3-run2"": 20.788434206922215}","{""o3-run1"": 0.9623746906315561, ""o3-run2"": 0.9794779073749658}"
o3,UTF8->String,Emoji,16,34,16,9,simdutf,22,68.23112499999999,65.229171875,71.8483125,1.0,swift-decoding,0.9827986431880764,swift-decoding,0.9827986431880764,"{""o3-run1"": 67.796234375, ""o3-run2"": 68.54428125}","{""o3-run1"": 1.0, ""o3-run2"": 1.0}"
o3,UTF8->String,Emoji,16,34,16,9,swift-decoding,22,67.05745707319603,65.14819714819714,71.53040410852311,0.9827986431880764,swift-decoding,0.9827986431880764,swift-decoding,0.9827986431880764,"{""o3-run1"": 66.91739378534004, ""o3-run2"": 67.5999390999391}","{""o3-run1"": 0.9870370294491749, ""o3-run2"": 0.9862228893083492}"
o3,UTF8->String,Emoji,128,272,128,77,simdutf,22,251.283203125,243.1015625,260.66146875,1.0,swift-decoding,0.9956188625570316,swift-decoding,0.9956188625570316,"{""o3-run1"": 251.02734375, ""o3-run2"": 251.5390625}","{""o3-run1"": 1.0, ""o3-run2"": 1.0}"
o3,UTF8->String,Emoji,128,272,128,77,swift-decoding,22,250.18229687500002,244.94009375,256.95440625,0.9956188625570316,swift-decoding,0.9956188625570316,swift-decoding,0.9956188625570316,"{""o3-run1"": 249.80078125, ""o3-run2"": 253.4114375}","{""o3-run1"": 0.9951138291085072, ""o3-run2"": 1.0074436748765414}"
o3,UTF8->String,Emoji,1024,2180,1024,622,simdutf,22,1663.2637468441378,1605.8805606337598,1729.6311731610751,1.0,swift-decoding,0.994818873510882,swift-decoding,0.994818873510882,"{""o3-run1"": 1656.8382996457594, ""o3-run2"": 1679.4298192159251}","{""o3-run1"": 1.0, ""o3-run2"": 1.0}"
o3,UTF8->String,Emoji,1024,2180,1024,622,swift-decoding,22,1654.646166986974,1609.4217895427696,1701.0227521330125,0.994818873510882,swift-decoding,0.994818873510882,swift-decoding,0.994818873510882,"{""o3-run1"": 1651.149476831091, ""o3-run2"": 1669.1369503390943}","{""o3-run1"": 0.9965664586484483, ""o3-run2"": 0.9938712122655793}"
o3,UTF8->String,Latin,0,0,0,0,simdutf,22,10.258048447709832,10.02116236452454,10.612232268212095,1.0,swift-decoding,0.9505313466967449,swift-decoding,0.9505313466967449,"{""o3-run1"": 10.273003293536435, ""o3-run2"": 10.229786438086563}","{""o3-run1"": 1.0, ""o3-run2"": 1.0}"
o3,UTF8->String,Latin,0,0,0,0,swift-decoding,22,9.75059660548208,9.553039213580666,10.10418211656562,0.9505313466967449,swift-decoding,0.9505313466967449,swift-decoding,0.9505313466967449,"{""o3-run1"": 9.750236040175153, ""o3-run2"": 9.773601234054757}","{""o3-run1"": 0.9491125196377386, ""o3-run2"": 0.9554061849880482}"
o3,UTF8->String,Latin,7,7,7,7,simdutf,22,15.095207176923722,14.787817310043245,15.69298774516393,1.0,swift-decoding,0.965987884991663,swift-decoding,0.965987884991663,"{""o3-run1"": 15.041180082606529, ""o3-run2"": 15.166847807302208}","{""o3-run1"": 1.0, ""o3-run2"": 1.0}"
o3,UTF8->String,Latin,7,7,7,7,swift-decoding,22,14.581787254347518,13.888864343277252,15.179710191526532,0.965987884991663,swift-decoding,0.965987884991663,swift-decoding,0.965987884991663,"{""o3-run1"": 14.595926410292662, ""o3-run2"": 14.536644052174099}","{""o3-run1"": 0.9703976902165573, ""o3-run2"": 0.9584486003199233}"
o3,UTF8->String,Latin,16,17,16,16,simdutf,22,51.17464667464668,49.70880320880321,53.746928746928745,1.0,swift-decoding,0.9842392662868671,swift-decoding,0.9842392662868671,"{""o3-run1"": 50.62186312186312, ""o3-run2"": 51.484606984606984}","{""o3-run1"": 1.0, ""o3-run2"": 1.0}"
o3,UTF8->String,Latin,16,17,16,16,swift-decoding,22,50.36809669554391,49.40933240933241,51.76074077916688,0.9842392662868671,swift-decoding,0.9842392662868671,swift-decoding,0.9842392662868671,"{""o3-run1"": 49.79214179214179, ""o3-run2"": 50.85767494942159}","{""o3-run1"": 0.9836094272602349, ""o3-run2"": 0.987822922774319}"
o3,UTF8->String,Latin,128,144,128,128,simdutf,22,112.42154687499999,107.866546875,232.3763125,1.0,swift-decoding,0.9862295767443348,swift-decoding,0.9862295767443348,"{""o3-run1"": 110.73371875, ""o3-run2"": 114.875}","{""o3-run1"": 1.0, ""o3-run2"": 1.0}"
o3,UTF8->String,Latin,128,144,128,128,swift-decoding,22,110.87345459147463,106.294921875,116.99006346025384,0.9862295767443348,swift-decoding,0.9862295767443348,swift-decoding,0.9862295767443348,"{""o3-run1"": 108.6516875, ""o3-run2"": 113.18643537074148}","{""o3-run1"": 0.9811978566826557, ""o3-run2"": 0.9853008519759867}"
o3,UTF8->String,Latin,1024,1153,1024,1024,simdutf,22,534.1098517839135,514.9091240343973,545.386313948404,1.0,swift-decoding,0.9941720607975844,swift-decoding,0.9941720607975844,"{""o3-run1"": 534.2140921409214, ""o3-run2"": 534.0056114269057}","{""o3-run1"": 1.0, ""o3-run2"": 1.0}"
o3,UTF8->String,Latin,1024,1153,1024,1024,swift-decoding,22,530.9970920403057,519.5150406504065,550.7113821138212,0.9941720607975844,swift-decoding,0.9941720607975844,swift-decoding,0.9941720607975844,"{""o3-run1"": 530.4378170014202, ""o3-run2"": 534.0306233062331}","{""o3-run1"": 0.9929311577604264, ""o3-run2"": 1.0000468382331424}"
o3,UTF8->String,Mixed,0,0,0,0,simdutf,22,10.294318536010355,10.019746723736986,10.552305530219103,1.0,swift-decoding,0.9506234886522804,swift-decoding,0.9506234886522804,"{""o3-run1"": 10.274036297030744, ""o3-run2"": 10.362391743752553}","{""o3-run1"": 1.0, ""o3-run2"": 1.0}"
o3,UTF8->String,Mixed,0,0,0,0,swift-decoding,22,9.786021,9.489916,9.955,0.9506234886522804,swift-decoding,0.9506234886522804,swift-decoding,0.9506234886522804,"{""o3-run1"": 9.688042, ""o3-run2"": 9.853916}","{""o3-run1"": 0.9429635753574181, ""o3-run2"": 0.9509306580636548}"
o3,UTF8->String,Mixed,7,7,7,7,simdutf,22,15.347024112295955,14.932162525905559,23.543833,1.0,swift-decoding,0.957881462014152,swift-decoding,0.957881462014152,"{""o3-run1"": 15.359625, ""o3-run2"": 15.33442322459191}","{""o3-run1"": 1.0, ""o3-run2"": 1.0}"
o3,UTF8->String,Mixed,7,7,7,7,swift-decoding,22,14.700629894252494,14.348625,15.592666,0.957881462014152,swift-decoding,0.957881462014152,swift-decoding,0.957881462014152,"{""o3-run1"": 14.645771745296077, ""o3-run2"": 14.844}","{""o3-run1"": 0.9535240440633204, ""o3-run2"": 0.9680181499226254}"
o3,UTF8->String,Mixed,16,23,16,16,simdutf,22,62.06641074856046,59.69203714270893,65.349898843181,1.0,swift-decoding,0.986523209696793,swift-decoding,0.986523209696793,"{""o3-run1"": 62.00697203921772, ""o3-run2"": 62.1258494579032}","{""o3-run1"": 1.0, ""o3-run2"": 1.0}"
o3,UTF8->String,Mixed,16,23,16,16,swift-decoding,22,61.22995474602939,60.00930825930826,94.12877137776047,0.986523209696793,swift-decoding,0.986523209696793,swift-decoding,0.986523209696793,"{""o3-run1"": 61.707249207249205, ""o3-run2"": 61.1458172108589}","{""o3-run1"": 0.9951663043346327, ""o3-run2"": 0.984225048742257}"
o3,UTF8->String,Mixed,128,218,128,116,simdutf,22,211.65432516055225,206.40279763916695,218.14414601804424,1.0,swift-decoding,0.9965762415438354,swift-decoding,0.9965762415438354,"{""o3-run1"": 209.95943943215204, ""o3-run2"": 214.6265047710668}","{""o3-run1"": 1.0, ""o3-run2"": 1.0}"
o3,UTF8->String,Mixed,128,218,128,116,swift-decoding,22,210.929671875,204.3801875,218.8828125,0.9965762415438354,swift-decoding,0.9965762415438354,swift-decoding,0.9965762415438354,"{""o3-run1"": 208.16796875, ""o3-run2"": 211.8854375}","{""o3-run1"": 0.991467539220922, ""o3-run2"": 0.9872286637012022}"
o3,UTF8->String,Mixed,1024,1790,1023,923,simdutf,22,1394.0986970866309,1322.5120316259884,1434.226394458622,1.0,swift-decoding,0.9961778433090536,swift-decoding,0.9961778433090536,"{""o3-run1"": 1373.8253695427982, ""o3-run2"": 1408.175355450237}","{""o3-run1"": 1.0, ""o3-run2"": 1.0}"
o3,UTF8->String,Mixed,1024,1790,1023,923,swift-decoding,22,1388.7702334237215,1316.517681370762,1448.1843240202513,0.9961778433090536,swift-decoding,0.9961778433090536,swift-decoding,0.9961778433090536,"{""o3-run1"": 1383.7342325920524, ""o3-run2"": 1396.5325332833302}","{""o3-run1"": 1.0072126074164374, ""o3-run2"": 0.9917319798831558}"
